Standard Commons Logging discovery in action with spring-jcl: please remove commons-logging.jar from classpath in order to avoid potential conflicts

  .   ____          _            __ _ _
 /\\ / ___'_ __ _ _(_)_ __  __ _ \ \ \ \
( ( )\___ | '_ | '_| | '_ \/ _` | \ \ \ \
 \\/  ___)| |_)| | | | | || (_| |  ) ) ) )
  '  |____| .__|_| |_|_| |_\__, | / / / /
 =========|_|==============|___/=/_/_/_/

 :: Spring Boot ::                (v3.4.1)

2026-09-05T18:13:13.907+08:00  INFO 90233 --- [fang123-backend] [           main] com.fang123.Fang123Application           : Starting Fang123Application v1.0.1-SNAPSHOT using Java 21.0.10 with PID 90233 (/Users/neo/neocode/fang123/backend/target/fang123-backend-1.0.1-SNAPSHOT.jar started by neo in /Users/neo/neocode/fang123/backend)
2026-09-05T18:13:13.908+08:00 DEBUG 90233 --- [fang123-backend] [           main] com.fang123.Fang123Application           : Running with Spring Boot v3.4.1, Spring v6.2.1
2026-09-05T18:13:13.909+08:00  INFO 90233 --- [fang123-backend] [           main] com.fang123.Fang123Application           : The following 1 profile is active: "dev"
2026-09-05T18:13:14.552+08:00  INFO 90233 --- [fang123-backend] [           main] o.s.b.w.embedded.tomcat.TomcatWebServer  : Tomcat initialized with port 8090 (http)
2026-09-05T18:13:14.560+08:00  INFO 90233 --- [fang123-backend] [           main] o.apache.catalina.core.StandardService   : Starting service [Tomcat]
2026-09-05T18:13:14.560+08:00  INFO 90233 --- [fang123-backend] [           main] o.apache.catalina.core.StandardEngine    : Starting Servlet engine: [Apache Tomcat/10.1.34]
2026-09-05T18:13:14.575+08:00  INFO 90233 --- [fang123-backend] [           main] o.a.c.c.C.[Tomcat].[localhost].[/]       : Initializing Spring embedded WebApplicationContext
2026-09-05T18:13:14.575+08:00  INFO 90233 --- [fang123-backend] [           main] w.s.c.ServletWebServerApplicationContext : Root WebApplicationContext: initialization completed in 645 ms
Standard Commons Logging discovery in action with spring-jcl: please remove commons-logging.jar from classpath in order to avoid potential conflicts
2026-09-05T18:13:14.608+08:00 DEBUG 90233 --- [fang123-backend] [           main] c.f.config.JwtAuthenticationFilter       : Filter 'jwtAuthenticationFilter' configured for use
 _ _   |_  _ _|_. ___ _ |    _ 
| | |\/|_)(_| | |_\  |_)||_|_\ 
     /               |         
                        3.5.7 
2026-09-05T18:13:15.049+08:00  INFO 90233 --- [fang123-backend] [           main] com.fang123.service.CosService           : COS 凭证检查: secretId 前缀=AKID691g..., region=ap-shanghai
2026-09-05T18:13:15.159+08:00 DEBUG 90233 --- [fang123-backend] [           main] com.fang123.service.CosService           : COS client initialized for bucket: neoimage-1251198067
2026-09-05T18:13:15.520+08:00  WARN 90233 --- [fang123-backend] [           main] .s.s.UserDetailsServiceAutoConfiguration : 

Using generated security password: 267b7a6f-c2ee-44cf-a663-b38f3dcb627e

This generated password is for development use only. Your security configuration must be updated before running your application in production.

2026-09-05T18:13:15.523+08:00  INFO 90233 --- [fang123-backend] [           main] r$InitializeUserDetailsManagerConfigurer : Global AuthenticationManager configured with UserDetailsService bean with name inMemoryUserDetailsManager
2026-09-05T18:13:15.636+08:00 DEBUG 90233 --- [fang123-backend] [           main] o.s.s.web.DefaultSecurityFilterChain     : Will secure any request with filters: DisableEncodeUrlFilter, WebAsyncManagerIntegrationFilter, SecurityContextHolderFilter, HeaderWriterFilter, LogoutFilter, JwtAuthenticationFilter, RequestCacheAwareFilter, SecurityContextHolderAwareRequestFilter, AnonymousAuthenticationFilter, SessionManagementFilter, ExceptionTranslationFilter, AuthorizationFilter
2026-09-05T18:13:15.769+08:00  INFO 90233 --- [fang123-backend] [           main] o.s.b.w.embedded.tomcat.TomcatWebServer  : Tomcat started on port 8090 (http) with context path '/'
2026-09-05T18:13:15.775+08:00  INFO 90233 --- [fang123-backend] [           main] com.fang123.Fang123Application           : Started Fang123Application in 2.1 seconds (process running for 2.364)
2026-09-05T18:14:37.749+08:00  INFO 90233 --- [fang123-backend] [nio-8090-exec-1] o.a.c.c.C.[Tomcat].[localhost].[/]       : Initializing Spring DispatcherServlet 'dispatcherServlet'
2026-09-05T18:14:37.750+08:00  INFO 90233 --- [fang123-backend] [nio-8090-exec-1] o.s.web.servlet.DispatcherServlet        : Initializing Servlet 'dispatcherServlet'
2026-09-05T18:14:37.757+08:00  INFO 90233 --- [fang123-backend] [nio-8090-exec-1] o.s.web.servlet.DispatcherServlet        : Completed initialization in 7 ms
2026-09-05T18:14:37.773+08:00 DEBUG 90233 --- [fang123-backend] [nio-8090-exec-1] o.s.security.web.FilterChainProxy        : Securing GET /api/admin/medias?page=1&size=10
2026-09-05T18:14:37.862+08:00 DEBUG 90233 --- [fang123-backend] [nio-8090-exec-1] o.s.security.web.FilterChainProxy        : Secured GET /api/admin/medias?page=1&size=10
2026-09-05T18:14:37.946+08:00  INFO 90233 --- [fang123-backend] [nio-8090-exec-1] com.zaxxer.hikari.HikariDataSource       : HikariPool-1 - Starting...
2026-09-05T18:14:38.085+08:00  INFO 90233 --- [fang123-backend] [nio-8090-exec-1] com.zaxxer.hikari.pool.HikariPool        : HikariPool-1 - Added connection com.mysql.cj.jdbc.ConnectionImpl@b1070aa
2026-09-05T18:14:38.086+08:00  INFO 90233 --- [fang123-backend] [nio-8090-exec-1] com.zaxxer.hikari.HikariDataSource       : HikariPool-1 - Start completed.
2026-09-05T18:14:38.090+08:00 DEBUG 90233 --- [fang123-backend] [nio-8090-exec-1] c.f.m.L.selectList_mpCount               : ==>  Preparing: SELECT COUNT(*) AS total FROM loupan_media WHERE deleted = 0
2026-09-05T18:14:38.101+08:00 DEBUG 90233 --- [fang123-backend] [nio-8090-exec-1] c.f.m.L.selectList_mpCount               : ==> Parameters: 
2026-09-05T18:14:38.129+08:00 DEBUG 90233 --- [fang123-backend] [nio-8090-exec-1] c.f.m.L.selectList_mpCount               : <==      Total: 1
2026-09-05T18:14:38.132+08:00 DEBUG 90233 --- [fang123-backend] [nio-8090-exec-1] c.f.mapper.LoupanMediaMapper.selectList  : ==>  Preparing: SELECT id,loupan_id,huxing_id,media_type,media_url,media_title,sort,deleted,create_time FROM loupan_media WHERE deleted=0 ORDER BY id DESC LIMIT ?
2026-09-05T18:14:38.133+08:00 DEBUG 90233 --- [fang123-backend] [nio-8090-exec-1] c.f.mapper.LoupanMediaMapper.selectList  : ==> Parameters: 10(Long)
2026-09-05T18:14:38.136+08:00 DEBUG 90233 --- [fang123-backend] [nio-8090-exec-1] c.f.mapper.LoupanMediaMapper.selectList  : <==      Total: 10
2026-09-05T18:14:52.258+08:00 DEBUG 90233 --- [fang123-backend] [nio-8090-exec-2] o.s.security.web.FilterChainProxy        : Securing POST /api/admin/medias/upload
2026-09-05T18:14:52.265+08:00 DEBUG 90233 --- [fang123-backend] [nio-8090-exec-2] o.s.security.web.FilterChainProxy        : Secured POST /api/admin/medias/upload
2026-09-05T18:14:53.737+08:00 DEBUG 90233 --- [fang123-backend] [nio-8090-exec-2] com.fang123.service.CosService           : File uploaded: key=media/loupan/70f83823220743f5a072b18762a40a96.mp4, size=6741256
2026-09-05T18:14:59.051+08:00 DEBUG 90233 --- [fang123-backend] [nio-8090-exec-3] o.s.security.web.FilterChainProxy        : Securing POST /api/admin/medias
2026-09-05T18:14:59.055+08:00 DEBUG 90233 --- [fang123-backend] [nio-8090-exec-3] o.s.security.web.FilterChainProxy        : Secured POST /api/admin/medias
2026-09-05T18:14:59.100+08:00 DEBUG 90233 --- [fang123-backend] [nio-8090-exec-3] c.f.mapper.LoupanMediaMapper.insert      : ==>  Preparing: INSERT INTO loupan_media ( loupan_id, media_type, media_url, media_title, sort, create_time ) VALUES ( ?, ?, ?, ?, ?, ? )
2026-09-05T18:14:59.105+08:00 DEBUG 90233 --- [fang123-backend] [nio-8090-exec-3] c.f.mapper.LoupanMediaMapper.insert      : ==> Parameters: 2(Long), 5(Integer), https://neoimage-1251198067.cos.ap-shanghai.myqcloud.com/media/loupan/70f83823220743f5a072b18762a40a96.mp4(String), (String), 0(Integer), 2026-09-05T18:14:59.097930(LocalDateTime)
2026-09-05T18:14:59.135+08:00 DEBUG 90233 --- [fang123-backend] [nio-8090-exec-3] c.f.mapper.LoupanMediaMapper.insert      : <==    Updates: 1
2026-09-05T18:14:59.159+08:00 DEBUG 90233 --- [fang123-backend] [nio-8090-exec-4] o.s.security.web.FilterChainProxy        : Securing GET /api/admin/medias?page=1&size=10
2026-09-05T18:14:59.161+08:00 DEBUG 90233 --- [fang123-backend] [nio-8090-exec-4] o.s.security.web.FilterChainProxy        : Secured GET /api/admin/medias?page=1&size=10
2026-09-05T18:14:59.170+08:00 DEBUG 90233 --- [fang123-backend] [nio-8090-exec-4] c.f.m.L.selectList_mpCount               : ==>  Preparing: SELECT COUNT(*) AS total FROM loupan_media WHERE deleted = 0
2026-09-05T18:14:59.170+08:00 DEBUG 90233 --- [fang123-backend] [nio-8090-exec-4] c.f.m.L.selectList_mpCount               : ==> Parameters: 
2026-09-05T18:14:59.173+08:00 DEBUG 90233 --- [fang123-backend] [nio-8090-exec-4] c.f.m.L.selectList_mpCount               : <==      Total: 1
2026-09-05T18:14:59.181+08:00 DEBUG 90233 --- [fang123-backend] [nio-8090-exec-4] c.f.mapper.LoupanMediaMapper.selectList  : ==>  Preparing: SELECT id,loupan_id,huxing_id,media_type,media_url,media_title,sort,deleted,create_time FROM loupan_media WHERE deleted=0 ORDER BY id DESC LIMIT ?
2026-09-05T18:14:59.181+08:00 DEBUG 90233 --- [fang123-backend] [nio-8090-exec-4] c.f.mapper.LoupanMediaMapper.selectList  : ==> Parameters: 10(Long)
2026-09-05T18:14:59.187+08:00 DEBUG 90233 --- [fang123-backend] [nio-8090-exec-4] c.f.mapper.LoupanMediaMapper.selectList  : <==      Total: 10
2026-09-05T18:15:42.041+08:00 DEBUG 90233 --- [fang123-backend] [nio-8090-exec-5] o.s.security.web.FilterChainProxy        : Securing GET /api/public/loupan-filters
2026-09-05T18:15:42.041+08:00 DEBUG 90233 --- [fang123-backend] [nio-8090-exec-6] o.s.security.web.FilterChainProxy        : Securing GET /api/public/loupans?page=1&size=12&salesStatus=1
2026-09-05T18:15:42.083+08:00 DEBUG 90233 --- [fang123-backend] [nio-8090-exec-6] o.s.s.w.a.AnonymousAuthenticationFilter  : Set SecurityContextHolder to anonymous SecurityContext
2026-09-05T18:15:42.083+08:00 DEBUG 90233 --- [fang123-backend] [nio-8090-exec-5] o.s.s.w.a.AnonymousAuthenticationFilter  : Set SecurityContextHolder to anonymous SecurityContext
2026-09-05T18:15:42.084+08:00 DEBUG 90233 --- [fang123-backend] [nio-8090-exec-5] o.s.security.web.FilterChainProxy        : Secured GET /api/public/loupan-filters
2026-09-05T18:15:42.084+08:00 DEBUG 90233 --- [fang123-backend] [nio-8090-exec-6] o.s.security.web.FilterChainProxy        : Secured GET /api/public/loupans?page=1&size=12&salesStatus=1
2026-09-05T18:15:42.102+08:00 DEBUG 90233 --- [fang123-backend] [nio-8090-exec-5] c.f.mapper.LoupanMapper.selectList       : ==>  Preparing: SELECT id,land_id,land_no,cover_image,project_name,short_name,district,plate,avg_unit_price,avg_unit_price_yangfang,avg_unit_price_dieshu,avg_unit_price_paiwu,min_total_price,max_total_price,price_tag,sales_address,sales_status,sales_tel,project_address,show_house_desc,delivery_date,floor_height_min,floor_height_max,building_total,floor_min,floor_max,area_min,area_max,decorate_type,property_right_year,house_type,community_facility,people_car_separate,property_fee_high,property_fee_villa,property_company,park_total,park_sell_num,park_ratio,facade_material,self_hold_rate,build_area,land_area,house_total,plot_ratio,green_rate,project_company,brand_list,land_price,land_unit_price,land_buy_date,edu_support,traffic_support,medical_support,business_support,view_support,longitude,latitude,sort,deleted,create_time,update_time FROM loupan WHERE deleted=0
2026-09-05T18:15:42.103+08:00 DEBUG 90233 --- [fang123-backend] [nio-8090-exec-5] c.f.mapper.LoupanMapper.selectList       : ==> Parameters: 
2026-09-05T18:15:42.106+08:00 DEBUG 90233 --- [fang123-backend] [nio-8090-exec-6] c.f.m.LoupanMapper.selectList_mpCount    : ==>  Preparing: SELECT COUNT(*) AS total FROM loupan WHERE deleted = 0 AND (sales_status IN (?))
2026-09-05T18:15:42.106+08:00 DEBUG 90233 --- [fang123-backend] [nio-8090-exec-6] c.f.m.LoupanMapper.selectList_mpCount    : ==> Parameters: 1(Integer)
2026-09-05T18:15:42.153+08:00 DEBUG 90233 --- [fang123-backend] [nio-8090-exec-6] c.f.m.LoupanMapper.selectList_mpCount    : <==      Total: 1
2026-09-05T18:15:42.158+08:00 DEBUG 90233 --- [fang123-backend] [nio-8090-exec-5] c.f.mapper.LoupanMapper.selectList       : <==      Total: 3
2026-09-05T18:15:43.706+08:00 DEBUG 90233 --- [fang123-backend] [nio-8090-exec-7] o.s.security.web.FilterChainProxy        : Securing GET /api/public/loupans?page=1&size=12&salesStatus=1
2026-09-05T18:15:43.706+08:00 DEBUG 90233 --- [fang123-backend] [nio-8090-exec-8] o.s.security.web.FilterChainProxy        : Securing GET /api/public/loupan-filters
2026-09-05T18:15:43.710+08:00 DEBUG 90233 --- [fang123-backend] [nio-8090-exec-7] o.s.s.w.a.AnonymousAuthenticationFilter  : Set SecurityContextHolder to anonymous SecurityContext
2026-09-05T18:15:43.710+08:00 DEBUG 90233 --- [fang123-backend] [nio-8090-exec-7] o.s.security.web.FilterChainProxy        : Secured GET /api/public/loupans?page=1&size=12&salesStatus=1
2026-09-05T18:15:43.711+08:00 DEBUG 90233 --- [fang123-backend] [nio-8090-exec-8] o.s.s.w.a.AnonymousAuthenticationFilter  : Set SecurityContextHolder to anonymous SecurityContext
2026-09-05T18:15:43.712+08:00 DEBUG 90233 --- [fang123-backend] [nio-8090-exec-8] o.s.security.web.FilterChainProxy        : Secured GET /api/public/loupan-filters
2026-09-05T18:15:43.714+08:00 DEBUG 90233 --- [fang123-backend] [nio-8090-exec-8] c.f.mapper.LoupanMapper.selectList       : ==>  Preparing: SELECT id,land_id,land_no,cover_image,project_name,short_name,district,plate,avg_unit_price,avg_unit_price_yangfang,avg_unit_price_dieshu,avg_unit_price_paiwu,min_total_price,max_total_price,price_tag,sales_address,sales_status,sales_tel,project_address,show_house_desc,delivery_date,floor_height_min,floor_height_max,building_total,floor_min,floor_max,area_min,area_max,decorate_type,property_right_year,house_type,community_facility,people_car_separate,property_fee_high,property_fee_villa,property_company,park_total,park_sell_num,park_ratio,facade_material,self_hold_rate,build_area,land_area,house_total,plot_ratio,green_rate,project_company,brand_list,land_price,land_unit_price,land_buy_date,edu_support,traffic_support,medical_support,business_support,view_support,longitude,latitude,sort,deleted,create_time,update_time FROM loupan WHERE deleted=0
2026-09-05T18:15:43.715+08:00 DEBUG 90233 --- [fang123-backend] [nio-8090-exec-8] c.f.mapper.LoupanMapper.selectList       : ==> Parameters: 
2026-09-05T18:15:43.721+08:00 DEBUG 90233 --- [fang123-backend] [nio-8090-exec-8] c.f.mapper.LoupanMapper.selectList       : <==      Total: 3
2026-09-05T18:15:43.722+08:00 DEBUG 90233 --- [fang123-backend] [nio-8090-exec-7] c.f.m.LoupanMapper.selectList_mpCount    : ==>  Preparing: SELECT COUNT(*) AS total FROM loupan WHERE deleted = 0 AND (sales_status IN (?))
2026-09-05T18:15:43.722+08:00 DEBUG 90233 --- [fang123-backend] [nio-8090-exec-7] c.f.m.LoupanMapper.selectList_mpCount    : ==> Parameters: 1(Integer)
2026-09-05T18:15:43.723+08:00 DEBUG 90233 --- [fang123-backend] [nio-8090-exec-7] c.f.m.LoupanMapper.selectList_mpCount    : <==      Total: 1
2026-09-05T18:15:44.126+08:00 DEBUG 90233 --- [fang123-backend] [io-8090-exec-10] o.s.security.web.FilterChainProxy        : Securing GET /api/public/loupan-filters
2026-09-05T18:15:44.126+08:00 DEBUG 90233 --- [fang123-backend] [nio-8090-exec-9] o.s.security.web.FilterChainProxy        : Securing GET /api/public/loupans?page=1&size=10&salesStatus=2,3
2026-09-05T18:15:44.132+08:00 DEBUG 90233 --- [fang123-backend] [nio-8090-exec-9] o.s.s.w.a.AnonymousAuthenticationFilter  : Set SecurityContextHolder to anonymous SecurityContext
2026-09-05T18:15:44.132+08:00 DEBUG 90233 --- [fang123-backend] [io-8090-exec-10] o.s.s.w.a.AnonymousAuthenticationFilter  : Set SecurityContextHolder to anonymous SecurityContext
2026-09-05T18:15:44.132+08:00 DEBUG 90233 --- [fang123-backend] [nio-8090-exec-9] o.s.security.web.FilterChainProxy        : Secured GET /api/public/loupans?page=1&size=10&salesStatus=2,3
2026-09-05T18:15:44.133+08:00 DEBUG 90233 --- [fang123-backend] [io-8090-exec-10] o.s.security.web.FilterChainProxy        : Secured GET /api/public/loupan-filters
2026-09-05T18:15:44.135+08:00 DEBUG 90233 --- [fang123-backend] [io-8090-exec-10] c.f.mapper.LoupanMapper.selectList       : ==>  Preparing: SELECT id,land_id,land_no,cover_image,project_name,short_name,district,plate,avg_unit_price,avg_unit_price_yangfang,avg_unit_price_dieshu,avg_unit_price_paiwu,min_total_price,max_total_price,price_tag,sales_address,sales_status,sales_tel,project_address,show_house_desc,delivery_date,floor_height_min,floor_height_max,building_total,floor_min,floor_max,area_min,area_max,decorate_type,property_right_year,house_type,community_facility,people_car_separate,property_fee_high,property_fee_villa,property_company,park_total,park_sell_num,park_ratio,facade_material,self_hold_rate,build_area,land_area,house_total,plot_ratio,green_rate,project_company,brand_list,land_price,land_unit_price,land_buy_date,edu_support,traffic_support,medical_support,business_support,view_support,longitude,latitude,sort,deleted,create_time,update_time FROM loupan WHERE deleted=0
2026-09-05T18:15:44.159+08:00 DEBUG 90233 --- [fang123-backend] [io-8090-exec-10] c.f.mapper.LoupanMapper.selectList       : ==> Parameters: 
2026-09-05T18:15:44.163+08:00 DEBUG 90233 --- [fang123-backend] [io-8090-exec-10] c.f.mapper.LoupanMapper.selectList       : <==      Total: 3
2026-09-05T18:15:44.163+08:00 DEBUG 90233 --- [fang123-backend] [nio-8090-exec-9] c.f.m.LoupanMapper.selectList_mpCount    : ==>  Preparing: SELECT COUNT(*) AS total FROM loupan WHERE deleted = 0 AND (sales_status IN (?, ?))
2026-09-05T18:15:44.164+08:00 DEBUG 90233 --- [fang123-backend] [nio-8090-exec-9] c.f.m.LoupanMapper.selectList_mpCount    : ==> Parameters: 2(Integer), 3(Integer)
2026-09-05T18:15:44.166+08:00 DEBUG 90233 --- [fang123-backend] [nio-8090-exec-9] c.f.m.LoupanMapper.selectList_mpCount    : <==      Total: 1
2026-09-05T18:15:44.166+08:00 DEBUG 90233 --- [fang123-backend] [nio-8090-exec-9] c.f.mapper.LoupanMapper.selectList       : ==>  Preparing: SELECT id,land_id,land_no,cover_image,project_name,short_name,district,plate,avg_unit_price,avg_unit_price_yangfang,avg_unit_price_dieshu,avg_unit_price_paiwu,min_total_price,max_total_price,price_tag,sales_address,sales_status,sales_tel,project_address,show_house_desc,delivery_date,floor_height_min,floor_height_max,building_total,floor_min,floor_max,area_min,area_max,decorate_type,property_right_year,house_type,community_facility,people_car_separate,property_fee_high,property_fee_villa,property_company,park_total,park_sell_num,park_ratio,facade_material,self_hold_rate,build_area,land_area,house_total,plot_ratio,green_rate,project_company,brand_list,land_price,land_unit_price,land_buy_date,edu_support,traffic_support,medical_support,business_support,view_support,longitude,latitude,sort,deleted,create_time,update_time FROM loupan WHERE deleted=0 AND (sales_status IN (?,?)) ORDER BY sort DESC,create_time DESC LIMIT ?
2026-09-05T18:15:44.167+08:00 DEBUG 90233 --- [fang123-backend] [nio-8090-exec-9] c.f.mapper.LoupanMapper.selectList       : ==> Parameters: 2(Integer), 3(Integer), 10(Long)
2026-09-05T18:15:44.171+08:00 DEBUG 90233 --- [fang123-backend] [nio-8090-exec-9] c.f.mapper.LoupanMapper.selectList       : <==      Total: 2
2026-09-05T18:15:44.184+08:00 DEBUG 90233 --- [fang123-backend] [nio-8090-exec-1] o.s.security.web.FilterChainProxy        : Securing GET /api/public/loupans/huxings/batch?loupanIds=2,1
2026-09-05T18:15:44.185+08:00 DEBUG 90233 --- [fang123-backend] [nio-8090-exec-1] o.s.s.w.a.AnonymousAuthenticationFilter  : Set SecurityContextHolder to anonymous SecurityContext
2026-09-05T18:15:44.185+08:00 DEBUG 90233 --- [fang123-backend] [nio-8090-exec-1] o.s.security.web.FilterChainProxy        : Secured GET /api/public/loupans/huxings/batch?loupanIds=2,1
2026-09-05T18:15:44.187+08:00 DEBUG 90233 --- [fang123-backend] [nio-8090-exec-1] c.f.m.LoupanHuxingMapper.selectList      : ==>  Preparing: SELECT id,loupan_id,huxing_name,area,inside_area,inside_area_with_gift,room_num,hall_num,toilet_num,balcony_num,orientation,floor_type,unit_price,total_price_start,total_price_end,is_show_house,tag,sort,huxing_image,standard_huxing_image,deleted,create_time,update_time FROM loupan_huxing WHERE deleted=0 AND (loupan_id = ?) ORDER BY area DESC
2026-09-05T18:15:44.188+08:00 DEBUG 90233 --- [fang123-backend] [nio-8090-exec-1] c.f.m.LoupanHuxingMapper.selectList      : ==> Parameters: 2(Long)
2026-09-05T18:15:44.193+08:00 DEBUG 90233 --- [fang123-backend] [nio-8090-exec-1] c.f.m.LoupanHuxingMapper.selectList      : <==      Total: 0
2026-09-05T18:15:44.193+08:00 DEBUG 90233 --- [fang123-backend] [nio-8090-exec-1] c.f.m.LoupanHuxingMapper.selectList      : ==>  Preparing: SELECT id,loupan_id,huxing_name,area,inside_area,inside_area_with_gift,room_num,hall_num,toilet_num,balcony_num,orientation,floor_type,unit_price,total_price_start,total_price_end,is_show_house,tag,sort,huxing_image,standard_huxing_image,deleted,create_time,update_time FROM loupan_huxing WHERE deleted=0 AND (loupan_id = ?) ORDER BY area DESC
2026-09-05T18:15:44.194+08:00 DEBUG 90233 --- [fang123-backend] [nio-8090-exec-1] c.f.m.LoupanHuxingMapper.selectList      : ==> Parameters: 1(Long)
2026-09-05T18:15:44.197+08:00 DEBUG 90233 --- [fang123-backend] [nio-8090-exec-1] c.f.m.LoupanHuxingMapper.selectList      : <==      Total: 5
2026-09-05T18:15:44.467+08:00 DEBUG 90233 --- [fang123-backend] [nio-8090-exec-3] o.s.security.web.FilterChainProxy        : Securing GET /api/public/loupan-filters
2026-09-05T18:15:44.466+08:00 DEBUG 90233 --- [fang123-backend] [nio-8090-exec-2] o.s.security.web.FilterChainProxy        : Securing GET /api/public/loupans?page=1&size=10&salesStatus=2,3
2026-09-05T18:15:44.469+08:00 DEBUG 90233 --- [fang123-backend] [nio-8090-exec-3] o.s.s.w.a.AnonymousAuthenticationFilter  : Set SecurityContextHolder to anonymous SecurityContext
2026-09-05T18:15:44.469+08:00 DEBUG 90233 --- [fang123-backend] [nio-8090-exec-2] o.s.s.w.a.AnonymousAuthenticationFilter  : Set SecurityContextHolder to anonymous SecurityContext
2026-09-05T18:15:44.469+08:00 DEBUG 90233 --- [fang123-backend] [nio-8090-exec-3] o.s.security.web.FilterChainProxy        : Secured GET /api/public/loupan-filters
2026-09-05T18:15:44.469+08:00 DEBUG 90233 --- [fang123-backend] [nio-8090-exec-2] o.s.security.web.FilterChainProxy        : Secured GET /api/public/loupans?page=1&size=10&salesStatus=2,3
2026-09-05T18:15:44.470+08:00 DEBUG 90233 --- [fang123-backend] [nio-8090-exec-3] c.f.mapper.LoupanMapper.selectList       : ==>  Preparing: SELECT id,land_id,land_no,cover_image,project_name,short_name,district,plate,avg_unit_price,avg_unit_price_yangfang,avg_unit_price_dieshu,avg_unit_price_paiwu,min_total_price,max_total_price,price_tag,sales_address,sales_status,sales_tel,project_address,show_house_desc,delivery_date,floor_height_min,floor_height_max,building_total,floor_min,floor_max,area_min,area_max,decorate_type,property_right_year,house_type,community_facility,people_car_separate,property_fee_high,property_fee_villa,property_company,park_total,park_sell_num,park_ratio,facade_material,self_hold_rate,build_area,land_area,house_total,plot_ratio,green_rate,project_company,brand_list,land_price,land_unit_price,land_buy_date,edu_support,traffic_support,medical_support,business_support,view_support,longitude,latitude,sort,deleted,create_time,update_time FROM loupan WHERE deleted=0
2026-09-05T18:15:44.471+08:00 DEBUG 90233 --- [fang123-backend] [nio-8090-exec-3] c.f.mapper.LoupanMapper.selectList       : ==> Parameters: 
2026-09-05T18:15:44.479+08:00 DEBUG 90233 --- [fang123-backend] [nio-8090-exec-2] c.f.m.LoupanMapper.selectList_mpCount    : ==>  Preparing: SELECT COUNT(*) AS total FROM loupan WHERE deleted = 0 AND (sales_status IN (?, ?))
2026-09-05T18:15:44.480+08:00 DEBUG 90233 --- [fang123-backend] [nio-8090-exec-2] c.f.m.LoupanMapper.selectList_mpCount    : ==> Parameters: 2(Integer), 3(Integer)
2026-09-05T18:15:44.480+08:00 DEBUG 90233 --- [fang123-backend] [nio-8090-exec-3] c.f.mapper.LoupanMapper.selectList       : <==      Total: 3
2026-09-05T18:15:44.482+08:00 DEBUG 90233 --- [fang123-backend] [nio-8090-exec-2] c.f.m.LoupanMapper.selectList_mpCount    : <==      Total: 1
2026-09-05T18:15:44.482+08:00 DEBUG 90233 --- [fang123-backend] [nio-8090-exec-2] c.f.mapper.LoupanMapper.selectList       : ==>  Preparing: SELECT id,land_id,land_no,cover_image,project_name,short_name,district,plate,avg_unit_price,avg_unit_price_yangfang,avg_unit_price_dieshu,avg_unit_price_paiwu,min_total_price,max_total_price,price_tag,sales_address,sales_status,sales_tel,project_address,show_house_desc,delivery_date,floor_height_min,floor_height_max,building_total,floor_min,floor_max,area_min,area_max,decorate_type,property_right_year,house_type,community_facility,people_car_separate,property_fee_high,property_fee_villa,property_company,park_total,park_sell_num,park_ratio,facade_material,self_hold_rate,build_area,land_area,house_total,plot_ratio,green_rate,project_company,brand_list,land_price,land_unit_price,land_buy_date,edu_support,traffic_support,medical_support,business_support,view_support,longitude,latitude,sort,deleted,create_time,update_time FROM loupan WHERE deleted=0 AND (sales_status IN (?,?)) ORDER BY sort DESC,create_time DESC LIMIT ?
2026-09-05T18:15:44.483+08:00 DEBUG 90233 --- [fang123-backend] [nio-8090-exec-2] c.f.mapper.LoupanMapper.selectList       : ==> Parameters: 2(Integer), 3(Integer), 10(Long)
2026-09-05T18:15:44.485+08:00 DEBUG 90233 --- [fang123-backend] [nio-8090-exec-2] c.f.mapper.LoupanMapper.selectList       : <==      Total: 2
2026-09-05T18:15:44.490+08:00 DEBUG 90233 --- [fang123-backend] [nio-8090-exec-4] o.s.security.web.FilterChainProxy        : Securing GET /api/public/loupans/huxings/batch?loupanIds=2,1
2026-09-05T18:15:44.491+08:00 DEBUG 90233 --- [fang123-backend] [nio-8090-exec-4] o.s.s.w.a.AnonymousAuthenticationFilter  : Set SecurityContextHolder to anonymous SecurityContext
2026-09-05T18:15:44.491+08:00 DEBUG 90233 --- [fang123-backend] [nio-8090-exec-4] o.s.security.web.FilterChainProxy        : Secured GET /api/public/loupans/huxings/batch?loupanIds=2,1
2026-09-05T18:15:44.492+08:00 DEBUG 90233 --- [fang123-backend] [nio-8090-exec-4] c.f.m.LoupanHuxingMapper.selectList      : ==>  Preparing: SELECT id,loupan_id,huxing_name,area,inside_area,inside_area_with_gift,room_num,hall_num,toilet_num,balcony_num,orientation,floor_type,unit_price,total_price_start,total_price_end,is_show_house,tag,sort,huxing_image,standard_huxing_image,deleted,create_time,update_time FROM loupan_huxing WHERE deleted=0 AND (loupan_id = ?) ORDER BY area DESC
2026-09-05T18:15:44.493+08:00 DEBUG 90233 --- [fang123-backend] [nio-8090-exec-4] c.f.m.LoupanHuxingMapper.selectList      : ==> Parameters: 2(Long)
2026-09-05T18:15:44.493+08:00 DEBUG 90233 --- [fang123-backend] [nio-8090-exec-4] c.f.m.LoupanHuxingMapper.selectList      : <==      Total: 0
2026-09-05T18:15:44.494+08:00 DEBUG 90233 --- [fang123-backend] [nio-8090-exec-4] c.f.m.LoupanHuxingMapper.selectList      : ==>  Preparing: SELECT id,loupan_id,huxing_name,area,inside_area,inside_area_with_gift,room_num,hall_num,toilet_num,balcony_num,orientation,floor_type,unit_price,total_price_start,total_price_end,is_show_house,tag,sort,huxing_image,standard_huxing_image,deleted,create_time,update_time FROM loupan_huxing WHERE deleted=0 AND (loupan_id = ?) ORDER BY area DESC
2026-09-05T18:15:44.494+08:00 DEBUG 90233 --- [fang123-backend] [nio-8090-exec-4] c.f.m.LoupanHuxingMapper.selectList      : ==> Parameters: 1(Long)
2026-09-05T18:15:44.496+08:00 DEBUG 90233 --- [fang123-backend] [nio-8090-exec-4] c.f.m.LoupanHuxingMapper.selectList      : <==      Total: 5
2026-09-05T18:15:46.709+08:00 DEBUG 90233 --- [fang123-backend] [nio-8090-exec-6] o.s.security.web.FilterChainProxy        : Securing GET /api/public/loupans/KjtcfZ4fS2w
2026-09-05T18:15:46.710+08:00 DEBUG 90233 --- [fang123-backend] [nio-8090-exec-6] o.s.s.w.a.AnonymousAuthenticationFilter  : Set SecurityContextHolder to anonymous SecurityContext
2026-09-05T18:15:46.711+08:00 DEBUG 90233 --- [fang123-backend] [nio-8090-exec-6] o.s.security.web.FilterChainProxy        : Secured GET /api/public/loupans/KjtcfZ4fS2w
2026-09-05T18:15:46.714+08:00 DEBUG 90233 --- [fang123-backend] [nio-8090-exec-6] c.f.mapper.LoupanMapper.selectById       : ==>  Preparing: SELECT id,land_id,land_no,cover_image,project_name,short_name,district,plate,avg_unit_price,avg_unit_price_yangfang,avg_unit_price_dieshu,avg_unit_price_paiwu,min_total_price,max_total_price,price_tag,sales_address,sales_status,sales_tel,project_address,show_house_desc,delivery_date,floor_height_min,floor_height_max,building_total,floor_min,floor_max,area_min,area_max,decorate_type,property_right_year,house_type,community_facility,people_car_separate,property_fee_high,property_fee_villa,property_company,park_total,park_sell_num,park_ratio,facade_material,self_hold_rate,build_area,land_area,house_total,plot_ratio,green_rate,project_company,brand_list,land_price,land_unit_price,land_buy_date,edu_support,traffic_support,medical_support,business_support,view_support,longitude,latitude,sort,deleted,create_time,update_time FROM loupan WHERE id=? AND deleted=0
2026-09-05T18:15:46.714+08:00 DEBUG 90233 --- [fang123-backend] [nio-8090-exec-6] c.f.mapper.LoupanMapper.selectById       : ==> Parameters: 1(Long)
2026-09-05T18:15:46.718+08:00 DEBUG 90233 --- [fang123-backend] [nio-8090-exec-6] c.f.mapper.LoupanMapper.selectById       : <==      Total: 1
2026-09-05T18:15:46.773+08:00 DEBUG 90233 --- [fang123-backend] [nio-8090-exec-5] o.s.security.web.FilterChainProxy        : Securing GET /api/public/loupans/KjtcfZ4fS2w/huxings
2026-09-05T18:15:46.773+08:00 DEBUG 90233 --- [fang123-backend] [nio-8090-exec-8] o.s.security.web.FilterChainProxy        : Securing GET /api/public/loupans/KjtcfZ4fS2w/presale-permits
2026-09-05T18:15:46.774+08:00 DEBUG 90233 --- [fang123-backend] [nio-8090-exec-7] o.s.security.web.FilterChainProxy        : Securing GET /api/public/loupans/KjtcfZ4fS2w/medias
2026-09-05T18:15:46.775+08:00 DEBUG 90233 --- [fang123-backend] [nio-8090-exec-7] o.s.s.w.a.AnonymousAuthenticationFilter  : Set SecurityContextHolder to anonymous SecurityContext
2026-09-05T18:15:46.776+08:00 DEBUG 90233 --- [fang123-backend] [nio-8090-exec-7] o.s.security.web.FilterChainProxy        : Secured GET /api/public/loupans/KjtcfZ4fS2w/medias
2026-09-05T18:15:46.776+08:00 DEBUG 90233 --- [fang123-backend] [nio-8090-exec-5] o.s.s.w.a.AnonymousAuthenticationFilter  : Set SecurityContextHolder to anonymous SecurityContext
2026-09-05T18:15:46.777+08:00 DEBUG 90233 --- [fang123-backend] [nio-8090-exec-5] o.s.security.web.FilterChainProxy        : Secured GET /api/public/loupans/KjtcfZ4fS2w/huxings
2026-09-05T18:15:46.778+08:00 DEBUG 90233 --- [fang123-backend] [nio-8090-exec-8] o.s.s.w.a.AnonymousAuthenticationFilter  : Set SecurityContextHolder to anonymous SecurityContext
2026-09-05T18:15:46.778+08:00 DEBUG 90233 --- [fang123-backend] [nio-8090-exec-8] o.s.security.web.FilterChainProxy        : Secured GET /api/public/loupans/KjtcfZ4fS2w/presale-permits
2026-09-05T18:15:46.780+08:00 DEBUG 90233 --- [fang123-backend] [nio-8090-exec-7] c.f.mapper.LoupanMediaMapper.selectList  : ==>  Preparing: SELECT id,loupan_id,huxing_id,media_type,media_url,media_title,sort,deleted,create_time FROM loupan_media WHERE deleted=0 AND (loupan_id = ?) ORDER BY sort ASC
2026-09-05T18:15:46.780+08:00 DEBUG 90233 --- [fang123-backend] [nio-8090-exec-5] c.f.m.LoupanHuxingMapper.selectList      : ==>  Preparing: SELECT id,loupan_id,huxing_name,area,inside_area,inside_area_with_gift,room_num,hall_num,toilet_num,balcony_num,orientation,floor_type,unit_price,total_price_start,total_price_end,is_show_house,tag,sort,huxing_image,standard_huxing_image,deleted,create_time,update_time FROM loupan_huxing WHERE deleted=0 AND (loupan_id = ?) ORDER BY sort ASC
2026-09-05T18:15:46.781+08:00 DEBUG 90233 --- [fang123-backend] [nio-8090-exec-7] c.f.mapper.LoupanMediaMapper.selectList  : ==> Parameters: 1(Long)
2026-09-05T18:15:46.781+08:00 DEBUG 90233 --- [fang123-backend] [nio-8090-exec-5] c.f.m.LoupanHuxingMapper.selectList      : ==> Parameters: 1(Long)
2026-09-05T18:15:46.782+08:00 DEBUG 90233 --- [fang123-backend] [nio-8090-exec-8] c.f.m.L.selectList                       : ==>  Preparing: SELECT id,loupan_id,project_name,publicity_date,issue_date,develop_company,location,sale_address,sale_phone,online_sale_area,permit_no,permit_no_str,deleted,create_time,update_time FROM loupan_presale_permit WHERE deleted=0 AND (loupan_id = ?) ORDER BY issue_date DESC
2026-09-05T18:15:46.783+08:00 DEBUG 90233 --- [fang123-backend] [nio-8090-exec-8] c.f.m.L.selectList                       : ==> Parameters: 1(Long)
2026-09-05T18:15:46.783+08:00 DEBUG 90233 --- [fang123-backend] [nio-8090-exec-7] c.f.mapper.LoupanMediaMapper.selectList  : <==      Total: 3
2026-09-05T18:15:46.784+08:00 DEBUG 90233 --- [fang123-backend] [nio-8090-exec-5] c.f.m.LoupanHuxingMapper.selectList      : <==      Total: 5
2026-09-05T18:15:46.853+08:00 DEBUG 90233 --- [fang123-backend] [nio-8090-exec-8] c.f.m.L.selectList                       : <==      Total: 2
2026-09-05T18:15:49.343+08:00 DEBUG 90233 --- [fang123-backend] [nio-8090-exec-9] o.s.security.web.FilterChainProxy        : Securing GET /api/public/loupans/KjtcfZ4fS2w/medias
2026-09-05T18:15:49.344+08:00 DEBUG 90233 --- [fang123-backend] [io-8090-exec-10] o.s.security.web.FilterChainProxy        : Securing GET /api/public/loupans/KjtcfZ4fS2w
2026-09-05T18:15:49.347+08:00 DEBUG 90233 --- [fang123-backend] [io-8090-exec-10] o.s.s.w.a.AnonymousAuthenticationFilter  : Set SecurityContextHolder to anonymous SecurityContext
2026-09-05T18:15:49.347+08:00 DEBUG 90233 --- [fang123-backend] [nio-8090-exec-9] o.s.s.w.a.AnonymousAuthenticationFilter  : Set SecurityContextHolder to anonymous SecurityContext
2026-09-05T18:15:49.347+08:00 DEBUG 90233 --- [fang123-backend] [io-8090-exec-10] o.s.security.web.FilterChainProxy        : Secured GET /api/public/loupans/KjtcfZ4fS2w
2026-09-05T18:15:49.347+08:00 DEBUG 90233 --- [fang123-backend] [nio-8090-exec-9] o.s.security.web.FilterChainProxy        : Secured GET /api/public/loupans/KjtcfZ4fS2w/medias
2026-09-05T18:15:49.350+08:00 DEBUG 90233 --- [fang123-backend] [io-8090-exec-10] c.f.mapper.LoupanMapper.selectById       : ==>  Preparing: SELECT id,land_id,land_no,cover_image,project_name,short_name,district,plate,avg_unit_price,avg_unit_price_yangfang,avg_unit_price_dieshu,avg_unit_price_paiwu,min_total_price,max_total_price,price_tag,sales_address,sales_status,sales_tel,project_address,show_house_desc,delivery_date,floor_height_min,floor_height_max,building_total,floor_min,floor_max,area_min,area_max,decorate_type,property_right_year,house_type,community_facility,people_car_separate,property_fee_high,property_fee_villa,property_company,park_total,park_sell_num,park_ratio,facade_material,self_hold_rate,build_area,land_area,house_total,plot_ratio,green_rate,project_company,brand_list,land_price,land_unit_price,land_buy_date,edu_support,traffic_support,medical_support,business_support,view_support,longitude,latitude,sort,deleted,create_time,update_time FROM loupan WHERE id=? AND deleted=0
2026-09-05T18:15:49.350+08:00 DEBUG 90233 --- [fang123-backend] [nio-8090-exec-9] c.f.mapper.LoupanMediaMapper.selectList  : ==>  Preparing: SELECT id,loupan_id,huxing_id,media_type,media_url,media_title,sort,deleted,create_time FROM loupan_media WHERE deleted=0 AND (loupan_id = ?) ORDER BY sort ASC
2026-09-05T18:15:49.351+08:00 DEBUG 90233 --- [fang123-backend] [nio-8090-exec-9] c.f.mapper.LoupanMediaMapper.selectList  : ==> Parameters: 1(Long)
2026-09-05T18:15:49.351+08:00 DEBUG 90233 --- [fang123-backend] [io-8090-exec-10] c.f.mapper.LoupanMapper.selectById       : ==> Parameters: 1(Long)
2026-09-05T18:15:49.353+08:00 DEBUG 90233 --- [fang123-backend] [nio-8090-exec-9] c.f.mapper.LoupanMediaMapper.selectList  : <==      Total: 3
2026-09-05T18:15:49.353+08:00 DEBUG 90233 --- [fang123-backend] [io-8090-exec-10] c.f.mapper.LoupanMapper.selectById       : <==      Total: 1
2026-09-05T18:15:52.177+08:00 DEBUG 90233 --- [fang123-backend] [nio-8090-exec-1] o.s.security.web.FilterChainProxy        : Securing GET /api/public/loupans/KjtcfZ4fS2w
2026-09-05T18:15:52.180+08:00 DEBUG 90233 --- [fang123-backend] [nio-8090-exec-1] o.s.s.w.a.AnonymousAuthenticationFilter  : Set SecurityContextHolder to anonymous SecurityContext
2026-09-05T18:15:52.180+08:00 DEBUG 90233 --- [fang123-backend] [nio-8090-exec-1] o.s.security.web.FilterChainProxy        : Secured GET /api/public/loupans/KjtcfZ4fS2w
2026-09-05T18:15:52.183+08:00 DEBUG 90233 --- [fang123-backend] [nio-8090-exec-1] c.f.mapper.LoupanMapper.selectById       : ==>  Preparing: SELECT id,land_id,land_no,cover_image,project_name,short_name,district,plate,avg_unit_price,avg_unit_price_yangfang,avg_unit_price_dieshu,avg_unit_price_paiwu,min_total_price,max_total_price,price_tag,sales_address,sales_status,sales_tel,project_address,show_house_desc,delivery_date,floor_height_min,floor_height_max,building_total,floor_min,floor_max,area_min,area_max,decorate_type,property_right_year,house_type,community_facility,people_car_separate,property_fee_high,property_fee_villa,property_company,park_total,park_sell_num,park_ratio,facade_material,self_hold_rate,build_area,land_area,house_total,plot_ratio,green_rate,project_company,brand_list,land_price,land_unit_price,land_buy_date,edu_support,traffic_support,medical_support,business_support,view_support,longitude,latitude,sort,deleted,create_time,update_time FROM loupan WHERE id=? AND deleted=0
2026-09-05T18:15:52.184+08:00 DEBUG 90233 --- [fang123-backend] [nio-8090-exec-1] c.f.mapper.LoupanMapper.selectById       : ==> Parameters: 1(Long)
2026-09-05T18:15:52.187+08:00 DEBUG 90233 --- [fang123-backend] [nio-8090-exec-1] c.f.mapper.LoupanMapper.selectById       : <==      Total: 1
2026-09-05T18:15:52.222+08:00 DEBUG 90233 --- [fang123-backend] [nio-8090-exec-2] o.s.security.web.FilterChainProxy        : Securing GET /api/public/loupans/KjtcfZ4fS2w/presale-permits
2026-09-05T18:15:52.222+08:00 DEBUG 90233 --- [fang123-backend] [nio-8090-exec-3] o.s.security.web.FilterChainProxy        : Securing GET /api/public/loupans/KjtcfZ4fS2w/huxings
2026-09-05T18:15:52.223+08:00 DEBUG 90233 --- [fang123-backend] [nio-8090-exec-4] o.s.security.web.FilterChainProxy        : Securing GET /api/public/loupans/KjtcfZ4fS2w/medias
2026-09-05T18:15:52.224+08:00 DEBUG 90233 --- [fang123-backend] [nio-8090-exec-2] o.s.s.w.a.AnonymousAuthenticationFilter  : Set SecurityContextHolder to anonymous SecurityContext
2026-09-05T18:15:52.224+08:00 DEBUG 90233 --- [fang123-backend] [nio-8090-exec-2] o.s.security.web.FilterChainProxy        : Secured GET /api/public/loupans/KjtcfZ4fS2w/presale-permits
2026-09-05T18:15:52.224+08:00 DEBUG 90233 --- [fang123-backend] [nio-8090-exec-4] o.s.s.w.a.AnonymousAuthenticationFilter  : Set SecurityContextHolder to anonymous SecurityContext
2026-09-05T18:15:52.224+08:00 DEBUG 90233 --- [fang123-backend] [nio-8090-exec-4] o.s.security.web.FilterChainProxy        : Secured GET /api/public/loupans/KjtcfZ4fS2w/medias
2026-09-05T18:15:52.224+08:00 DEBUG 90233 --- [fang123-backend] [nio-8090-exec-3] o.s.s.w.a.AnonymousAuthenticationFilter  : Set SecurityContextHolder to anonymous SecurityContext
2026-09-05T18:15:52.224+08:00 DEBUG 90233 --- [fang123-backend] [nio-8090-exec-3] o.s.security.web.FilterChainProxy        : Secured GET /api/public/loupans/KjtcfZ4fS2w/huxings
2026-09-05T18:15:52.225+08:00 DEBUG 90233 --- [fang123-backend] [nio-8090-exec-4] c.f.mapper.LoupanMediaMapper.selectList  : ==>  Preparing: SELECT id,loupan_id,huxing_id,media_type,media_url,media_title,sort,deleted,create_time FROM loupan_media WHERE deleted=0 AND (loupan_id = ?) ORDER BY sort ASC
2026-09-05T18:15:52.226+08:00 DEBUG 90233 --- [fang123-backend] [nio-8090-exec-4] c.f.mapper.LoupanMediaMapper.selectList  : ==> Parameters: 1(Long)
2026-09-05T18:15:52.226+08:00 DEBUG 90233 --- [fang123-backend] [nio-8090-exec-2] c.f.m.L.selectList                       : ==>  Preparing: SELECT id,loupan_id,project_name,publicity_date,issue_date,develop_company,location,sale_address,sale_phone,online_sale_area,permit_no,permit_no_str,deleted,create_time,update_time FROM loupan_presale_permit WHERE deleted=0 AND (loupan_id = ?) ORDER BY issue_date DESC
2026-09-05T18:15:52.226+08:00 DEBUG 90233 --- [fang123-backend] [nio-8090-exec-2] c.f.m.L.selectList                       : ==> Parameters: 1(Long)
2026-09-05T18:15:52.226+08:00 DEBUG 90233 --- [fang123-backend] [nio-8090-exec-3] c.f.m.LoupanHuxingMapper.selectList      : ==>  Preparing: SELECT id,loupan_id,huxing_name,area,inside_area,inside_area_with_gift,room_num,hall_num,toilet_num,balcony_num,orientation,floor_type,unit_price,total_price_start,total_price_end,is_show_house,tag,sort,huxing_image,standard_huxing_image,deleted,create_time,update_time FROM loupan_huxing WHERE deleted=0 AND (loupan_id = ?) ORDER BY sort ASC
2026-09-05T18:15:52.226+08:00 DEBUG 90233 --- [fang123-backend] [nio-8090-exec-3] c.f.m.LoupanHuxingMapper.selectList      : ==> Parameters: 1(Long)
2026-09-05T18:15:52.227+08:00 DEBUG 90233 --- [fang123-backend] [nio-8090-exec-4] c.f.mapper.LoupanMediaMapper.selectList  : <==      Total: 3
2026-09-05T18:15:52.229+08:00 DEBUG 90233 --- [fang123-backend] [nio-8090-exec-3] c.f.m.LoupanHuxingMapper.selectList      : <==      Total: 5
2026-09-05T18:15:52.253+08:00 DEBUG 90233 --- [fang123-backend] [nio-8090-exec-2] c.f.m.L.selectList                       : <==      Total: 2
2026-09-05T18:15:53.039+08:00 DEBUG 90233 --- [fang123-backend] [nio-8090-exec-7] o.s.security.web.FilterChainProxy        : Securing GET /api/public/loupan-filters
2026-09-05T18:15:53.039+08:00 DEBUG 90233 --- [fang123-backend] [nio-8090-exec-6] o.s.security.web.FilterChainProxy        : Securing GET /api/public/loupans?page=1&size=10&salesStatus=2,3
2026-09-05T18:15:53.043+08:00 DEBUG 90233 --- [fang123-backend] [nio-8090-exec-6] o.s.s.w.a.AnonymousAuthenticationFilter  : Set SecurityContextHolder to anonymous SecurityContext
2026-09-05T18:15:53.043+08:00 DEBUG 90233 --- [fang123-backend] [nio-8090-exec-6] o.s.security.web.FilterChainProxy        : Secured GET /api/public/loupans?page=1&size=10&salesStatus=2,3
2026-09-05T18:15:53.044+08:00 DEBUG 90233 --- [fang123-backend] [nio-8090-exec-7] o.s.s.w.a.AnonymousAuthenticationFilter  : Set SecurityContextHolder to anonymous SecurityContext
2026-09-05T18:15:53.045+08:00 DEBUG 90233 --- [fang123-backend] [nio-8090-exec-7] o.s.security.web.FilterChainProxy        : Secured GET /api/public/loupan-filters
2026-09-05T18:15:53.046+08:00 DEBUG 90233 --- [fang123-backend] [nio-8090-exec-7] c.f.mapper.LoupanMapper.selectList       : ==>  Preparing: SELECT id,land_id,land_no,cover_image,project_name,short_name,district,plate,avg_unit_price,avg_unit_price_yangfang,avg_unit_price_dieshu,avg_unit_price_paiwu,min_total_price,max_total_price,price_tag,sales_address,sales_status,sales_tel,project_address,show_house_desc,delivery_date,floor_height_min,floor_height_max,building_total,floor_min,floor_max,area_min,area_max,decorate_type,property_right_year,house_type,community_facility,people_car_separate,property_fee_high,property_fee_villa,property_company,park_total,park_sell_num,park_ratio,facade_material,self_hold_rate,build_area,land_area,house_total,plot_ratio,green_rate,project_company,brand_list,land_price,land_unit_price,land_buy_date,edu_support,traffic_support,medical_support,business_support,view_support,longitude,latitude,sort,deleted,create_time,update_time FROM loupan WHERE deleted=0
2026-09-05T18:15:53.047+08:00 DEBUG 90233 --- [fang123-backend] [nio-8090-exec-7] c.f.mapper.LoupanMapper.selectList       : ==> Parameters: 
2026-09-05T18:15:53.051+08:00 DEBUG 90233 --- [fang123-backend] [nio-8090-exec-7] c.f.mapper.LoupanMapper.selectList       : <==      Total: 3
2026-09-05T18:15:53.054+08:00 DEBUG 90233 --- [fang123-backend] [nio-8090-exec-6] c.f.m.LoupanMapper.selectList_mpCount    : ==>  Preparing: SELECT COUNT(*) AS total FROM loupan WHERE deleted = 0 AND (sales_status IN (?, ?))
2026-09-05T18:15:53.055+08:00 DEBUG 90233 --- [fang123-backend] [nio-8090-exec-6] c.f.m.LoupanMapper.selectList_mpCount    : ==> Parameters: 2(Integer), 3(Integer)
2026-09-05T18:15:53.056+08:00 DEBUG 90233 --- [fang123-backend] [nio-8090-exec-6] c.f.m.LoupanMapper.selectList_mpCount    : <==      Total: 1
2026-09-05T18:15:53.056+08:00 DEBUG 90233 --- [fang123-backend] [nio-8090-exec-6] c.f.mapper.LoupanMapper.selectList       : ==>  Preparing: SELECT id,land_id,land_no,cover_image,project_name,short_name,district,plate,avg_unit_price,avg_unit_price_yangfang,avg_unit_price_dieshu,avg_unit_price_paiwu,min_total_price,max_total_price,price_tag,sales_address,sales_status,sales_tel,project_address,show_house_desc,delivery_date,floor_height_min,floor_height_max,building_total,floor_min,floor_max,area_min,area_max,decorate_type,property_right_year,house_type,community_facility,people_car_separate,property_fee_high,property_fee_villa,property_company,park_total,park_sell_num,park_ratio,facade_material,self_hold_rate,build_area,land_area,house_total,plot_ratio,green_rate,project_company,brand_list,land_price,land_unit_price,land_buy_date,edu_support,traffic_support,medical_support,business_support,view_support,longitude,latitude,sort,deleted,create_time,update_time FROM loupan WHERE deleted=0 AND (sales_status IN (?,?)) ORDER BY sort DESC,create_time DESC LIMIT ?
2026-09-05T18:15:53.057+08:00 DEBUG 90233 --- [fang123-backend] [nio-8090-exec-6] c.f.mapper.LoupanMapper.selectList       : ==> Parameters: 2(Integer), 3(Integer), 10(Long)
2026-09-05T18:15:53.059+08:00 DEBUG 90233 --- [fang123-backend] [nio-8090-exec-6] c.f.mapper.LoupanMapper.selectList       : <==      Total: 2
2026-09-05T18:15:53.066+08:00 DEBUG 90233 --- [fang123-backend] [nio-8090-exec-5] o.s.security.web.FilterChainProxy        : Securing GET /api/public/loupans/huxings/batch?loupanIds=2,1
2026-09-05T18:15:53.067+08:00 DEBUG 90233 --- [fang123-backend] [nio-8090-exec-5] o.s.s.w.a.AnonymousAuthenticationFilter  : Set SecurityContextHolder to anonymous SecurityContext
2026-09-05T18:15:53.067+08:00 DEBUG 90233 --- [fang123-backend] [nio-8090-exec-5] o.s.security.web.FilterChainProxy        : Secured GET /api/public/loupans/huxings/batch?loupanIds=2,1
2026-09-05T18:15:53.068+08:00 DEBUG 90233 --- [fang123-backend] [nio-8090-exec-5] c.f.m.LoupanHuxingMapper.selectList      : ==>  Preparing: SELECT id,loupan_id,huxing_name,area,inside_area,inside_area_with_gift,room_num,hall_num,toilet_num,balcony_num,orientation,floor_type,unit_price,total_price_start,total_price_end,is_show_house,tag,sort,huxing_image,standard_huxing_image,deleted,create_time,update_time FROM loupan_huxing WHERE deleted=0 AND (loupan_id = ?) ORDER BY area DESC
2026-09-05T18:15:53.069+08:00 DEBUG 90233 --- [fang123-backend] [nio-8090-exec-5] c.f.m.LoupanHuxingMapper.selectList      : ==> Parameters: 2(Long)
2026-09-05T18:15:53.070+08:00 DEBUG 90233 --- [fang123-backend] [nio-8090-exec-5] c.f.m.LoupanHuxingMapper.selectList      : <==      Total: 0
2026-09-05T18:15:53.070+08:00 DEBUG 90233 --- [fang123-backend] [nio-8090-exec-5] c.f.m.LoupanHuxingMapper.selectList      : ==>  Preparing: SELECT id,loupan_id,huxing_name,area,inside_area,inside_area_with_gift,room_num,hall_num,toilet_num,balcony_num,orientation,floor_type,unit_price,total_price_start,total_price_end,is_show_house,tag,sort,huxing_image,standard_huxing_image,deleted,create_time,update_time FROM loupan_huxing WHERE deleted=0 AND (loupan_id = ?) ORDER BY area DESC
2026-09-05T18:15:53.070+08:00 DEBUG 90233 --- [fang123-backend] [nio-8090-exec-5] c.f.m.LoupanHuxingMapper.selectList      : ==> Parameters: 1(Long)
2026-09-05T18:15:53.072+08:00 DEBUG 90233 --- [fang123-backend] [nio-8090-exec-5] c.f.m.LoupanHuxingMapper.selectList      : <==      Total: 5
2026-09-05T18:15:54.343+08:00 DEBUG 90233 --- [fang123-backend] [nio-8090-exec-8] o.s.security.web.FilterChainProxy        : Securing GET /api/public/loupans/KjtcfZ4fS28
2026-09-05T18:15:54.345+08:00 DEBUG 90233 --- [fang123-backend] [nio-8090-exec-8] o.s.s.w.a.AnonymousAuthenticationFilter  : Set SecurityContextHolder to anonymous SecurityContext
2026-09-05T18:15:54.346+08:00 DEBUG 90233 --- [fang123-backend] [nio-8090-exec-8] o.s.security.web.FilterChainProxy        : Secured GET /api/public/loupans/KjtcfZ4fS28
2026-09-05T18:15:54.349+08:00 DEBUG 90233 --- [fang123-backend] [nio-8090-exec-8] c.f.mapper.LoupanMapper.selectById       : ==>  Preparing: SELECT id,land_id,land_no,cover_image,project_name,short_name,district,plate,avg_unit_price,avg_unit_price_yangfang,avg_unit_price_dieshu,avg_unit_price_paiwu,min_total_price,max_total_price,price_tag,sales_address,sales_status,sales_tel,project_address,show_house_desc,delivery_date,floor_height_min,floor_height_max,building_total,floor_min,floor_max,area_min,area_max,decorate_type,property_right_year,house_type,community_facility,people_car_separate,property_fee_high,property_fee_villa,property_company,park_total,park_sell_num,park_ratio,facade_material,self_hold_rate,build_area,land_area,house_total,plot_ratio,green_rate,project_company,brand_list,land_price,land_unit_price,land_buy_date,edu_support,traffic_support,medical_support,business_support,view_support,longitude,latitude,sort,deleted,create_time,update_time FROM loupan WHERE id=? AND deleted=0
2026-09-05T18:15:54.349+08:00 DEBUG 90233 --- [fang123-backend] [nio-8090-exec-8] c.f.mapper.LoupanMapper.selectById       : ==> Parameters: 2(Long)
2026-09-05T18:15:54.352+08:00 DEBUG 90233 --- [fang123-backend] [nio-8090-exec-8] c.f.mapper.LoupanMapper.selectById       : <==      Total: 1
2026-09-05T18:15:54.366+08:00 DEBUG 90233 --- [fang123-backend] [io-8090-exec-10] o.s.security.web.FilterChainProxy        : Securing GET /api/public/loupans/KjtcfZ4fS28/presale-permits
2026-09-05T18:15:54.366+08:00 DEBUG 90233 --- [fang123-backend] [nio-8090-exec-1] o.s.security.web.FilterChainProxy        : Securing GET /api/public/loupans/KjtcfZ4fS28/medias
2026-09-05T18:15:54.367+08:00 DEBUG 90233 --- [fang123-backend] [nio-8090-exec-9] o.s.security.web.FilterChainProxy        : Securing GET /api/public/loupans/KjtcfZ4fS28/huxings
2026-09-05T18:15:54.367+08:00 DEBUG 90233 --- [fang123-backend] [nio-8090-exec-1] o.s.s.w.a.AnonymousAuthenticationFilter  : Set SecurityContextHolder to anonymous SecurityContext
2026-09-05T18:15:54.367+08:00 DEBUG 90233 --- [fang123-backend] [nio-8090-exec-9] o.s.s.w.a.AnonymousAuthenticationFilter  : Set SecurityContextHolder to anonymous SecurityContext
2026-09-05T18:15:54.368+08:00 DEBUG 90233 --- [fang123-backend] [nio-8090-exec-1] o.s.security.web.FilterChainProxy        : Secured GET /api/public/loupans/KjtcfZ4fS28/medias
2026-09-05T18:15:54.368+08:00 DEBUG 90233 --- [fang123-backend] [io-8090-exec-10] o.s.s.w.a.AnonymousAuthenticationFilter  : Set SecurityContextHolder to anonymous SecurityContext
2026-09-05T18:15:54.368+08:00 DEBUG 90233 --- [fang123-backend] [nio-8090-exec-9] o.s.security.web.FilterChainProxy        : Secured GET /api/public/loupans/KjtcfZ4fS28/huxings
2026-09-05T18:15:54.368+08:00 DEBUG 90233 --- [fang123-backend] [io-8090-exec-10] o.s.security.web.FilterChainProxy        : Secured GET /api/public/loupans/KjtcfZ4fS28/presale-permits
2026-09-05T18:15:54.369+08:00 DEBUG 90233 --- [fang123-backend] [nio-8090-exec-1] c.f.mapper.LoupanMediaMapper.selectList  : ==>  Preparing: SELECT id,loupan_id,huxing_id,media_type,media_url,media_title,sort,deleted,create_time FROM loupan_media WHERE deleted=0 AND (loupan_id = ?) ORDER BY sort ASC
2026-09-05T18:15:54.370+08:00 DEBUG 90233 --- [fang123-backend] [nio-8090-exec-9] c.f.m.LoupanHuxingMapper.selectList      : ==>  Preparing: SELECT id,loupan_id,huxing_name,area,inside_area,inside_area_with_gift,room_num,hall_num,toilet_num,balcony_num,orientation,floor_type,unit_price,total_price_start,total_price_end,is_show_house,tag,sort,huxing_image,standard_huxing_image,deleted,create_time,update_time FROM loupan_huxing WHERE deleted=0 AND (loupan_id = ?) ORDER BY sort ASC
2026-09-05T18:15:54.370+08:00 DEBUG 90233 --- [fang123-backend] [io-8090-exec-10] c.f.m.L.selectList                       : ==>  Preparing: SELECT id,loupan_id,project_name,publicity_date,issue_date,develop_company,location,sale_address,sale_phone,online_sale_area,permit_no,permit_no_str,deleted,create_time,update_time FROM loupan_presale_permit WHERE deleted=0 AND (loupan_id = ?) ORDER BY issue_date DESC
2026-09-05T18:15:54.370+08:00 DEBUG 90233 --- [fang123-backend] [nio-8090-exec-1] c.f.mapper.LoupanMediaMapper.selectList  : ==> Parameters: 2(Long)
2026-09-05T18:15:54.370+08:00 DEBUG 90233 --- [fang123-backend] [nio-8090-exec-9] c.f.m.LoupanHuxingMapper.selectList      : ==> Parameters: 2(Long)
2026-09-05T18:15:54.370+08:00 DEBUG 90233 --- [fang123-backend] [io-8090-exec-10] c.f.m.L.selectList                       : ==> Parameters: 2(Long)
2026-09-05T18:15:54.371+08:00 DEBUG 90233 --- [fang123-backend] [nio-8090-exec-1] c.f.mapper.LoupanMediaMapper.selectList  : <==      Total: 12
2026-09-05T18:15:54.372+08:00 DEBUG 90233 --- [fang123-backend] [nio-8090-exec-9] c.f.m.LoupanHuxingMapper.selectList      : <==      Total: 0
2026-09-05T18:15:54.409+08:00 DEBUG 90233 --- [fang123-backend] [io-8090-exec-10] c.f.m.L.selectList                       : <==      Total: 0
2026-09-05T18:15:57.249+08:00 DEBUG 90233 --- [fang123-backend] [nio-8090-exec-3] o.s.security.web.FilterChainProxy        : Securing GET /api/public/loupans/KjtcfZ4fS28
2026-09-05T18:15:57.249+08:00 DEBUG 90233 --- [fang123-backend] [nio-8090-exec-4] o.s.security.web.FilterChainProxy        : Securing GET /api/public/loupans/KjtcfZ4fS28/medias
2026-09-05T18:15:57.257+08:00 DEBUG 90233 --- [fang123-backend] [nio-8090-exec-3] o.s.s.w.a.AnonymousAuthenticationFilter  : Set SecurityContextHolder to anonymous SecurityContext
2026-09-05T18:15:57.257+08:00 DEBUG 90233 --- [fang123-backend] [nio-8090-exec-4] o.s.s.w.a.AnonymousAuthenticationFilter  : Set SecurityContextHolder to anonymous SecurityContext
2026-09-05T18:15:57.258+08:00 DEBUG 90233 --- [fang123-backend] [nio-8090-exec-3] o.s.security.web.FilterChainProxy        : Secured GET /api/public/loupans/KjtcfZ4fS28
2026-09-05T18:15:57.258+08:00 DEBUG 90233 --- [fang123-backend] [nio-8090-exec-4] o.s.security.web.FilterChainProxy        : Secured GET /api/public/loupans/KjtcfZ4fS28/medias
2026-09-05T18:15:57.268+08:00 DEBUG 90233 --- [fang123-backend] [nio-8090-exec-3] c.f.mapper.LoupanMapper.selectById       : ==>  Preparing: SELECT id,land_id,land_no,cover_image,project_name,short_name,district,plate,avg_unit_price,avg_unit_price_yangfang,avg_unit_price_dieshu,avg_unit_price_paiwu,min_total_price,max_total_price,price_tag,sales_address,sales_status,sales_tel,project_address,show_house_desc,delivery_date,floor_height_min,floor_height_max,building_total,floor_min,floor_max,area_min,area_max,decorate_type,property_right_year,house_type,community_facility,people_car_separate,property_fee_high,property_fee_villa,property_company,park_total,park_sell_num,park_ratio,facade_material,self_hold_rate,build_area,land_area,house_total,plot_ratio,green_rate,project_company,brand_list,land_price,land_unit_price,land_buy_date,edu_support,traffic_support,medical_support,business_support,view_support,longitude,latitude,sort,deleted,create_time,update_time FROM loupan WHERE id=? AND deleted=0
2026-09-05T18:15:57.270+08:00 DEBUG 90233 --- [fang123-backend] [nio-8090-exec-4] c.f.mapper.LoupanMediaMapper.selectList  : ==>  Preparing: SELECT id,loupan_id,huxing_id,media_type,media_url,media_title,sort,deleted,create_time FROM loupan_media WHERE deleted=0 AND (loupan_id = ?) ORDER BY sort ASC
2026-09-05T18:15:57.271+08:00 DEBUG 90233 --- [fang123-backend] [nio-8090-exec-4] c.f.mapper.LoupanMediaMapper.selectList  : ==> Parameters: 2(Long)
2026-09-05T18:15:57.271+08:00 DEBUG 90233 --- [fang123-backend] [nio-8090-exec-3] c.f.mapper.LoupanMapper.selectById       : ==> Parameters: 2(Long)
2026-09-05T18:15:57.277+08:00 DEBUG 90233 --- [fang123-backend] [nio-8090-exec-4] c.f.mapper.LoupanMediaMapper.selectList  : <==      Total: 12
2026-09-05T18:15:57.277+08:00 DEBUG 90233 --- [fang123-backend] [nio-8090-exec-3] c.f.mapper.LoupanMapper.selectById       : <==      Total: 1
2026-09-05T18:16:06.393+08:00 DEBUG 90233 --- [fang123-backend] [nio-8090-exec-2] o.s.security.web.FilterChainProxy        : Securing GET /api/public/loupans/KjtcfZ4fS28
2026-09-05T18:16:06.393+08:00 DEBUG 90233 --- [fang123-backend] [nio-8090-exec-7] o.s.security.web.FilterChainProxy        : Securing GET /api/public/loupans/KjtcfZ4fS28/medias
2026-09-05T18:16:06.396+08:00 DEBUG 90233 --- [fang123-backend] [nio-8090-exec-2] o.s.s.w.a.AnonymousAuthenticationFilter  : Set SecurityContextHolder to anonymous SecurityContext
2026-09-05T18:16:06.396+08:00 DEBUG 90233 --- [fang123-backend] [nio-8090-exec-7] o.s.s.w.a.AnonymousAuthenticationFilter  : Set SecurityContextHolder to anonymous SecurityContext
2026-09-05T18:16:06.396+08:00 DEBUG 90233 --- [fang123-backend] [nio-8090-exec-2] o.s.security.web.FilterChainProxy        : Secured GET /api/public/loupans/KjtcfZ4fS28
2026-09-05T18:16:06.396+08:00 DEBUG 90233 --- [fang123-backend] [nio-8090-exec-7] o.s.security.web.FilterChainProxy        : Secured GET /api/public/loupans/KjtcfZ4fS28/medias
2026-09-05T18:16:06.400+08:00 DEBUG 90233 --- [fang123-backend] [nio-8090-exec-2] c.f.mapper.LoupanMapper.selectById       : ==>  Preparing: SELECT id,land_id,land_no,cover_image,project_name,short_name,district,plate,avg_unit_price,avg_unit_price_yangfang,avg_unit_price_dieshu,avg_unit_price_paiwu,min_total_price,max_total_price,price_tag,sales_address,sales_status,sales_tel,project_address,show_house_desc,delivery_date,floor_height_min,floor_height_max,building_total,floor_min,floor_max,area_min,area_max,decorate_type,property_right_year,house_type,community_facility,people_car_separate,property_fee_high,property_fee_villa,property_company,park_total,park_sell_num,park_ratio,facade_material,self_hold_rate,build_area,land_area,house_total,plot_ratio,green_rate,project_company,brand_list,land_price,land_unit_price,land_buy_date,edu_support,traffic_support,medical_support,business_support,view_support,longitude,latitude,sort,deleted,create_time,update_time FROM loupan WHERE id=? AND deleted=0
2026-09-05T18:16:06.400+08:00 DEBUG 90233 --- [fang123-backend] [nio-8090-exec-7] c.f.mapper.LoupanMediaMapper.selectList  : ==>  Preparing: SELECT id,loupan_id,huxing_id,media_type,media_url,media_title,sort,deleted,create_time FROM loupan_media WHERE deleted=0 AND (loupan_id = ?) ORDER BY sort ASC
2026-09-05T18:16:06.400+08:00 DEBUG 90233 --- [fang123-backend] [nio-8090-exec-2] c.f.mapper.LoupanMapper.selectById       : ==> Parameters: 2(Long)
2026-09-05T18:16:06.401+08:00 DEBUG 90233 --- [fang123-backend] [nio-8090-exec-7] c.f.mapper.LoupanMediaMapper.selectList  : ==> Parameters: 2(Long)
2026-09-05T18:16:06.403+08:00 DEBUG 90233 --- [fang123-backend] [nio-8090-exec-2] c.f.mapper.LoupanMapper.selectById       : <==      Total: 1
2026-09-05T18:16:06.403+08:00 DEBUG 90233 --- [fang123-backend] [nio-8090-exec-7] c.f.mapper.LoupanMediaMapper.selectList  : <==      Total: 12
2026-09-05T18:17:07.839+08:00 DEBUG 90233 --- [fang123-backend] [nio-8090-exec-6] o.s.security.web.FilterChainProxy        : Securing GET /api/public/loupans/KjtcfZ4fS28
2026-09-05T18:17:07.839+08:00 DEBUG 90233 --- [fang123-backend] [nio-8090-exec-5] o.s.security.web.FilterChainProxy        : Securing GET /api/public/loupans/KjtcfZ4fS28/medias
2026-09-05T18:17:07.850+08:00 DEBUG 90233 --- [fang123-backend] [nio-8090-exec-5] o.s.s.w.a.AnonymousAuthenticationFilter  : Set SecurityContextHolder to anonymous SecurityContext
2026-09-05T18:17:07.850+08:00 DEBUG 90233 --- [fang123-backend] [nio-8090-exec-6] o.s.s.w.a.AnonymousAuthenticationFilter  : Set SecurityContextHolder to anonymous SecurityContext
2026-09-05T18:17:07.851+08:00 DEBUG 90233 --- [fang123-backend] [nio-8090-exec-6] o.s.security.web.FilterChainProxy        : Secured GET /api/public/loupans/KjtcfZ4fS28
2026-09-05T18:17:07.851+08:00 DEBUG 90233 --- [fang123-backend] [nio-8090-exec-5] o.s.security.web.FilterChainProxy        : Secured GET /api/public/loupans/KjtcfZ4fS28/medias
2026-09-05T18:17:07.864+08:00 DEBUG 90233 --- [fang123-backend] [nio-8090-exec-6] c.f.mapper.LoupanMapper.selectById       : ==>  Preparing: SELECT id,land_id,land_no,cover_image,project_name,short_name,district,plate,avg_unit_price,avg_unit_price_yangfang,avg_unit_price_dieshu,avg_unit_price_paiwu,min_total_price,max_total_price,price_tag,sales_address,sales_status,sales_tel,project_address,show_house_desc,delivery_date,floor_height_min,floor_height_max,building_total,floor_min,floor_max,area_min,area_max,decorate_type,property_right_year,house_type,community_facility,people_car_separate,property_fee_high,property_fee_villa,property_company,park_total,park_sell_num,park_ratio,facade_material,self_hold_rate,build_area,land_area,house_total,plot_ratio,green_rate,project_company,brand_list,land_price,land_unit_price,land_buy_date,edu_support,traffic_support,medical_support,business_support,view_support,longitude,latitude,sort,deleted,create_time,update_time FROM loupan WHERE id=? AND deleted=0
2026-09-05T18:17:07.864+08:00 DEBUG 90233 --- [fang123-backend] [nio-8090-exec-5] c.f.mapper.LoupanMediaMapper.selectList  : ==>  Preparing: SELECT id,loupan_id,huxing_id,media_type,media_url,media_title,sort,deleted,create_time FROM loupan_media WHERE deleted=0 AND (loupan_id = ?) ORDER BY sort ASC
2026-09-05T18:17:07.865+08:00 DEBUG 90233 --- [fang123-backend] [nio-8090-exec-6] c.f.mapper.LoupanMapper.selectById       : ==> Parameters: 2(Long)
2026-09-05T18:17:07.865+08:00 DEBUG 90233 --- [fang123-backend] [nio-8090-exec-5] c.f.mapper.LoupanMediaMapper.selectList  : ==> Parameters: 2(Long)
2026-09-05T18:17:07.870+08:00 DEBUG 90233 --- [fang123-backend] [nio-8090-exec-6] c.f.mapper.LoupanMapper.selectById       : <==      Total: 1
2026-09-05T18:17:07.871+08:00 DEBUG 90233 --- [fang123-backend] [nio-8090-exec-5] c.f.mapper.LoupanMediaMapper.selectList  : <==      Total: 12
2026-09-05T18:17:14.636+08:00 DEBUG 90233 --- [fang123-backend] [nio-8090-exec-8] o.s.security.web.FilterChainProxy        : Securing GET /api/public/loupans/KjtcfZ4fS28/medias
2026-09-05T18:17:14.638+08:00 DEBUG 90233 --- [fang123-backend] [nio-8090-exec-8] o.s.s.w.a.AnonymousAuthenticationFilter  : Set SecurityContextHolder to anonymous SecurityContext
2026-09-05T18:17:14.638+08:00 DEBUG 90233 --- [fang123-backend] [nio-8090-exec-8] o.s.security.web.FilterChainProxy        : Secured GET /api/public/loupans/KjtcfZ4fS28/medias
2026-09-05T18:17:14.655+08:00 DEBUG 90233 --- [fang123-backend] [nio-8090-exec-8] c.f.mapper.LoupanMediaMapper.selectList  : ==>  Preparing: SELECT id,loupan_id,huxing_id,media_type,media_url,media_title,sort,deleted,create_time FROM loupan_media WHERE deleted=0 AND (loupan_id = ?) ORDER BY sort ASC
2026-09-05T18:17:14.655+08:00 DEBUG 90233 --- [fang123-backend] [nio-8090-exec-8] c.f.mapper.LoupanMediaMapper.selectList  : ==> Parameters: 2(Long)
2026-09-05T18:17:14.660+08:00 DEBUG 90233 --- [fang123-backend] [nio-8090-exec-8] c.f.mapper.LoupanMediaMapper.selectList  : <==      Total: 12
2026-09-05T18:17:31.270+08:00 DEBUG 90233 --- [fang123-backend] [io-8090-exec-10] o.s.security.web.FilterChainProxy        : Securing GET /api/public/loupans/KjtcfZ4fS28
2026-09-05T18:17:31.270+08:00 DEBUG 90233 --- [fang123-backend] [nio-8090-exec-1] o.s.security.web.FilterChainProxy        : Securing GET /api/public/loupans/KjtcfZ4fS28/medias
2026-09-05T18:17:31.275+08:00 DEBUG 90233 --- [fang123-backend] [io-8090-exec-10] o.s.s.w.a.AnonymousAuthenticationFilter  : Set SecurityContextHolder to anonymous SecurityContext
2026-09-05T18:17:31.275+08:00 DEBUG 90233 --- [fang123-backend] [nio-8090-exec-1] o.s.s.w.a.AnonymousAuthenticationFilter  : Set SecurityContextHolder to anonymous SecurityContext
2026-09-05T18:17:31.276+08:00 DEBUG 90233 --- [fang123-backend] [nio-8090-exec-1] o.s.security.web.FilterChainProxy        : Secured GET /api/public/loupans/KjtcfZ4fS28/medias
2026-09-05T18:17:31.276+08:00 DEBUG 90233 --- [fang123-backend] [io-8090-exec-10] o.s.security.web.FilterChainProxy        : Secured GET /api/public/loupans/KjtcfZ4fS28
2026-09-05T18:17:31.282+08:00 DEBUG 90233 --- [fang123-backend] [io-8090-exec-10] c.f.mapper.LoupanMapper.selectById       : ==>  Preparing: SELECT id,land_id,land_no,cover_image,project_name,short_name,district,plate,avg_unit_price,avg_unit_price_yangfang,avg_unit_price_dieshu,avg_unit_price_paiwu,min_total_price,max_total_price,price_tag,sales_address,sales_status,sales_tel,project_address,show_house_desc,delivery_date,floor_height_min,floor_height_max,building_total,floor_min,floor_max,area_min,area_max,decorate_type,property_right_year,house_type,community_facility,people_car_separate,property_fee_high,property_fee_villa,property_company,park_total,park_sell_num,park_ratio,facade_material,self_hold_rate,build_area,land_area,house_total,plot_ratio,green_rate,project_company,brand_list,land_price,land_unit_price,land_buy_date,edu_support,traffic_support,medical_support,business_support,view_support,longitude,latitude,sort,deleted,create_time,update_time FROM loupan WHERE id=? AND deleted=0
2026-09-05T18:17:31.282+08:00 DEBUG 90233 --- [fang123-backend] [nio-8090-exec-1] c.f.mapper.LoupanMediaMapper.selectList  : ==>  Preparing: SELECT id,loupan_id,huxing_id,media_type,media_url,media_title,sort,deleted,create_time FROM loupan_media WHERE deleted=0 AND (loupan_id = ?) ORDER BY sort ASC
2026-09-05T18:17:31.283+08:00 DEBUG 90233 --- [fang123-backend] [io-8090-exec-10] c.f.mapper.LoupanMapper.selectById       : ==> Parameters: 2(Long)
2026-09-05T18:17:31.283+08:00 DEBUG 90233 --- [fang123-backend] [nio-8090-exec-1] c.f.mapper.LoupanMediaMapper.selectList  : ==> Parameters: 2(Long)
2026-09-05T18:17:31.286+08:00 DEBUG 90233 --- [fang123-backend] [io-8090-exec-10] c.f.mapper.LoupanMapper.selectById       : <==      Total: 1
2026-09-05T18:17:31.286+08:00 DEBUG 90233 --- [fang123-backend] [nio-8090-exec-1] c.f.mapper.LoupanMediaMapper.selectList  : <==      Total: 12
2026-09-05T18:17:45.543+08:00 DEBUG 90233 --- [fang123-backend] [nio-8090-exec-3] o.s.security.web.FilterChainProxy        : Securing GET /api/public/loupans/KjtcfZ4fS28/medias
2026-09-05T18:17:45.544+08:00 DEBUG 90233 --- [fang123-backend] [nio-8090-exec-3] o.s.s.w.a.AnonymousAuthenticationFilter  : Set SecurityContextHolder to anonymous SecurityContext
2026-09-05T18:17:45.544+08:00 DEBUG 90233 --- [fang123-backend] [nio-8090-exec-3] o.s.security.web.FilterChainProxy        : Secured GET /api/public/loupans/KjtcfZ4fS28/medias
2026-09-05T18:17:45.549+08:00 DEBUG 90233 --- [fang123-backend] [nio-8090-exec-3] c.f.mapper.LoupanMediaMapper.selectList  : ==>  Preparing: SELECT id,loupan_id,huxing_id,media_type,media_url,media_title,sort,deleted,create_time FROM loupan_media WHERE deleted=0 AND (loupan_id = ?) ORDER BY sort ASC
2026-09-05T18:17:45.550+08:00 DEBUG 90233 --- [fang123-backend] [nio-8090-exec-3] c.f.mapper.LoupanMediaMapper.selectList  : ==> Parameters: 2(Long)
2026-09-05T18:17:45.554+08:00 DEBUG 90233 --- [fang123-backend] [nio-8090-exec-3] c.f.mapper.LoupanMediaMapper.selectList  : <==      Total: 12
2026-09-05T18:18:08.274+08:00 DEBUG 90233 --- [fang123-backend] [nio-8090-exec-2] o.s.security.web.FilterChainProxy        : Securing GET /api/public/loupans/KjtcfZ4fS28/medias
2026-09-05T18:18:08.274+08:00 DEBUG 90233 --- [fang123-backend] [nio-8090-exec-7] o.s.security.web.FilterChainProxy        : Securing GET /api/public/loupans/KjtcfZ4fS28
2026-09-05T18:18:08.278+08:00 DEBUG 90233 --- [fang123-backend] [nio-8090-exec-7] o.s.s.w.a.AnonymousAuthenticationFilter  : Set SecurityContextHolder to anonymous SecurityContext
2026-09-05T18:18:08.278+08:00 DEBUG 90233 --- [fang123-backend] [nio-8090-exec-2] o.s.s.w.a.AnonymousAuthenticationFilter  : Set SecurityContextHolder to anonymous SecurityContext
2026-09-05T18:18:08.278+08:00 DEBUG 90233 --- [fang123-backend] [nio-8090-exec-2] o.s.security.web.FilterChainProxy        : Secured GET /api/public/loupans/KjtcfZ4fS28/medias
2026-09-05T18:18:08.278+08:00 DEBUG 90233 --- [fang123-backend] [nio-8090-exec-7] o.s.security.web.FilterChainProxy        : Secured GET /api/public/loupans/KjtcfZ4fS28
2026-09-05T18:18:08.283+08:00 DEBUG 90233 --- [fang123-backend] [nio-8090-exec-2] c.f.mapper.LoupanMediaMapper.selectList  : ==>  Preparing: SELECT id,loupan_id,huxing_id,media_type,media_url,media_title,sort,deleted,create_time FROM loupan_media WHERE deleted=0 AND (loupan_id = ?) ORDER BY sort ASC
2026-09-05T18:18:08.283+08:00 DEBUG 90233 --- [fang123-backend] [nio-8090-exec-7] c.f.mapper.LoupanMapper.selectById       : ==>  Preparing: SELECT id,land_id,land_no,cover_image,project_name,short_name,district,plate,avg_unit_price,avg_unit_price_yangfang,avg_unit_price_dieshu,avg_unit_price_paiwu,min_total_price,max_total_price,price_tag,sales_address,sales_status,sales_tel,project_address,show_house_desc,delivery_date,floor_height_min,floor_height_max,building_total,floor_min,floor_max,area_min,area_max,decorate_type,property_right_year,house_type,community_facility,people_car_separate,property_fee_high,property_fee_villa,property_company,park_total,park_sell_num,park_ratio,facade_material,self_hold_rate,build_area,land_area,house_total,plot_ratio,green_rate,project_company,brand_list,land_price,land_unit_price,land_buy_date,edu_support,traffic_support,medical_support,business_support,view_support,longitude,latitude,sort,deleted,create_time,update_time FROM loupan WHERE id=? AND deleted=0
2026-09-05T18:18:08.283+08:00 DEBUG 90233 --- [fang123-backend] [nio-8090-exec-2] c.f.mapper.LoupanMediaMapper.selectList  : ==> Parameters: 2(Long)
2026-09-05T18:18:08.283+08:00 DEBUG 90233 --- [fang123-backend] [nio-8090-exec-7] c.f.mapper.LoupanMapper.selectById       : ==> Parameters: 2(Long)
2026-09-05T18:18:08.286+08:00 DEBUG 90233 --- [fang123-backend] [nio-8090-exec-7] c.f.mapper.LoupanMapper.selectById       : <==      Total: 1
2026-09-05T18:18:08.286+08:00 DEBUG 90233 --- [fang123-backend] [nio-8090-exec-2] c.f.mapper.LoupanMediaMapper.selectList  : <==      Total: 12
2026-09-05T18:18:28.280+08:00 DEBUG 90233 --- [fang123-backend] [nio-8090-exec-6] o.s.security.web.FilterChainProxy        : Securing GET /api/public/loupans/KjtcfZ4fS28
2026-09-05T18:18:28.280+08:00 DEBUG 90233 --- [fang123-backend] [nio-8090-exec-5] o.s.security.web.FilterChainProxy        : Securing GET /api/public/loupans/KjtcfZ4fS28/medias
2026-09-05T18:18:28.286+08:00 DEBUG 90233 --- [fang123-backend] [nio-8090-exec-5] o.s.s.w.a.AnonymousAuthenticationFilter  : Set SecurityContextHolder to anonymous SecurityContext
2026-09-05T18:18:28.286+08:00 DEBUG 90233 --- [fang123-backend] [nio-8090-exec-6] o.s.s.w.a.AnonymousAuthenticationFilter  : Set SecurityContextHolder to anonymous SecurityContext
2026-09-05T18:18:28.286+08:00 DEBUG 90233 --- [fang123-backend] [nio-8090-exec-6] o.s.security.web.FilterChainProxy        : Secured GET /api/public/loupans/KjtcfZ4fS28
2026-09-05T18:18:28.286+08:00 DEBUG 90233 --- [fang123-backend] [nio-8090-exec-5] o.s.security.web.FilterChainProxy        : Secured GET /api/public/loupans/KjtcfZ4fS28/medias
2026-09-05T18:18:28.301+08:00 DEBUG 90233 --- [fang123-backend] [nio-8090-exec-5] c.f.mapper.LoupanMediaMapper.selectList  : ==>  Preparing: SELECT id,loupan_id,huxing_id,media_type,media_url,media_title,sort,deleted,create_time FROM loupan_media WHERE deleted=0 AND (loupan_id = ?) ORDER BY sort ASC
2026-09-05T18:18:28.301+08:00 DEBUG 90233 --- [fang123-backend] [nio-8090-exec-6] c.f.mapper.LoupanMapper.selectById       : ==>  Preparing: SELECT id,land_id,land_no,cover_image,project_name,short_name,district,plate,avg_unit_price,avg_unit_price_yangfang,avg_unit_price_dieshu,avg_unit_price_paiwu,min_total_price,max_total_price,price_tag,sales_address,sales_status,sales_tel,project_address,show_house_desc,delivery_date,floor_height_min,floor_height_max,building_total,floor_min,floor_max,area_min,area_max,decorate_type,property_right_year,house_type,community_facility,people_car_separate,property_fee_high,property_fee_villa,property_company,park_total,park_sell_num,park_ratio,facade_material,self_hold_rate,build_area,land_area,house_total,plot_ratio,green_rate,project_company,brand_list,land_price,land_unit_price,land_buy_date,edu_support,traffic_support,medical_support,business_support,view_support,longitude,latitude,sort,deleted,create_time,update_time FROM loupan WHERE id=? AND deleted=0
2026-09-05T18:18:28.303+08:00 DEBUG 90233 --- [fang123-backend] [nio-8090-exec-6] c.f.mapper.LoupanMapper.selectById       : ==> Parameters: 2(Long)
2026-09-05T18:18:28.303+08:00 DEBUG 90233 --- [fang123-backend] [nio-8090-exec-5] c.f.mapper.LoupanMediaMapper.selectList  : ==> Parameters: 2(Long)
2026-09-05T18:18:28.357+08:00 DEBUG 90233 --- [fang123-backend] [nio-8090-exec-6] c.f.mapper.LoupanMapper.selectById       : <==      Total: 1
2026-09-05T18:18:28.361+08:00 DEBUG 90233 --- [fang123-backend] [nio-8090-exec-5] c.f.mapper.LoupanMediaMapper.selectList  : <==      Total: 12
2026-09-05T18:19:05.973+08:00 DEBUG 90233 --- [fang123-backend] [nio-8090-exec-8] o.s.security.web.FilterChainProxy        : Securing GET /api/public/loupans?page=1&size=12&salesStatus=1
2026-09-05T18:19:05.973+08:00 DEBUG 90233 --- [fang123-backend] [nio-8090-exec-9] o.s.security.web.FilterChainProxy        : Securing GET /api/public/loupan-filters
2026-09-05T18:19:05.989+08:00 DEBUG 90233 --- [fang123-backend] [nio-8090-exec-9] o.s.s.w.a.AnonymousAuthenticationFilter  : Set SecurityContextHolder to anonymous SecurityContext
2026-09-05T18:19:05.989+08:00 DEBUG 90233 --- [fang123-backend] [nio-8090-exec-8] o.s.s.w.a.AnonymousAuthenticationFilter  : Set SecurityContextHolder to anonymous SecurityContext
2026-09-05T18:19:05.991+08:00 DEBUG 90233 --- [fang123-backend] [nio-8090-exec-8] o.s.security.web.FilterChainProxy        : Secured GET /api/public/loupans?page=1&size=12&salesStatus=1
2026-09-05T18:19:05.991+08:00 DEBUG 90233 --- [fang123-backend] [nio-8090-exec-9] o.s.security.web.FilterChainProxy        : Secured GET /api/public/loupan-filters
2026-09-05T18:19:06.050+08:00 DEBUG 90233 --- [fang123-backend] [nio-8090-exec-9] c.f.mapper.LoupanMapper.selectList       : ==>  Preparing: SELECT id,land_id,land_no,cover_image,project_name,short_name,district,plate,avg_unit_price,avg_unit_price_yangfang,avg_unit_price_dieshu,avg_unit_price_paiwu,min_total_price,max_total_price,price_tag,sales_address,sales_status,sales_tel,project_address,show_house_desc,delivery_date,floor_height_min,floor_height_max,building_total,floor_min,floor_max,area_min,area_max,decorate_type,property_right_year,house_type,community_facility,people_car_separate,property_fee_high,property_fee_villa,property_company,park_total,park_sell_num,park_ratio,facade_material,self_hold_rate,build_area,land_area,house_total,plot_ratio,green_rate,project_company,brand_list,land_price,land_unit_price,land_buy_date,edu_support,traffic_support,medical_support,business_support,view_support,longitude,latitude,sort,deleted,create_time,update_time FROM loupan WHERE deleted=0
2026-09-05T18:19:06.055+08:00 DEBUG 90233 --- [fang123-backend] [nio-8090-exec-8] c.f.m.LoupanMapper.selectList_mpCount    : ==>  Preparing: SELECT COUNT(*) AS total FROM loupan WHERE deleted = 0 AND (sales_status IN (?))
2026-09-05T18:19:06.055+08:00 DEBUG 90233 --- [fang123-backend] [nio-8090-exec-9] c.f.mapper.LoupanMapper.selectList       : ==> Parameters: 
2026-09-05T18:19:06.056+08:00 DEBUG 90233 --- [fang123-backend] [nio-8090-exec-8] c.f.m.LoupanMapper.selectList_mpCount    : ==> Parameters: 1(Integer)
2026-09-05T18:19:06.118+08:00 DEBUG 90233 --- [fang123-backend] [nio-8090-exec-8] c.f.m.LoupanMapper.selectList_mpCount    : <==      Total: 1
2026-09-05T18:19:06.121+08:00 DEBUG 90233 --- [fang123-backend] [nio-8090-exec-9] c.f.mapper.LoupanMapper.selectList       : <==      Total: 3
2026-09-05T18:19:24.554+08:00 DEBUG 90233 --- [fang123-backend] [nio-8090-exec-1] o.s.security.web.FilterChainProxy        : Securing GET /api/admin/huxings?page=1&size=10
2026-09-05T18:19:24.561+08:00 DEBUG 90233 --- [fang123-backend] [nio-8090-exec-1] o.s.security.web.FilterChainProxy        : Secured GET /api/admin/huxings?page=1&size=10
2026-09-05T18:19:24.591+08:00 DEBUG 90233 --- [fang123-backend] [nio-8090-exec-1] c.f.m.L.selectList_mpCount               : ==>  Preparing: SELECT COUNT(*) AS total FROM loupan_huxing WHERE deleted = 0
2026-09-05T18:19:24.592+08:00 DEBUG 90233 --- [fang123-backend] [nio-8090-exec-1] c.f.m.L.selectList_mpCount               : ==> Parameters: 
2026-09-05T18:19:24.633+08:00 DEBUG 90233 --- [fang123-backend] [nio-8090-exec-1] c.f.m.L.selectList_mpCount               : <==      Total: 1
2026-09-05T18:19:24.634+08:00 DEBUG 90233 --- [fang123-backend] [nio-8090-exec-1] c.f.m.LoupanHuxingMapper.selectList      : ==>  Preparing: SELECT id,loupan_id,huxing_name,area,inside_area,inside_area_with_gift,room_num,hall_num,toilet_num,balcony_num,orientation,floor_type,unit_price,total_price_start,total_price_end,is_show_house,tag,sort,huxing_image,standard_huxing_image,deleted,create_time,update_time FROM loupan_huxing WHERE deleted=0 ORDER BY id DESC LIMIT ?
2026-09-05T18:19:24.634+08:00 DEBUG 90233 --- [fang123-backend] [nio-8090-exec-1] c.f.m.LoupanHuxingMapper.selectList      : ==> Parameters: 10(Long)
2026-09-05T18:19:24.639+08:00 DEBUG 90233 --- [fang123-backend] [nio-8090-exec-1] c.f.m.LoupanHuxingMapper.selectList      : <==      Total: 9
2026-09-05T18:19:28.268+08:00 DEBUG 90233 --- [fang123-backend] [io-8090-exec-10] o.s.security.web.FilterChainProxy        : Securing GET /api/admin/huxings?page=1&size=10&loupanId=2
2026-09-05T18:19:28.272+08:00 DEBUG 90233 --- [fang123-backend] [io-8090-exec-10] o.s.security.web.FilterChainProxy        : Secured GET /api/admin/huxings?page=1&size=10&loupanId=2
2026-09-05T18:19:28.298+08:00 DEBUG 90233 --- [fang123-backend] [io-8090-exec-10] c.f.m.L.selectList_mpCount               : ==>  Preparing: SELECT COUNT(*) AS total FROM loupan_huxing WHERE deleted = 0 AND (loupan_id = ?)
2026-09-05T18:19:28.299+08:00 DEBUG 90233 --- [fang123-backend] [io-8090-exec-10] c.f.m.L.selectList_mpCount               : ==> Parameters: 2(Long)
2026-09-05T18:19:28.304+08:00 DEBUG 90233 --- [fang123-backend] [io-8090-exec-10] c.f.m.L.selectList_mpCount               : <==      Total: 1
2026-09-05T18:19:29.699+08:00 DEBUG 90233 --- [fang123-backend] [nio-8090-exec-3] o.s.security.web.FilterChainProxy        : Securing GET /api/admin/huxings?page=1&size=10&loupanId=2
2026-09-05T18:19:29.701+08:00 DEBUG 90233 --- [fang123-backend] [nio-8090-exec-3] o.s.security.web.FilterChainProxy        : Secured GET /api/admin/huxings?page=1&size=10&loupanId=2
2026-09-05T18:19:29.705+08:00 DEBUG 90233 --- [fang123-backend] [nio-8090-exec-3] c.f.m.L.selectList_mpCount               : ==>  Preparing: SELECT COUNT(*) AS total FROM loupan_huxing WHERE deleted = 0 AND (loupan_id = ?)
2026-09-05T18:19:29.705+08:00 DEBUG 90233 --- [fang123-backend] [nio-8090-exec-3] c.f.m.L.selectList_mpCount               : ==> Parameters: 2(Long)
2026-09-05T18:19:29.707+08:00 DEBUG 90233 --- [fang123-backend] [nio-8090-exec-3] c.f.m.L.selectList_mpCount               : <==      Total: 1
2026-09-05T18:19:34.553+08:00 DEBUG 90233 --- [fang123-backend] [nio-8090-exec-4] o.s.security.web.FilterChainProxy        : Securing GET /api/admin/huxings?page=1&size=10
2026-09-05T18:19:34.566+08:00 DEBUG 90233 --- [fang123-backend] [nio-8090-exec-4] o.s.security.web.FilterChainProxy        : Secured GET /api/admin/huxings?page=1&size=10
2026-09-05T18:19:34.586+08:00 DEBUG 90233 --- [fang123-backend] [nio-8090-exec-4] c.f.m.L.selectList_mpCount               : ==>  Preparing: SELECT COUNT(*) AS total FROM loupan_huxing WHERE deleted = 0
2026-09-05T18:19:34.587+08:00 DEBUG 90233 --- [fang123-backend] [nio-8090-exec-4] c.f.m.L.selectList_mpCount               : ==> Parameters: 
2026-09-05T18:19:34.591+08:00 DEBUG 90233 --- [fang123-backend] [nio-8090-exec-4] c.f.m.L.selectList_mpCount               : <==      Total: 1
2026-09-05T18:19:34.593+08:00 DEBUG 90233 --- [fang123-backend] [nio-8090-exec-4] c.f.m.LoupanHuxingMapper.selectList      : ==>  Preparing: SELECT id,loupan_id,huxing_name,area,inside_area,inside_area_with_gift,room_num,hall_num,toilet_num,balcony_num,orientation,floor_type,unit_price,total_price_start,total_price_end,is_show_house,tag,sort,huxing_image,standard_huxing_image,deleted,create_time,update_time FROM loupan_huxing WHERE deleted=0 ORDER BY id DESC LIMIT ?
2026-09-05T18:19:34.593+08:00 DEBUG 90233 --- [fang123-backend] [nio-8090-exec-4] c.f.m.LoupanHuxingMapper.selectList      : ==> Parameters: 10(Long)
2026-09-05T18:19:34.595+08:00 DEBUG 90233 --- [fang123-backend] [nio-8090-exec-4] c.f.m.LoupanHuxingMapper.selectList      : <==      Total: 9
2026-09-05T18:19:45.335+08:00 DEBUG 90233 --- [fang123-backend] [nio-8090-exec-7] o.s.security.web.FilterChainProxy        : Securing GET /api/public/loupans/KjtcfZ4fS28
2026-09-05T18:19:45.348+08:00 DEBUG 90233 --- [fang123-backend] [nio-8090-exec-7] o.s.s.w.a.AnonymousAuthenticationFilter  : Set SecurityContextHolder to anonymous SecurityContext
2026-09-05T18:19:45.348+08:00 DEBUG 90233 --- [fang123-backend] [nio-8090-exec-7] o.s.security.web.FilterChainProxy        : Secured GET /api/public/loupans/KjtcfZ4fS28
2026-09-05T18:19:45.353+08:00 DEBUG 90233 --- [fang123-backend] [nio-8090-exec-7] c.f.mapper.LoupanMapper.selectById       : ==>  Preparing: SELECT id,land_id,land_no,cover_image,project_name,short_name,district,plate,avg_unit_price,avg_unit_price_yangfang,avg_unit_price_dieshu,avg_unit_price_paiwu,min_total_price,max_total_price,price_tag,sales_address,sales_status,sales_tel,project_address,show_house_desc,delivery_date,floor_height_min,floor_height_max,building_total,floor_min,floor_max,area_min,area_max,decorate_type,property_right_year,house_type,community_facility,people_car_separate,property_fee_high,property_fee_villa,property_company,park_total,park_sell_num,park_ratio,facade_material,self_hold_rate,build_area,land_area,house_total,plot_ratio,green_rate,project_company,brand_list,land_price,land_unit_price,land_buy_date,edu_support,traffic_support,medical_support,business_support,view_support,longitude,latitude,sort,deleted,create_time,update_time FROM loupan WHERE id=? AND deleted=0
2026-09-05T18:19:45.353+08:00 DEBUG 90233 --- [fang123-backend] [nio-8090-exec-7] c.f.mapper.LoupanMapper.selectById       : ==> Parameters: 2(Long)
2026-09-05T18:19:45.367+08:00 DEBUG 90233 --- [fang123-backend] [nio-8090-exec-7] c.f.mapper.LoupanMapper.selectById       : <==      Total: 1
2026-09-05T18:19:45.397+08:00 DEBUG 90233 --- [fang123-backend] [nio-8090-exec-2] o.s.security.web.FilterChainProxy        : Securing GET /api/public/loupans/KjtcfZ4fS28/huxings
2026-09-05T18:19:45.398+08:00 DEBUG 90233 --- [fang123-backend] [nio-8090-exec-2] o.s.s.w.a.AnonymousAuthenticationFilter  : Set SecurityContextHolder to anonymous SecurityContext
2026-09-05T18:19:45.398+08:00 DEBUG 90233 --- [fang123-backend] [nio-8090-exec-2] o.s.security.web.FilterChainProxy        : Secured GET /api/public/loupans/KjtcfZ4fS28/huxings
2026-09-05T18:19:45.406+08:00 DEBUG 90233 --- [fang123-backend] [nio-8090-exec-2] c.f.m.LoupanHuxingMapper.selectList      : ==>  Preparing: SELECT id,loupan_id,huxing_name,area,inside_area,inside_area_with_gift,room_num,hall_num,toilet_num,balcony_num,orientation,floor_type,unit_price,total_price_start,total_price_end,is_show_house,tag,sort,huxing_image,standard_huxing_image,deleted,create_time,update_time FROM loupan_huxing WHERE deleted=0 AND (loupan_id = ?) ORDER BY sort ASC
2026-09-05T18:19:45.428+08:00 DEBUG 90233 --- [fang123-backend] [nio-8090-exec-2] c.f.m.LoupanHuxingMapper.selectList      : ==> Parameters: 2(Long)
2026-09-05T18:19:45.440+08:00 DEBUG 90233 --- [fang123-backend] [nio-8090-exec-2] c.f.m.LoupanHuxingMapper.selectList      : <==      Total: 0
2026-09-05T18:19:45.440+08:00 DEBUG 90233 --- [fang123-backend] [nio-8090-exec-6] o.s.security.web.FilterChainProxy        : Securing GET /api/public/loupans/KjtcfZ4fS28/presale-permits
2026-09-05T18:19:45.441+08:00 DEBUG 90233 --- [fang123-backend] [nio-8090-exec-5] o.s.security.web.FilterChainProxy        : Securing GET /api/public/loupans/KjtcfZ4fS28/medias
2026-09-05T18:19:45.441+08:00 DEBUG 90233 --- [fang123-backend] [nio-8090-exec-6] o.s.s.w.a.AnonymousAuthenticationFilter  : Set SecurityContextHolder to anonymous SecurityContext
2026-09-05T18:19:45.441+08:00 DEBUG 90233 --- [fang123-backend] [nio-8090-exec-6] o.s.security.web.FilterChainProxy        : Secured GET /api/public/loupans/KjtcfZ4fS28/presale-permits
2026-09-05T18:19:45.443+08:00 DEBUG 90233 --- [fang123-backend] [nio-8090-exec-5] o.s.s.w.a.AnonymousAuthenticationFilter  : Set SecurityContextHolder to anonymous SecurityContext
2026-09-05T18:19:45.443+08:00 DEBUG 90233 --- [fang123-backend] [nio-8090-exec-5] o.s.security.web.FilterChainProxy        : Secured GET /api/public/loupans/KjtcfZ4fS28/medias
2026-09-05T18:19:45.444+08:00 DEBUG 90233 --- [fang123-backend] [nio-8090-exec-5] c.f.mapper.LoupanMediaMapper.selectList  : ==>  Preparing: SELECT id,loupan_id,huxing_id,media_type,media_url,media_title,sort,deleted,create_time FROM loupan_media WHERE deleted=0 AND (loupan_id = ?) ORDER BY sort ASC
2026-09-05T18:19:45.445+08:00 DEBUG 90233 --- [fang123-backend] [nio-8090-exec-5] c.f.mapper.LoupanMediaMapper.selectList  : ==> Parameters: 2(Long)
2026-09-05T18:19:45.445+08:00 DEBUG 90233 --- [fang123-backend] [nio-8090-exec-6] c.f.m.L.selectList                       : ==>  Preparing: SELECT id,loupan_id,project_name,publicity_date,issue_date,develop_company,location,sale_address,sale_phone,online_sale_area,permit_no,permit_no_str,deleted,create_time,update_time FROM loupan_presale_permit WHERE deleted=0 AND (loupan_id = ?) ORDER BY issue_date DESC
2026-09-05T18:19:45.445+08:00 DEBUG 90233 --- [fang123-backend] [nio-8090-exec-6] c.f.m.L.selectList                       : ==> Parameters: 2(Long)
2026-09-05T18:19:45.450+08:00 DEBUG 90233 --- [fang123-backend] [nio-8090-exec-5] c.f.mapper.LoupanMediaMapper.selectList  : <==      Total: 12
2026-09-05T18:19:45.474+08:00 DEBUG 90233 --- [fang123-backend] [nio-8090-exec-6] c.f.m.L.selectList                       : <==      Total: 0
2026-09-05T18:19:50.815+08:00 DEBUG 90233 --- [fang123-backend] [nio-8090-exec-8] o.s.security.web.FilterChainProxy        : Securing GET /api/public/loupans/KjtcfZ4fS28/huxings
2026-09-05T18:19:50.815+08:00 DEBUG 90233 --- [fang123-backend] [nio-8090-exec-9] o.s.security.web.FilterChainProxy        : Securing GET /api/public/loupans/KjtcfZ4fS28
2026-09-05T18:19:50.822+08:00 DEBUG 90233 --- [fang123-backend] [nio-8090-exec-8] o.s.s.w.a.AnonymousAuthenticationFilter  : Set SecurityContextHolder to anonymous SecurityContext
2026-09-05T18:19:50.822+08:00 DEBUG 90233 --- [fang123-backend] [nio-8090-exec-9] o.s.s.w.a.AnonymousAuthenticationFilter  : Set SecurityContextHolder to anonymous SecurityContext
2026-09-05T18:19:50.823+08:00 DEBUG 90233 --- [fang123-backend] [nio-8090-exec-8] o.s.security.web.FilterChainProxy        : Secured GET /api/public/loupans/KjtcfZ4fS28/huxings
2026-09-05T18:19:50.823+08:00 DEBUG 90233 --- [fang123-backend] [nio-8090-exec-9] o.s.security.web.FilterChainProxy        : Secured GET /api/public/loupans/KjtcfZ4fS28
2026-09-05T18:19:50.828+08:00 DEBUG 90233 --- [fang123-backend] [nio-8090-exec-9] c.f.mapper.LoupanMapper.selectById       : ==>  Preparing: SELECT id,land_id,land_no,cover_image,project_name,short_name,district,plate,avg_unit_price,avg_unit_price_yangfang,avg_unit_price_dieshu,avg_unit_price_paiwu,min_total_price,max_total_price,price_tag,sales_address,sales_status,sales_tel,project_address,show_house_desc,delivery_date,floor_height_min,floor_height_max,building_total,floor_min,floor_max,area_min,area_max,decorate_type,property_right_year,house_type,community_facility,people_car_separate,property_fee_high,property_fee_villa,property_company,park_total,park_sell_num,park_ratio,facade_material,self_hold_rate,build_area,land_area,house_total,plot_ratio,green_rate,project_company,brand_list,land_price,land_unit_price,land_buy_date,edu_support,traffic_support,medical_support,business_support,view_support,longitude,latitude,sort,deleted,create_time,update_time FROM loupan WHERE id=? AND deleted=0
2026-09-05T18:19:50.829+08:00 DEBUG 90233 --- [fang123-backend] [nio-8090-exec-8] c.f.m.LoupanHuxingMapper.selectList      : ==>  Preparing: SELECT id,loupan_id,huxing_name,area,inside_area,inside_area_with_gift,room_num,hall_num,toilet_num,balcony_num,orientation,floor_type,unit_price,total_price_start,total_price_end,is_show_house,tag,sort,huxing_image,standard_huxing_image,deleted,create_time,update_time FROM loupan_huxing WHERE deleted=0 AND (loupan_id = ?) ORDER BY sort ASC
2026-09-05T18:19:50.829+08:00 DEBUG 90233 --- [fang123-backend] [nio-8090-exec-9] c.f.mapper.LoupanMapper.selectById       : ==> Parameters: 2(Long)
2026-09-05T18:19:50.829+08:00 DEBUG 90233 --- [fang123-backend] [nio-8090-exec-8] c.f.m.LoupanHuxingMapper.selectList      : ==> Parameters: 2(Long)
2026-09-05T18:19:50.832+08:00 DEBUG 90233 --- [fang123-backend] [nio-8090-exec-8] c.f.m.LoupanHuxingMapper.selectList      : <==      Total: 0
2026-09-05T18:19:50.834+08:00 DEBUG 90233 --- [fang123-backend] [nio-8090-exec-9] c.f.mapper.LoupanMapper.selectById       : <==      Total: 1
2026-09-05T18:19:52.563+08:00 DEBUG 90233 --- [fang123-backend] [nio-8090-exec-1] o.s.security.web.FilterChainProxy        : Securing GET /api/public/loupans/KjtcfZ4fS28
2026-09-05T18:19:52.565+08:00 DEBUG 90233 --- [fang123-backend] [nio-8090-exec-1] o.s.s.w.a.AnonymousAuthenticationFilter  : Set SecurityContextHolder to anonymous SecurityContext
2026-09-05T18:19:52.565+08:00 DEBUG 90233 --- [fang123-backend] [nio-8090-exec-1] o.s.security.web.FilterChainProxy        : Secured GET /api/public/loupans/KjtcfZ4fS28
2026-09-05T18:19:52.566+08:00 DEBUG 90233 --- [fang123-backend] [nio-8090-exec-1] c.f.mapper.LoupanMapper.selectById       : ==>  Preparing: SELECT id,land_id,land_no,cover_image,project_name,short_name,district,plate,avg_unit_price,avg_unit_price_yangfang,avg_unit_price_dieshu,avg_unit_price_paiwu,min_total_price,max_total_price,price_tag,sales_address,sales_status,sales_tel,project_address,show_house_desc,delivery_date,floor_height_min,floor_height_max,building_total,floor_min,floor_max,area_min,area_max,decorate_type,property_right_year,house_type,community_facility,people_car_separate,property_fee_high,property_fee_villa,property_company,park_total,park_sell_num,park_ratio,facade_material,self_hold_rate,build_area,land_area,house_total,plot_ratio,green_rate,project_company,brand_list,land_price,land_unit_price,land_buy_date,edu_support,traffic_support,medical_support,business_support,view_support,longitude,latitude,sort,deleted,create_time,update_time FROM loupan WHERE id=? AND deleted=0
2026-09-05T18:19:52.566+08:00 DEBUG 90233 --- [fang123-backend] [nio-8090-exec-1] c.f.mapper.LoupanMapper.selectById       : ==> Parameters: 2(Long)
2026-09-05T18:19:52.569+08:00 DEBUG 90233 --- [fang123-backend] [nio-8090-exec-1] c.f.mapper.LoupanMapper.selectById       : <==      Total: 1
2026-09-05T18:19:52.581+08:00 DEBUG 90233 --- [fang123-backend] [nio-8090-exec-3] o.s.security.web.FilterChainProxy        : Securing GET /api/public/loupans/KjtcfZ4fS28/presale-permits
2026-09-05T18:19:52.582+08:00 DEBUG 90233 --- [fang123-backend] [io-8090-exec-10] o.s.security.web.FilterChainProxy        : Securing GET /api/public/loupans/KjtcfZ4fS28/huxings
2026-09-05T18:19:52.583+08:00 DEBUG 90233 --- [fang123-backend] [nio-8090-exec-3] o.s.s.w.a.AnonymousAuthenticationFilter  : Set SecurityContextHolder to anonymous SecurityContext
2026-09-05T18:19:52.583+08:00 DEBUG 90233 --- [fang123-backend] [nio-8090-exec-3] o.s.security.web.FilterChainProxy        : Secured GET /api/public/loupans/KjtcfZ4fS28/presale-permits
2026-09-05T18:19:52.583+08:00 DEBUG 90233 --- [fang123-backend] [nio-8090-exec-4] o.s.security.web.FilterChainProxy        : Securing GET /api/public/loupans/KjtcfZ4fS28/medias
2026-09-05T18:19:52.584+08:00 DEBUG 90233 --- [fang123-backend] [io-8090-exec-10] o.s.s.w.a.AnonymousAuthenticationFilter  : Set SecurityContextHolder to anonymous SecurityContext
2026-09-05T18:19:52.584+08:00 DEBUG 90233 --- [fang123-backend] [io-8090-exec-10] o.s.security.web.FilterChainProxy        : Secured GET /api/public/loupans/KjtcfZ4fS28/huxings
2026-09-05T18:19:52.585+08:00 DEBUG 90233 --- [fang123-backend] [io-8090-exec-10] c.f.m.LoupanHuxingMapper.selectList      : ==>  Preparing: SELECT id,loupan_id,huxing_name,area,inside_area,inside_area_with_gift,room_num,hall_num,toilet_num,balcony_num,orientation,floor_type,unit_price,total_price_start,total_price_end,is_show_house,tag,sort,huxing_image,standard_huxing_image,deleted,create_time,update_time FROM loupan_huxing WHERE deleted=0 AND (loupan_id = ?) ORDER BY sort ASC
2026-09-05T18:19:52.585+08:00 DEBUG 90233 --- [fang123-backend] [nio-8090-exec-4] o.s.s.w.a.AnonymousAuthenticationFilter  : Set SecurityContextHolder to anonymous SecurityContext
2026-09-05T18:19:52.585+08:00 DEBUG 90233 --- [fang123-backend] [nio-8090-exec-4] o.s.security.web.FilterChainProxy        : Secured GET /api/public/loupans/KjtcfZ4fS28/medias
2026-09-05T18:19:52.586+08:00 DEBUG 90233 --- [fang123-backend] [io-8090-exec-10] c.f.m.LoupanHuxingMapper.selectList      : ==> Parameters: 2(Long)
2026-09-05T18:19:52.586+08:00 DEBUG 90233 --- [fang123-backend] [nio-8090-exec-4] c.f.mapper.LoupanMediaMapper.selectList  : ==>  Preparing: SELECT id,loupan_id,huxing_id,media_type,media_url,media_title,sort,deleted,create_time FROM loupan_media WHERE deleted=0 AND (loupan_id = ?) ORDER BY sort ASC
2026-09-05T18:19:52.586+08:00 DEBUG 90233 --- [fang123-backend] [nio-8090-exec-4] c.f.mapper.LoupanMediaMapper.selectList  : ==> Parameters: 2(Long)
2026-09-05T18:19:52.586+08:00 DEBUG 90233 --- [fang123-backend] [io-8090-exec-10] c.f.m.LoupanHuxingMapper.selectList      : <==      Total: 0
2026-09-05T18:19:52.588+08:00 DEBUG 90233 --- [fang123-backend] [nio-8090-exec-4] c.f.mapper.LoupanMediaMapper.selectList  : <==      Total: 12
2026-09-05T18:19:52.589+08:00 DEBUG 90233 --- [fang123-backend] [nio-8090-exec-3] c.f.m.L.selectList                       : ==>  Preparing: SELECT id,loupan_id,project_name,publicity_date,issue_date,develop_company,location,sale_address,sale_phone,online_sale_area,permit_no,permit_no_str,deleted,create_time,update_time FROM loupan_presale_permit WHERE deleted=0 AND (loupan_id = ?) ORDER BY issue_date DESC
2026-09-05T18:19:52.590+08:00 DEBUG 90233 --- [fang123-backend] [nio-8090-exec-3] c.f.m.L.selectList                       : ==> Parameters: 2(Long)
2026-09-05T18:19:52.622+08:00 DEBUG 90233 --- [fang123-backend] [nio-8090-exec-3] c.f.m.L.selectList                       : <==      Total: 0
2026-09-05T18:19:55.452+08:00 DEBUG 90233 --- [fang123-backend] [nio-8090-exec-7] o.s.security.web.FilterChainProxy        : Securing GET /api/public/loupans?page=1&size=12&salesStatus=1
2026-09-05T18:19:55.452+08:00 DEBUG 90233 --- [fang123-backend] [nio-8090-exec-2] o.s.security.web.FilterChainProxy        : Securing GET /api/public/loupan-filters
2026-09-05T18:19:55.457+08:00 DEBUG 90233 --- [fang123-backend] [nio-8090-exec-7] o.s.s.w.a.AnonymousAuthenticationFilter  : Set SecurityContextHolder to anonymous SecurityContext
2026-09-05T18:19:55.457+08:00 DEBUG 90233 --- [fang123-backend] [nio-8090-exec-7] o.s.security.web.FilterChainProxy        : Secured GET /api/public/loupans?page=1&size=12&salesStatus=1
2026-09-05T18:19:55.458+08:00 DEBUG 90233 --- [fang123-backend] [nio-8090-exec-2] o.s.s.w.a.AnonymousAuthenticationFilter  : Set SecurityContextHolder to anonymous SecurityContext
2026-09-05T18:19:55.459+08:00 DEBUG 90233 --- [fang123-backend] [nio-8090-exec-2] o.s.security.web.FilterChainProxy        : Secured GET /api/public/loupan-filters
2026-09-05T18:19:55.462+08:00 DEBUG 90233 --- [fang123-backend] [nio-8090-exec-2] c.f.mapper.LoupanMapper.selectList       : ==>  Preparing: SELECT id,land_id,land_no,cover_image,project_name,short_name,district,plate,avg_unit_price,avg_unit_price_yangfang,avg_unit_price_dieshu,avg_unit_price_paiwu,min_total_price,max_total_price,price_tag,sales_address,sales_status,sales_tel,project_address,show_house_desc,delivery_date,floor_height_min,floor_height_max,building_total,floor_min,floor_max,area_min,area_max,decorate_type,property_right_year,house_type,community_facility,people_car_separate,property_fee_high,property_fee_villa,property_company,park_total,park_sell_num,park_ratio,facade_material,self_hold_rate,build_area,land_area,house_total,plot_ratio,green_rate,project_company,brand_list,land_price,land_unit_price,land_buy_date,edu_support,traffic_support,medical_support,business_support,view_support,longitude,latitude,sort,deleted,create_time,update_time FROM loupan WHERE deleted=0
2026-09-05T18:19:55.462+08:00 DEBUG 90233 --- [fang123-backend] [nio-8090-exec-2] c.f.mapper.LoupanMapper.selectList       : ==> Parameters: 
2026-09-05T18:19:55.466+08:00 DEBUG 90233 --- [fang123-backend] [nio-8090-exec-2] c.f.mapper.LoupanMapper.selectList       : <==      Total: 3
2026-09-05T18:19:55.467+08:00 DEBUG 90233 --- [fang123-backend] [nio-8090-exec-7] c.f.m.LoupanMapper.selectList_mpCount    : ==>  Preparing: SELECT COUNT(*) AS total FROM loupan WHERE deleted = 0 AND (sales_status IN (?))
2026-09-05T18:19:55.467+08:00 DEBUG 90233 --- [fang123-backend] [nio-8090-exec-7] c.f.m.LoupanMapper.selectList_mpCount    : ==> Parameters: 1(Integer)
2026-09-05T18:19:55.468+08:00 DEBUG 90233 --- [fang123-backend] [nio-8090-exec-7] c.f.m.LoupanMapper.selectList_mpCount    : <==      Total: 1
2026-09-05T18:19:58.734+08:00 DEBUG 90233 --- [fang123-backend] [nio-8090-exec-6] o.s.security.web.FilterChainProxy        : Securing GET /api/public/loupan-filters
2026-09-05T18:19:58.734+08:00 DEBUG 90233 --- [fang123-backend] [nio-8090-exec-5] o.s.security.web.FilterChainProxy        : Securing GET /api/public/loupans?page=1&size=10&salesStatus=2,3
2026-09-05T18:19:58.737+08:00 DEBUG 90233 --- [fang123-backend] [nio-8090-exec-6] o.s.s.w.a.AnonymousAuthenticationFilter  : Set SecurityContextHolder to anonymous SecurityContext
2026-09-05T18:19:58.737+08:00 DEBUG 90233 --- [fang123-backend] [nio-8090-exec-5] o.s.s.w.a.AnonymousAuthenticationFilter  : Set SecurityContextHolder to anonymous SecurityContext
2026-09-05T18:19:58.737+08:00 DEBUG 90233 --- [fang123-backend] [nio-8090-exec-6] o.s.security.web.FilterChainProxy        : Secured GET /api/public/loupan-filters
2026-09-05T18:19:58.737+08:00 DEBUG 90233 --- [fang123-backend] [nio-8090-exec-5] o.s.security.web.FilterChainProxy        : Secured GET /api/public/loupans?page=1&size=10&salesStatus=2,3
2026-09-05T18:19:58.739+08:00 DEBUG 90233 --- [fang123-backend] [nio-8090-exec-6] c.f.mapper.LoupanMapper.selectList       : ==>  Preparing: SELECT id,land_id,land_no,cover_image,project_name,short_name,district,plate,avg_unit_price,avg_unit_price_yangfang,avg_unit_price_dieshu,avg_unit_price_paiwu,min_total_price,max_total_price,price_tag,sales_address,sales_status,sales_tel,project_address,show_house_desc,delivery_date,floor_height_min,floor_height_max,building_total,floor_min,floor_max,area_min,area_max,decorate_type,property_right_year,house_type,community_facility,people_car_separate,property_fee_high,property_fee_villa,property_company,park_total,park_sell_num,park_ratio,facade_material,self_hold_rate,build_area,land_area,house_total,plot_ratio,green_rate,project_company,brand_list,land_price,land_unit_price,land_buy_date,edu_support,traffic_support,medical_support,business_support,view_support,longitude,latitude,sort,deleted,create_time,update_time FROM loupan WHERE deleted=0
2026-09-05T18:19:58.740+08:00 DEBUG 90233 --- [fang123-backend] [nio-8090-exec-6] c.f.mapper.LoupanMapper.selectList       : ==> Parameters: 
2026-09-05T18:19:58.743+08:00 DEBUG 90233 --- [fang123-backend] [nio-8090-exec-6] c.f.mapper.LoupanMapper.selectList       : <==      Total: 3
2026-09-05T18:19:58.745+08:00 DEBUG 90233 --- [fang123-backend] [nio-8090-exec-5] c.f.m.LoupanMapper.selectList_mpCount    : ==>  Preparing: SELECT COUNT(*) AS total FROM loupan WHERE deleted = 0 AND (sales_status IN (?, ?))
2026-09-05T18:19:58.746+08:00 DEBUG 90233 --- [fang123-backend] [nio-8090-exec-5] c.f.m.LoupanMapper.selectList_mpCount    : ==> Parameters: 2(Integer), 3(Integer)
2026-09-05T18:19:58.747+08:00 DEBUG 90233 --- [fang123-backend] [nio-8090-exec-5] c.f.m.LoupanMapper.selectList_mpCount    : <==      Total: 1
2026-09-05T18:19:58.747+08:00 DEBUG 90233 --- [fang123-backend] [nio-8090-exec-5] c.f.mapper.LoupanMapper.selectList       : ==>  Preparing: SELECT id,land_id,land_no,cover_image,project_name,short_name,district,plate,avg_unit_price,avg_unit_price_yangfang,avg_unit_price_dieshu,avg_unit_price_paiwu,min_total_price,max_total_price,price_tag,sales_address,sales_status,sales_tel,project_address,show_house_desc,delivery_date,floor_height_min,floor_height_max,building_total,floor_min,floor_max,area_min,area_max,decorate_type,property_right_year,house_type,community_facility,people_car_separate,property_fee_high,property_fee_villa,property_company,park_total,park_sell_num,park_ratio,facade_material,self_hold_rate,build_area,land_area,house_total,plot_ratio,green_rate,project_company,brand_list,land_price,land_unit_price,land_buy_date,edu_support,traffic_support,medical_support,business_support,view_support,longitude,latitude,sort,deleted,create_time,update_time FROM loupan WHERE deleted=0 AND (sales_status IN (?,?)) ORDER BY sort DESC,create_time DESC LIMIT ?
2026-09-05T18:19:58.747+08:00 DEBUG 90233 --- [fang123-backend] [nio-8090-exec-5] c.f.mapper.LoupanMapper.selectList       : ==> Parameters: 2(Integer), 3(Integer), 10(Long)
2026-09-05T18:19:58.749+08:00 DEBUG 90233 --- [fang123-backend] [nio-8090-exec-5] c.f.mapper.LoupanMapper.selectList       : <==      Total: 2
2026-09-05T18:19:58.754+08:00 DEBUG 90233 --- [fang123-backend] [nio-8090-exec-9] o.s.security.web.FilterChainProxy        : Securing GET /api/public/loupans/huxings/batch?loupanIds=2,1
2026-09-05T18:19:58.755+08:00 DEBUG 90233 --- [fang123-backend] [nio-8090-exec-9] o.s.s.w.a.AnonymousAuthenticationFilter  : Set SecurityContextHolder to anonymous SecurityContext
2026-09-05T18:19:58.755+08:00 DEBUG 90233 --- [fang123-backend] [nio-8090-exec-9] o.s.security.web.FilterChainProxy        : Secured GET /api/public/loupans/huxings/batch?loupanIds=2,1
2026-09-05T18:19:58.756+08:00 DEBUG 90233 --- [fang123-backend] [nio-8090-exec-9] c.f.m.LoupanHuxingMapper.selectList      : ==>  Preparing: SELECT id,loupan_id,huxing_name,area,inside_area,inside_area_with_gift,room_num,hall_num,toilet_num,balcony_num,orientation,floor_type,unit_price,total_price_start,total_price_end,is_show_house,tag,sort,huxing_image,standard_huxing_image,deleted,create_time,update_time FROM loupan_huxing WHERE deleted=0 AND (loupan_id = ?) ORDER BY area DESC
2026-09-05T18:19:58.756+08:00 DEBUG 90233 --- [fang123-backend] [nio-8090-exec-9] c.f.m.LoupanHuxingMapper.selectList      : ==> Parameters: 2(Long)
2026-09-05T18:19:58.757+08:00 DEBUG 90233 --- [fang123-backend] [nio-8090-exec-9] c.f.m.LoupanHuxingMapper.selectList      : <==      Total: 0
2026-09-05T18:19:58.758+08:00 DEBUG 90233 --- [fang123-backend] [nio-8090-exec-9] c.f.m.LoupanHuxingMapper.selectList      : ==>  Preparing: SELECT id,loupan_id,huxing_name,area,inside_area,inside_area_with_gift,room_num,hall_num,toilet_num,balcony_num,orientation,floor_type,unit_price,total_price_start,total_price_end,is_show_house,tag,sort,huxing_image,standard_huxing_image,deleted,create_time,update_time FROM loupan_huxing WHERE deleted=0 AND (loupan_id = ?) ORDER BY area DESC
2026-09-05T18:19:58.759+08:00 DEBUG 90233 --- [fang123-backend] [nio-8090-exec-9] c.f.m.LoupanHuxingMapper.selectList      : ==> Parameters: 1(Long)
2026-09-05T18:19:58.761+08:00 DEBUG 90233 --- [fang123-backend] [nio-8090-exec-9] c.f.m.LoupanHuxingMapper.selectList      : <==      Total: 5
2026-09-05T18:20:01.690+08:00 DEBUG 90233 --- [fang123-backend] [nio-8090-exec-8] o.s.security.web.FilterChainProxy        : Securing GET /api/public/loupans/KjtcfZ4fS2w
2026-09-05T18:20:01.691+08:00 DEBUG 90233 --- [fang123-backend] [nio-8090-exec-8] o.s.s.w.a.AnonymousAuthenticationFilter  : Set SecurityContextHolder to anonymous SecurityContext
2026-09-05T18:20:01.691+08:00 DEBUG 90233 --- [fang123-backend] [nio-8090-exec-8] o.s.security.web.FilterChainProxy        : Secured GET /api/public/loupans/KjtcfZ4fS2w
2026-09-05T18:20:01.693+08:00 DEBUG 90233 --- [fang123-backend] [nio-8090-exec-8] c.f.mapper.LoupanMapper.selectById       : ==>  Preparing: SELECT id,land_id,land_no,cover_image,project_name,short_name,district,plate,avg_unit_price,avg_unit_price_yangfang,avg_unit_price_dieshu,avg_unit_price_paiwu,min_total_price,max_total_price,price_tag,sales_address,sales_status,sales_tel,project_address,show_house_desc,delivery_date,floor_height_min,floor_height_max,building_total,floor_min,floor_max,area_min,area_max,decorate_type,property_right_year,house_type,community_facility,people_car_separate,property_fee_high,property_fee_villa,property_company,park_total,park_sell_num,park_ratio,facade_material,self_hold_rate,build_area,land_area,house_total,plot_ratio,green_rate,project_company,brand_list,land_price,land_unit_price,land_buy_date,edu_support,traffic_support,medical_support,business_support,view_support,longitude,latitude,sort,deleted,create_time,update_time FROM loupan WHERE id=? AND deleted=0
2026-09-05T18:20:01.694+08:00 DEBUG 90233 --- [fang123-backend] [nio-8090-exec-8] c.f.mapper.LoupanMapper.selectById       : ==> Parameters: 1(Long)
2026-09-05T18:20:01.698+08:00 DEBUG 90233 --- [fang123-backend] [nio-8090-exec-8] c.f.mapper.LoupanMapper.selectById       : <==      Total: 1
2026-09-05T18:20:01.744+08:00 DEBUG 90233 --- [fang123-backend] [io-8090-exec-10] o.s.security.web.FilterChainProxy        : Securing GET /api/public/loupans/KjtcfZ4fS2w/presale-permits
2026-09-05T18:20:01.744+08:00 DEBUG 90233 --- [fang123-backend] [nio-8090-exec-4] o.s.security.web.FilterChainProxy        : Securing GET /api/public/loupans/KjtcfZ4fS2w/medias
2026-09-05T18:20:01.744+08:00 DEBUG 90233 --- [fang123-backend] [nio-8090-exec-1] o.s.security.web.FilterChainProxy        : Securing GET /api/public/loupans/KjtcfZ4fS2w/huxings
2026-09-05T18:20:01.746+08:00 DEBUG 90233 --- [fang123-backend] [nio-8090-exec-1] o.s.s.w.a.AnonymousAuthenticationFilter  : Set SecurityContextHolder to anonymous SecurityContext
2026-09-05T18:20:01.746+08:00 DEBUG 90233 --- [fang123-backend] [nio-8090-exec-4] o.s.s.w.a.AnonymousAuthenticationFilter  : Set SecurityContextHolder to anonymous SecurityContext
2026-09-05T18:20:01.747+08:00 DEBUG 90233 --- [fang123-backend] [nio-8090-exec-4] o.s.security.web.FilterChainProxy        : Secured GET /api/public/loupans/KjtcfZ4fS2w/medias
2026-09-05T18:20:01.746+08:00 DEBUG 90233 --- [fang123-backend] [io-8090-exec-10] o.s.s.w.a.AnonymousAuthenticationFilter  : Set SecurityContextHolder to anonymous SecurityContext
2026-09-05T18:20:01.749+08:00 DEBUG 90233 --- [fang123-backend] [nio-8090-exec-1] o.s.security.web.FilterChainProxy        : Secured GET /api/public/loupans/KjtcfZ4fS2w/huxings
2026-09-05T18:20:01.749+08:00 DEBUG 90233 --- [fang123-backend] [io-8090-exec-10] o.s.security.web.FilterChainProxy        : Secured GET /api/public/loupans/KjtcfZ4fS2w/presale-permits
2026-09-05T18:20:01.752+08:00 DEBUG 90233 --- [fang123-backend] [nio-8090-exec-1] c.f.m.LoupanHuxingMapper.selectList      : ==>  Preparing: SELECT id,loupan_id,huxing_name,area,inside_area,inside_area_with_gift,room_num,hall_num,toilet_num,balcony_num,orientation,floor_type,unit_price,total_price_start,total_price_end,is_show_house,tag,sort,huxing_image,standard_huxing_image,deleted,create_time,update_time FROM loupan_huxing WHERE deleted=0 AND (loupan_id = ?) ORDER BY sort ASC
2026-09-05T18:20:01.752+08:00 DEBUG 90233 --- [fang123-backend] [nio-8090-exec-4] c.f.mapper.LoupanMediaMapper.selectList  : ==>  Preparing: SELECT id,loupan_id,huxing_id,media_type,media_url,media_title,sort,deleted,create_time FROM loupan_media WHERE deleted=0 AND (loupan_id = ?) ORDER BY sort ASC
2026-09-05T18:20:01.752+08:00 DEBUG 90233 --- [fang123-backend] [io-8090-exec-10] c.f.m.L.selectList                       : ==>  Preparing: SELECT id,loupan_id,project_name,publicity_date,issue_date,develop_company,location,sale_address,sale_phone,online_sale_area,permit_no,permit_no_str,deleted,create_time,update_time FROM loupan_presale_permit WHERE deleted=0 AND (loupan_id = ?) ORDER BY issue_date DESC
2026-09-05T18:20:01.752+08:00 DEBUG 90233 --- [fang123-backend] [nio-8090-exec-1] c.f.m.LoupanHuxingMapper.selectList      : ==> Parameters: 1(Long)
2026-09-05T18:20:01.752+08:00 DEBUG 90233 --- [fang123-backend] [io-8090-exec-10] c.f.m.L.selectList                       : ==> Parameters: 1(Long)
2026-09-05T18:20:01.752+08:00 DEBUG 90233 --- [fang123-backend] [nio-8090-exec-4] c.f.mapper.LoupanMediaMapper.selectList  : ==> Parameters: 1(Long)
2026-09-05T18:20:01.759+08:00 DEBUG 90233 --- [fang123-backend] [nio-8090-exec-1] c.f.m.LoupanHuxingMapper.selectList      : <==      Total: 5
2026-09-05T18:20:01.759+08:00 DEBUG 90233 --- [fang123-backend] [nio-8090-exec-4] c.f.mapper.LoupanMediaMapper.selectList  : <==      Total: 3
2026-09-05T18:20:01.785+08:00 DEBUG 90233 --- [fang123-backend] [io-8090-exec-10] c.f.m.L.selectList                       : <==      Total: 2
2026-09-05T18:20:04.598+08:00 DEBUG 90233 --- [fang123-backend] [nio-8090-exec-3] o.s.security.web.FilterChainProxy        : Securing GET /api/public/loupans/KjtcfZ4fS2w/huxings
2026-09-05T18:20:04.598+08:00 DEBUG 90233 --- [fang123-backend] [nio-8090-exec-2] o.s.security.web.FilterChainProxy        : Securing GET /api/public/loupans/KjtcfZ4fS2w
2026-09-05T18:20:04.602+08:00 DEBUG 90233 --- [fang123-backend] [nio-8090-exec-2] o.s.s.w.a.AnonymousAuthenticationFilter  : Set SecurityContextHolder to anonymous SecurityContext
2026-09-05T18:20:04.602+08:00 DEBUG 90233 --- [fang123-backend] [nio-8090-exec-3] o.s.s.w.a.AnonymousAuthenticationFilter  : Set SecurityContextHolder to anonymous SecurityContext
2026-09-05T18:20:04.602+08:00 DEBUG 90233 --- [fang123-backend] [nio-8090-exec-2] o.s.security.web.FilterChainProxy        : Secured GET /api/public/loupans/KjtcfZ4fS2w
2026-09-05T18:20:04.602+08:00 DEBUG 90233 --- [fang123-backend] [nio-8090-exec-3] o.s.security.web.FilterChainProxy        : Secured GET /api/public/loupans/KjtcfZ4fS2w/huxings
2026-09-05T18:20:04.605+08:00 DEBUG 90233 --- [fang123-backend] [nio-8090-exec-2] c.f.mapper.LoupanMapper.selectById       : ==>  Preparing: SELECT id,land_id,land_no,cover_image,project_name,short_name,district,plate,avg_unit_price,avg_unit_price_yangfang,avg_unit_price_dieshu,avg_unit_price_paiwu,min_total_price,max_total_price,price_tag,sales_address,sales_status,sales_tel,project_address,show_house_desc,delivery_date,floor_height_min,floor_height_max,building_total,floor_min,floor_max,area_min,area_max,decorate_type,property_right_year,house_type,community_facility,people_car_separate,property_fee_high,property_fee_villa,property_company,park_total,park_sell_num,park_ratio,facade_material,self_hold_rate,build_area,land_area,house_total,plot_ratio,green_rate,project_company,brand_list,land_price,land_unit_price,land_buy_date,edu_support,traffic_support,medical_support,business_support,view_support,longitude,latitude,sort,deleted,create_time,update_time FROM loupan WHERE id=? AND deleted=0
2026-09-05T18:20:04.605+08:00 DEBUG 90233 --- [fang123-backend] [nio-8090-exec-3] c.f.m.LoupanHuxingMapper.selectList      : ==>  Preparing: SELECT id,loupan_id,huxing_name,area,inside_area,inside_area_with_gift,room_num,hall_num,toilet_num,balcony_num,orientation,floor_type,unit_price,total_price_start,total_price_end,is_show_house,tag,sort,huxing_image,standard_huxing_image,deleted,create_time,update_time FROM loupan_huxing WHERE deleted=0 AND (loupan_id = ?) ORDER BY sort ASC
2026-09-05T18:20:04.605+08:00 DEBUG 90233 --- [fang123-backend] [nio-8090-exec-2] c.f.mapper.LoupanMapper.selectById       : ==> Parameters: 1(Long)
2026-09-05T18:20:04.605+08:00 DEBUG 90233 --- [fang123-backend] [nio-8090-exec-3] c.f.m.LoupanHuxingMapper.selectList      : ==> Parameters: 1(Long)
2026-09-05T18:20:04.607+08:00 DEBUG 90233 --- [fang123-backend] [nio-8090-exec-3] c.f.m.LoupanHuxingMapper.selectList      : <==      Total: 5
2026-09-05T18:20:04.607+08:00 DEBUG 90233 --- [fang123-backend] [nio-8090-exec-2] c.f.mapper.LoupanMapper.selectById       : <==      Total: 1
2026-09-05T18:23:54.856+08:00 DEBUG 90233 --- [fang123-backend] [nio-8090-exec-6] o.s.security.web.FilterChainProxy        : Securing GET /api/public/loupans/KjtcfZ4fS2w
2026-09-05T18:23:54.856+08:00 DEBUG 90233 --- [fang123-backend] [nio-8090-exec-7] o.s.security.web.FilterChainProxy        : Securing GET /api/public/loupans/KjtcfZ4fS2w/huxings
2026-09-05T18:23:54.861+08:00 DEBUG 90233 --- [fang123-backend] [nio-8090-exec-7] o.s.s.w.a.AnonymousAuthenticationFilter  : Set SecurityContextHolder to anonymous SecurityContext
2026-09-05T18:23:54.861+08:00 DEBUG 90233 --- [fang123-backend] [nio-8090-exec-6] o.s.s.w.a.AnonymousAuthenticationFilter  : Set SecurityContextHolder to anonymous SecurityContext
2026-09-05T18:23:54.861+08:00 DEBUG 90233 --- [fang123-backend] [nio-8090-exec-6] o.s.security.web.FilterChainProxy        : Secured GET /api/public/loupans/KjtcfZ4fS2w
2026-09-05T18:23:54.861+08:00 DEBUG 90233 --- [fang123-backend] [nio-8090-exec-7] o.s.security.web.FilterChainProxy        : Secured GET /api/public/loupans/KjtcfZ4fS2w/huxings
2026-09-05T18:23:54.875+08:00 DEBUG 90233 --- [fang123-backend] [nio-8090-exec-7] c.f.m.LoupanHuxingMapper.selectList      : ==>  Preparing: SELECT id,loupan_id,huxing_name,area,inside_area,inside_area_with_gift,room_num,hall_num,toilet_num,balcony_num,orientation,floor_type,unit_price,total_price_start,total_price_end,is_show_house,tag,sort,huxing_image,standard_huxing_image,deleted,create_time,update_time FROM loupan_huxing WHERE deleted=0 AND (loupan_id = ?) ORDER BY sort ASC
2026-09-05T18:23:54.875+08:00 DEBUG 90233 --- [fang123-backend] [nio-8090-exec-6] c.f.mapper.LoupanMapper.selectById       : ==>  Preparing: SELECT id,land_id,land_no,cover_image,project_name,short_name,district,plate,avg_unit_price,avg_unit_price_yangfang,avg_unit_price_dieshu,avg_unit_price_paiwu,min_total_price,max_total_price,price_tag,sales_address,sales_status,sales_tel,project_address,show_house_desc,delivery_date,floor_height_min,floor_height_max,building_total,floor_min,floor_max,area_min,area_max,decorate_type,property_right_year,house_type,community_facility,people_car_separate,property_fee_high,property_fee_villa,property_company,park_total,park_sell_num,park_ratio,facade_material,self_hold_rate,build_area,land_area,house_total,plot_ratio,green_rate,project_company,brand_list,land_price,land_unit_price,land_buy_date,edu_support,traffic_support,medical_support,business_support,view_support,longitude,latitude,sort,deleted,create_time,update_time FROM loupan WHERE id=? AND deleted=0
2026-09-05T18:23:54.875+08:00 DEBUG 90233 --- [fang123-backend] [nio-8090-exec-6] c.f.mapper.LoupanMapper.selectById       : ==> Parameters: 1(Long)
2026-09-05T18:23:54.876+08:00 DEBUG 90233 --- [fang123-backend] [nio-8090-exec-7] c.f.m.LoupanHuxingMapper.selectList      : ==> Parameters: 1(Long)
2026-09-05T18:23:54.923+08:00 DEBUG 90233 --- [fang123-backend] [nio-8090-exec-6] c.f.mapper.LoupanMapper.selectById       : <==      Total: 1
2026-09-05T18:23:54.923+08:00 DEBUG 90233 --- [fang123-backend] [nio-8090-exec-7] c.f.m.LoupanHuxingMapper.selectList      : <==      Total: 5
2026-09-05T18:24:08.433+08:00 DEBUG 90233 --- [fang123-backend] [nio-8090-exec-5] o.s.security.web.FilterChainProxy        : Securing GET /api/admin/medias?page=1&size=10
2026-09-05T18:24:08.437+08:00 DEBUG 90233 --- [fang123-backend] [nio-8090-exec-5] o.s.security.web.FilterChainProxy        : Secured GET /api/admin/medias?page=1&size=10
2026-09-05T18:24:08.443+08:00 DEBUG 90233 --- [fang123-backend] [nio-8090-exec-5] c.f.m.L.selectList_mpCount               : ==>  Preparing: SELECT COUNT(*) AS total FROM loupan_media WHERE deleted = 0
2026-09-05T18:24:08.443+08:00 DEBUG 90233 --- [fang123-backend] [nio-8090-exec-5] c.f.m.L.selectList_mpCount               : ==> Parameters: 
2026-09-05T18:24:08.446+08:00 DEBUG 90233 --- [fang123-backend] [nio-8090-exec-5] c.f.m.L.selectList_mpCount               : <==      Total: 1
2026-09-05T18:24:08.446+08:00 DEBUG 90233 --- [fang123-backend] [nio-8090-exec-5] c.f.mapper.LoupanMediaMapper.selectList  : ==>  Preparing: SELECT id,loupan_id,huxing_id,media_type,media_url,media_title,sort,deleted,create_time FROM loupan_media WHERE deleted=0 ORDER BY id DESC LIMIT ?
2026-09-05T18:24:08.446+08:00 DEBUG 90233 --- [fang123-backend] [nio-8090-exec-5] c.f.mapper.LoupanMediaMapper.selectList  : ==> Parameters: 10(Long)
2026-09-05T18:24:08.450+08:00 DEBUG 90233 --- [fang123-backend] [nio-8090-exec-5] c.f.mapper.LoupanMediaMapper.selectList  : <==      Total: 10
2026-09-05T18:24:20.228+08:00 DEBUG 90233 --- [fang123-backend] [nio-8090-exec-9] o.s.security.web.FilterChainProxy        : Securing GET /api/admin/tupai-lands?page=1&size=10
2026-09-05T18:24:20.234+08:00 DEBUG 90233 --- [fang123-backend] [nio-8090-exec-9] o.s.security.web.FilterChainProxy        : Secured GET /api/admin/tupai-lands?page=1&size=10
2026-09-05T18:24:20.254+08:00 DEBUG 90233 --- [fang123-backend] [nio-8090-exec-9] c.f.m.L.selectList_mpCount               : ==>  Preparing: SELECT COUNT(*) AS total FROM loupan_tupai_land WHERE deleted = 0
2026-09-05T18:24:20.255+08:00 DEBUG 90233 --- [fang123-backend] [nio-8090-exec-9] c.f.m.L.selectList_mpCount               : ==> Parameters: 
2026-09-05T18:24:20.276+08:00 DEBUG 90233 --- [fang123-backend] [nio-8090-exec-9] c.f.m.L.selectList_mpCount               : <==      Total: 1
2026-09-05T18:24:20.276+08:00 DEBUG 90233 --- [fang123-backend] [nio-8090-exec-9] c.f.m.LoupanTupaiLandMapper.selectList   : ==>  Preparing: SELECT id,loupan_id,land_name,land_no,district,plate,land_scope,land_status,winner_company,land_use_type,land_year,land_area,build_area_limit,plot_ratio,start_price,deal_price,floor_unit_price,premium_rate,deal_date,longitude,latitude,resource_id,location_image,sort,deleted,create_time,update_time FROM loupan_tupai_land WHERE deleted=0 ORDER BY sort DESC,create_time DESC LIMIT ?
2026-09-05T18:24:20.276+08:00 DEBUG 90233 --- [fang123-backend] [nio-8090-exec-9] c.f.m.LoupanTupaiLandMapper.selectList   : ==> Parameters: 10(Long)
2026-09-05T18:24:20.288+08:00 DEBUG 90233 --- [fang123-backend] [nio-8090-exec-9] c.f.m.LoupanTupaiLandMapper.selectList   : <==      Total: 10
2026-09-05T18:24:24.210+08:00 DEBUG 90233 --- [fang123-backend] [nio-8090-exec-8] o.s.security.web.FilterChainProxy        : Securing GET /api/admin/huxings?page=1&size=10
2026-09-05T18:24:24.213+08:00 DEBUG 90233 --- [fang123-backend] [nio-8090-exec-8] o.s.security.web.FilterChainProxy        : Secured GET /api/admin/huxings?page=1&size=10
2026-09-05T18:24:24.219+08:00 DEBUG 90233 --- [fang123-backend] [nio-8090-exec-8] c.f.m.L.selectList_mpCount               : ==>  Preparing: SELECT COUNT(*) AS total FROM loupan_huxing WHERE deleted = 0
2026-09-05T18:24:24.219+08:00 DEBUG 90233 --- [fang123-backend] [nio-8090-exec-8] c.f.m.L.selectList_mpCount               : ==> Parameters: 
2026-09-05T18:24:24.220+08:00 DEBUG 90233 --- [fang123-backend] [nio-8090-exec-8] c.f.m.L.selectList_mpCount               : <==      Total: 1
2026-09-05T18:24:24.221+08:00 DEBUG 90233 --- [fang123-backend] [nio-8090-exec-8] c.f.m.LoupanHuxingMapper.selectList      : ==>  Preparing: SELECT id,loupan_id,huxing_name,area,inside_area,inside_area_with_gift,room_num,hall_num,toilet_num,balcony_num,orientation,floor_type,unit_price,total_price_start,total_price_end,is_show_house,tag,sort,huxing_image,standard_huxing_image,deleted,create_time,update_time FROM loupan_huxing WHERE deleted=0 ORDER BY id DESC LIMIT ?
2026-09-05T18:24:24.221+08:00 DEBUG 90233 --- [fang123-backend] [nio-8090-exec-8] c.f.m.LoupanHuxingMapper.selectList      : ==> Parameters: 10(Long)
2026-09-05T18:24:24.223+08:00 DEBUG 90233 --- [fang123-backend] [nio-8090-exec-8] c.f.m.LoupanHuxingMapper.selectList      : <==      Total: 9
2026-09-05T18:24:34.217+08:00 DEBUG 90233 --- [fang123-backend] [nio-8090-exec-1] o.s.security.web.FilterChainProxy        : Securing GET /api/admin/medias?page=1&size=10
2026-09-05T18:24:34.219+08:00 DEBUG 90233 --- [fang123-backend] [nio-8090-exec-1] o.s.security.web.FilterChainProxy        : Secured GET /api/admin/medias?page=1&size=10
2026-09-05T18:24:34.223+08:00 DEBUG 90233 --- [fang123-backend] [nio-8090-exec-1] c.f.m.L.selectList_mpCount               : ==>  Preparing: SELECT COUNT(*) AS total FROM loupan_media WHERE deleted = 0
2026-09-05T18:24:34.223+08:00 DEBUG 90233 --- [fang123-backend] [nio-8090-exec-1] c.f.m.L.selectList_mpCount               : ==> Parameters: 
2026-09-05T18:24:34.224+08:00 DEBUG 90233 --- [fang123-backend] [nio-8090-exec-1] c.f.m.L.selectList_mpCount               : <==      Total: 1
2026-09-05T18:24:34.225+08:00 DEBUG 90233 --- [fang123-backend] [nio-8090-exec-1] c.f.mapper.LoupanMediaMapper.selectList  : ==>  Preparing: SELECT id,loupan_id,huxing_id,media_type,media_url,media_title,sort,deleted,create_time FROM loupan_media WHERE deleted=0 ORDER BY id DESC LIMIT ?
2026-09-05T18:24:34.225+08:00 DEBUG 90233 --- [fang123-backend] [nio-8090-exec-1] c.f.mapper.LoupanMediaMapper.selectList  : ==> Parameters: 10(Long)
2026-09-05T18:24:34.227+08:00 DEBUG 90233 --- [fang123-backend] [nio-8090-exec-1] c.f.mapper.LoupanMediaMapper.selectList  : <==      Total: 10
2026-09-05T18:24:43.496+08:00 DEBUG 90233 --- [fang123-backend] [nio-8090-exec-4] o.s.security.web.FilterChainProxy        : Securing PUT /api/admin/medias/22
2026-09-05T18:24:43.501+08:00 DEBUG 90233 --- [fang123-backend] [nio-8090-exec-4] o.s.security.web.FilterChainProxy        : Secured PUT /api/admin/medias/22
2026-09-05T18:24:43.530+08:00 DEBUG 90233 --- [fang123-backend] [nio-8090-exec-4] c.f.mapper.LoupanMediaMapper.selectById  : ==>  Preparing: SELECT id,loupan_id,huxing_id,media_type,media_url,media_title,sort,deleted,create_time FROM loupan_media WHERE id=? AND deleted=0
2026-09-05T18:24:43.531+08:00 DEBUG 90233 --- [fang123-backend] [nio-8090-exec-4] c.f.mapper.LoupanMediaMapper.selectById  : ==> Parameters: 22(Long)
2026-09-05T18:24:43.534+08:00 DEBUG 90233 --- [fang123-backend] [nio-8090-exec-4] c.f.mapper.LoupanMediaMapper.selectById  : <==      Total: 1
2026-09-05T18:24:43.540+08:00 DEBUG 90233 --- [fang123-backend] [nio-8090-exec-4] c.f.mapper.LoupanMediaMapper.updateById  : ==>  Preparing: UPDATE loupan_media SET loupan_id=?, huxing_id=?, media_type=?, media_url=?, media_title=?, sort=?, create_time=? WHERE id=? AND deleted=0
2026-09-05T18:24:43.540+08:00 DEBUG 90233 --- [fang123-backend] [nio-8090-exec-4] c.f.mapper.LoupanMediaMapper.updateById  : ==> Parameters: 1(Long), 6(Long), 5(Integer), https://neoimage-1251198067.cos.ap-shanghai.myqcloud.com/media/loupan/70f83823220743f5a072b18762a40a96.mp4(String), (String), 0(Integer), 2026-09-05T18:14:59(LocalDateTime), 22(Long)
2026-09-05T18:24:43.562+08:00 DEBUG 90233 --- [fang123-backend] [nio-8090-exec-4] c.f.mapper.LoupanMediaMapper.updateById  : <==    Updates: 1
2026-09-05T18:24:43.562+08:00 DEBUG 90233 --- [fang123-backend] [nio-8090-exec-4] c.f.mapper.LoupanMediaMapper.selectById  : ==>  Preparing: SELECT id,loupan_id,huxing_id,media_type,media_url,media_title,sort,deleted,create_time FROM loupan_media WHERE id=? AND deleted=0
2026-09-05T18:24:43.562+08:00 DEBUG 90233 --- [fang123-backend] [nio-8090-exec-4] c.f.mapper.LoupanMediaMapper.selectById  : ==> Parameters: 22(Long)
2026-09-05T18:24:43.563+08:00 DEBUG 90233 --- [fang123-backend] [nio-8090-exec-4] c.f.mapper.LoupanMediaMapper.selectById  : <==      Total: 1
2026-09-05T18:24:43.581+08:00 DEBUG 90233 --- [fang123-backend] [io-8090-exec-10] o.s.security.web.FilterChainProxy        : Securing GET /api/admin/medias?page=1&size=10
2026-09-05T18:24:43.582+08:00 DEBUG 90233 --- [fang123-backend] [io-8090-exec-10] o.s.security.web.FilterChainProxy        : Secured GET /api/admin/medias?page=1&size=10
2026-09-05T18:24:43.586+08:00 DEBUG 90233 --- [fang123-backend] [io-8090-exec-10] c.f.m.L.selectList_mpCount               : ==>  Preparing: SELECT COUNT(*) AS total FROM loupan_media WHERE deleted = 0
2026-09-05T18:24:43.586+08:00 DEBUG 90233 --- [fang123-backend] [io-8090-exec-10] c.f.m.L.selectList_mpCount               : ==> Parameters: 
2026-09-05T18:24:43.587+08:00 DEBUG 90233 --- [fang123-backend] [io-8090-exec-10] c.f.m.L.selectList_mpCount               : <==      Total: 1
2026-09-05T18:24:43.587+08:00 DEBUG 90233 --- [fang123-backend] [io-8090-exec-10] c.f.mapper.LoupanMediaMapper.selectList  : ==>  Preparing: SELECT id,loupan_id,huxing_id,media_type,media_url,media_title,sort,deleted,create_time FROM loupan_media WHERE deleted=0 ORDER BY id DESC LIMIT ?
2026-09-05T18:24:43.587+08:00 DEBUG 90233 --- [fang123-backend] [io-8090-exec-10] c.f.mapper.LoupanMediaMapper.selectList  : ==> Parameters: 10(Long)
2026-09-05T18:24:43.588+08:00 DEBUG 90233 --- [fang123-backend] [io-8090-exec-10] c.f.mapper.LoupanMediaMapper.selectList  : <==      Total: 10
2026-09-05T18:24:46.703+08:00 DEBUG 90233 --- [fang123-backend] [nio-8090-exec-3] o.s.security.web.FilterChainProxy        : Securing GET /api/public/loupans/KjtcfZ4fS2w/huxings
2026-09-05T18:24:46.703+08:00 DEBUG 90233 --- [fang123-backend] [nio-8090-exec-2] o.s.security.web.FilterChainProxy        : Securing GET /api/public/loupans/KjtcfZ4fS2w
2026-09-05T18:24:46.705+08:00 DEBUG 90233 --- [fang123-backend] [nio-8090-exec-3] o.s.s.w.a.AnonymousAuthenticationFilter  : Set SecurityContextHolder to anonymous SecurityContext
2026-09-05T18:24:46.705+08:00 DEBUG 90233 --- [fang123-backend] [nio-8090-exec-2] o.s.s.w.a.AnonymousAuthenticationFilter  : Set SecurityContextHolder to anonymous SecurityContext
2026-09-05T18:24:46.705+08:00 DEBUG 90233 --- [fang123-backend] [nio-8090-exec-3] o.s.security.web.FilterChainProxy        : Secured GET /api/public/loupans/KjtcfZ4fS2w/huxings
2026-09-05T18:24:46.705+08:00 DEBUG 90233 --- [fang123-backend] [nio-8090-exec-2] o.s.security.web.FilterChainProxy        : Secured GET /api/public/loupans/KjtcfZ4fS2w
2026-09-05T18:24:46.707+08:00 DEBUG 90233 --- [fang123-backend] [nio-8090-exec-2] c.f.mapper.LoupanMapper.selectById       : ==>  Preparing: SELECT id,land_id,land_no,cover_image,project_name,short_name,district,plate,avg_unit_price,avg_unit_price_yangfang,avg_unit_price_dieshu,avg_unit_price_paiwu,min_total_price,max_total_price,price_tag,sales_address,sales_status,sales_tel,project_address,show_house_desc,delivery_date,floor_height_min,floor_height_max,building_total,floor_min,floor_max,area_min,area_max,decorate_type,property_right_year,house_type,community_facility,people_car_separate,property_fee_high,property_fee_villa,property_company,park_total,park_sell_num,park_ratio,facade_material,self_hold_rate,build_area,land_area,house_total,plot_ratio,green_rate,project_company,brand_list,land_price,land_unit_price,land_buy_date,edu_support,traffic_support,medical_support,business_support,view_support,longitude,latitude,sort,deleted,create_time,update_time FROM loupan WHERE id=? AND deleted=0
2026-09-05T18:24:46.709+08:00 DEBUG 90233 --- [fang123-backend] [nio-8090-exec-2] c.f.mapper.LoupanMapper.selectById       : ==> Parameters: 1(Long)
2026-09-05T18:24:46.709+08:00 DEBUG 90233 --- [fang123-backend] [nio-8090-exec-3] c.f.m.LoupanHuxingMapper.selectList      : ==>  Preparing: SELECT id,loupan_id,huxing_name,area,inside_area,inside_area_with_gift,room_num,hall_num,toilet_num,balcony_num,orientation,floor_type,unit_price,total_price_start,total_price_end,is_show_house,tag,sort,huxing_image,standard_huxing_image,deleted,create_time,update_time FROM loupan_huxing WHERE deleted=0 AND (loupan_id = ?) ORDER BY sort ASC
2026-09-05T18:24:46.710+08:00 DEBUG 90233 --- [fang123-backend] [nio-8090-exec-3] c.f.m.LoupanHuxingMapper.selectList      : ==> Parameters: 1(Long)
2026-09-05T18:24:46.712+08:00 DEBUG 90233 --- [fang123-backend] [nio-8090-exec-3] c.f.m.LoupanHuxingMapper.selectList      : <==      Total: 5
2026-09-05T18:24:46.713+08:00 DEBUG 90233 --- [fang123-backend] [nio-8090-exec-2] c.f.mapper.LoupanMapper.selectById       : <==      Total: 1
2026-09-05T18:24:47.491+08:00 DEBUG 90233 --- [fang123-backend] [nio-8090-exec-7] o.s.security.web.FilterChainProxy        : Securing GET /api/public/loupans/KjtcfZ4fS2w
2026-09-05T18:24:47.491+08:00 DEBUG 90233 --- [fang123-backend] [nio-8090-exec-6] o.s.security.web.FilterChainProxy        : Securing GET /api/public/loupans/KjtcfZ4fS2w/huxings
2026-09-05T18:24:47.492+08:00 DEBUG 90233 --- [fang123-backend] [nio-8090-exec-6] o.s.s.w.a.AnonymousAuthenticationFilter  : Set SecurityContextHolder to anonymous SecurityContext
2026-09-05T18:24:47.492+08:00 DEBUG 90233 --- [fang123-backend] [nio-8090-exec-6] o.s.security.web.FilterChainProxy        : Secured GET /api/public/loupans/KjtcfZ4fS2w/huxings
2026-09-05T18:24:47.493+08:00 DEBUG 90233 --- [fang123-backend] [nio-8090-exec-7] o.s.s.w.a.AnonymousAuthenticationFilter  : Set SecurityContextHolder to anonymous SecurityContext
2026-09-05T18:24:47.493+08:00 DEBUG 90233 --- [fang123-backend] [nio-8090-exec-7] o.s.security.web.FilterChainProxy        : Secured GET /api/public/loupans/KjtcfZ4fS2w
2026-09-05T18:24:47.494+08:00 DEBUG 90233 --- [fang123-backend] [nio-8090-exec-7] c.f.mapper.LoupanMapper.selectById       : ==>  Preparing: SELECT id,land_id,land_no,cover_image,project_name,short_name,district,plate,avg_unit_price,avg_unit_price_yangfang,avg_unit_price_dieshu,avg_unit_price_paiwu,min_total_price,max_total_price,price_tag,sales_address,sales_status,sales_tel,project_address,show_house_desc,delivery_date,floor_height_min,floor_height_max,building_total,floor_min,floor_max,area_min,area_max,decorate_type,property_right_year,house_type,community_facility,people_car_separate,property_fee_high,property_fee_villa,property_company,park_total,park_sell_num,park_ratio,facade_material,self_hold_rate,build_area,land_area,house_total,plot_ratio,green_rate,project_company,brand_list,land_price,land_unit_price,land_buy_date,edu_support,traffic_support,medical_support,business_support,view_support,longitude,latitude,sort,deleted,create_time,update_time FROM loupan WHERE id=? AND deleted=0
2026-09-05T18:24:47.495+08:00 DEBUG 90233 --- [fang123-backend] [nio-8090-exec-6] c.f.m.LoupanHuxingMapper.selectList      : ==>  Preparing: SELECT id,loupan_id,huxing_name,area,inside_area,inside_area_with_gift,room_num,hall_num,toilet_num,balcony_num,orientation,floor_type,unit_price,total_price_start,total_price_end,is_show_house,tag,sort,huxing_image,standard_huxing_image,deleted,create_time,update_time FROM loupan_huxing WHERE deleted=0 AND (loupan_id = ?) ORDER BY sort ASC
2026-09-05T18:24:47.495+08:00 DEBUG 90233 --- [fang123-backend] [nio-8090-exec-7] c.f.mapper.LoupanMapper.selectById       : ==> Parameters: 1(Long)
2026-09-05T18:24:47.495+08:00 DEBUG 90233 --- [fang123-backend] [nio-8090-exec-6] c.f.m.LoupanHuxingMapper.selectList      : ==> Parameters: 1(Long)
2026-09-05T18:24:47.496+08:00 DEBUG 90233 --- [fang123-backend] [nio-8090-exec-6] c.f.m.LoupanHuxingMapper.selectList      : <==      Total: 5
2026-09-05T18:24:47.496+08:00 DEBUG 90233 --- [fang123-backend] [nio-8090-exec-7] c.f.mapper.LoupanMapper.selectById       : <==      Total: 1
2026-09-05T18:24:48.489+08:00 DEBUG 90233 --- [fang123-backend] [nio-8090-exec-9] o.s.security.web.FilterChainProxy        : Securing GET /api/public/loupans/KjtcfZ4fS2w/huxings
2026-09-05T18:24:48.489+08:00 DEBUG 90233 --- [fang123-backend] [nio-8090-exec-5] o.s.security.web.FilterChainProxy        : Securing GET /api/public/loupans/KjtcfZ4fS2w
2026-09-05T18:24:48.491+08:00 DEBUG 90233 --- [fang123-backend] [nio-8090-exec-5] o.s.s.w.a.AnonymousAuthenticationFilter  : Set SecurityContextHolder to anonymous SecurityContext
2026-09-05T18:24:48.491+08:00 DEBUG 90233 --- [fang123-backend] [nio-8090-exec-5] o.s.security.web.FilterChainProxy        : Secured GET /api/public/loupans/KjtcfZ4fS2w
2026-09-05T18:24:48.493+08:00 DEBUG 90233 --- [fang123-backend] [nio-8090-exec-9] o.s.s.w.a.AnonymousAuthenticationFilter  : Set SecurityContextHolder to anonymous SecurityContext
2026-09-05T18:24:48.493+08:00 DEBUG 90233 --- [fang123-backend] [nio-8090-exec-9] o.s.security.web.FilterChainProxy        : Secured GET /api/public/loupans/KjtcfZ4fS2w/huxings
2026-09-05T18:24:48.493+08:00 DEBUG 90233 --- [fang123-backend] [nio-8090-exec-5] c.f.mapper.LoupanMapper.selectById       : ==>  Preparing: SELECT id,land_id,land_no,cover_image,project_name,short_name,district,plate,avg_unit_price,avg_unit_price_yangfang,avg_unit_price_dieshu,avg_unit_price_paiwu,min_total_price,max_total_price,price_tag,sales_address,sales_status,sales_tel,project_address,show_house_desc,delivery_date,floor_height_min,floor_height_max,building_total,floor_min,floor_max,area_min,area_max,decorate_type,property_right_year,house_type,community_facility,people_car_separate,property_fee_high,property_fee_villa,property_company,park_total,park_sell_num,park_ratio,facade_material,self_hold_rate,build_area,land_area,house_total,plot_ratio,green_rate,project_company,brand_list,land_price,land_unit_price,land_buy_date,edu_support,traffic_support,medical_support,business_support,view_support,longitude,latitude,sort,deleted,create_time,update_time FROM loupan WHERE id=? AND deleted=0
2026-09-05T18:24:48.494+08:00 DEBUG 90233 --- [fang123-backend] [nio-8090-exec-5] c.f.mapper.LoupanMapper.selectById       : ==> Parameters: 1(Long)
2026-09-05T18:24:48.495+08:00 DEBUG 90233 --- [fang123-backend] [nio-8090-exec-9] c.f.m.LoupanHuxingMapper.selectList      : ==>  Preparing: SELECT id,loupan_id,huxing_name,area,inside_area,inside_area_with_gift,room_num,hall_num,toilet_num,balcony_num,orientation,floor_type,unit_price,total_price_start,total_price_end,is_show_house,tag,sort,huxing_image,standard_huxing_image,deleted,create_time,update_time FROM loupan_huxing WHERE deleted=0 AND (loupan_id = ?) ORDER BY sort ASC
2026-09-05T18:24:48.495+08:00 DEBUG 90233 --- [fang123-backend] [nio-8090-exec-9] c.f.m.LoupanHuxingMapper.selectList      : ==> Parameters: 1(Long)
2026-09-05T18:24:48.496+08:00 DEBUG 90233 --- [fang123-backend] [nio-8090-exec-5] c.f.mapper.LoupanMapper.selectById       : <==      Total: 1
2026-09-05T18:24:48.496+08:00 DEBUG 90233 --- [fang123-backend] [nio-8090-exec-9] c.f.m.LoupanHuxingMapper.selectList      : <==      Total: 5
2026-09-05T18:24:49.003+08:00 DEBUG 90233 --- [fang123-backend] [nio-8090-exec-8] o.s.security.web.FilterChainProxy        : Securing GET /api/public/loupans/KjtcfZ4fS2w
2026-09-05T18:24:49.003+08:00 DEBUG 90233 --- [fang123-backend] [nio-8090-exec-1] o.s.security.web.FilterChainProxy        : Securing GET /api/public/loupans/KjtcfZ4fS2w/huxings
2026-09-05T18:24:49.004+08:00 DEBUG 90233 --- [fang123-backend] [nio-8090-exec-1] o.s.s.w.a.AnonymousAuthenticationFilter  : Set SecurityContextHolder to anonymous SecurityContext
2026-09-05T18:24:49.004+08:00 DEBUG 90233 --- [fang123-backend] [nio-8090-exec-8] o.s.s.w.a.AnonymousAuthenticationFilter  : Set SecurityContextHolder to anonymous SecurityContext
2026-09-05T18:24:49.004+08:00 DEBUG 90233 --- [fang123-backend] [nio-8090-exec-8] o.s.security.web.FilterChainProxy        : Secured GET /api/public/loupans/KjtcfZ4fS2w
2026-09-05T18:24:49.004+08:00 DEBUG 90233 --- [fang123-backend] [nio-8090-exec-1] o.s.security.web.FilterChainProxy        : Secured GET /api/public/loupans/KjtcfZ4fS2w/huxings
2026-09-05T18:24:49.005+08:00 DEBUG 90233 --- [fang123-backend] [nio-8090-exec-8] c.f.mapper.LoupanMapper.selectById       : ==>  Preparing: SELECT id,land_id,land_no,cover_image,project_name,short_name,district,plate,avg_unit_price,avg_unit_price_yangfang,avg_unit_price_dieshu,avg_unit_price_paiwu,min_total_price,max_total_price,price_tag,sales_address,sales_status,sales_tel,project_address,show_house_desc,delivery_date,floor_height_min,floor_height_max,building_total,floor_min,floor_max,area_min,area_max,decorate_type,property_right_year,house_type,community_facility,people_car_separate,property_fee_high,property_fee_villa,property_company,park_total,park_sell_num,park_ratio,facade_material,self_hold_rate,build_area,land_area,house_total,plot_ratio,green_rate,project_company,brand_list,land_price,land_unit_price,land_buy_date,edu_support,traffic_support,medical_support,business_support,view_support,longitude,latitude,sort,deleted,create_time,update_time FROM loupan WHERE id=? AND deleted=0
2026-09-05T18:24:49.006+08:00 DEBUG 90233 --- [fang123-backend] [nio-8090-exec-1] c.f.m.LoupanHuxingMapper.selectList      : ==>  Preparing: SELECT id,loupan_id,huxing_name,area,inside_area,inside_area_with_gift,room_num,hall_num,toilet_num,balcony_num,orientation,floor_type,unit_price,total_price_start,total_price_end,is_show_house,tag,sort,huxing_image,standard_huxing_image,deleted,create_time,update_time FROM loupan_huxing WHERE deleted=0 AND (loupan_id = ?) ORDER BY sort ASC
2026-09-05T18:24:49.006+08:00 DEBUG 90233 --- [fang123-backend] [nio-8090-exec-8] c.f.mapper.LoupanMapper.selectById       : ==> Parameters: 1(Long)
2026-09-05T18:24:49.006+08:00 DEBUG 90233 --- [fang123-backend] [nio-8090-exec-1] c.f.m.LoupanHuxingMapper.selectList      : ==> Parameters: 1(Long)
2026-09-05T18:24:49.008+08:00 DEBUG 90233 --- [fang123-backend] [nio-8090-exec-1] c.f.m.LoupanHuxingMapper.selectList      : <==      Total: 5
2026-09-05T18:24:49.008+08:00 DEBUG 90233 --- [fang123-backend] [nio-8090-exec-8] c.f.mapper.LoupanMapper.selectById       : <==      Total: 1
2026-09-05T18:24:51.445+08:00 DEBUG 90233 --- [fang123-backend] [io-8090-exec-10] o.s.security.web.FilterChainProxy        : Securing GET /api/public/loupan-filters
2026-09-05T18:24:51.445+08:00 DEBUG 90233 --- [fang123-backend] [nio-8090-exec-4] o.s.security.web.FilterChainProxy        : Securing GET /api/public/loupans?page=1&size=10&salesStatus=2,3
2026-09-05T18:24:51.447+08:00 DEBUG 90233 --- [fang123-backend] [nio-8090-exec-4] o.s.s.w.a.AnonymousAuthenticationFilter  : Set SecurityContextHolder to anonymous SecurityContext
2026-09-05T18:24:51.447+08:00 DEBUG 90233 --- [fang123-backend] [io-8090-exec-10] o.s.s.w.a.AnonymousAuthenticationFilter  : Set SecurityContextHolder to anonymous SecurityContext
2026-09-05T18:24:51.447+08:00 DEBUG 90233 --- [fang123-backend] [nio-8090-exec-4] o.s.security.web.FilterChainProxy        : Secured GET /api/public/loupans?page=1&size=10&salesStatus=2,3
2026-09-05T18:24:51.447+08:00 DEBUG 90233 --- [fang123-backend] [io-8090-exec-10] o.s.security.web.FilterChainProxy        : Secured GET /api/public/loupan-filters
2026-09-05T18:24:51.451+08:00 DEBUG 90233 --- [fang123-backend] [io-8090-exec-10] c.f.mapper.LoupanMapper.selectList       : ==>  Preparing: SELECT id,land_id,land_no,cover_image,project_name,short_name,district,plate,avg_unit_price,avg_unit_price_yangfang,avg_unit_price_dieshu,avg_unit_price_paiwu,min_total_price,max_total_price,price_tag,sales_address,sales_status,sales_tel,project_address,show_house_desc,delivery_date,floor_height_min,floor_height_max,building_total,floor_min,floor_max,area_min,area_max,decorate_type,property_right_year,house_type,community_facility,people_car_separate,property_fee_high,property_fee_villa,property_company,park_total,park_sell_num,park_ratio,facade_material,self_hold_rate,build_area,land_area,house_total,plot_ratio,green_rate,project_company,brand_list,land_price,land_unit_price,land_buy_date,edu_support,traffic_support,medical_support,business_support,view_support,longitude,latitude,sort,deleted,create_time,update_time FROM loupan WHERE deleted=0
2026-09-05T18:24:51.451+08:00 DEBUG 90233 --- [fang123-backend] [io-8090-exec-10] c.f.mapper.LoupanMapper.selectList       : ==> Parameters: 
2026-09-05T18:24:51.453+08:00 DEBUG 90233 --- [fang123-backend] [io-8090-exec-10] c.f.mapper.LoupanMapper.selectList       : <==      Total: 3
2026-09-05T18:24:51.458+08:00 DEBUG 90233 --- [fang123-backend] [nio-8090-exec-4] c.f.m.LoupanMapper.selectList_mpCount    : ==>  Preparing: SELECT COUNT(*) AS total FROM loupan WHERE deleted = 0 AND (sales_status IN (?, ?))
2026-09-05T18:24:51.458+08:00 DEBUG 90233 --- [fang123-backend] [nio-8090-exec-4] c.f.m.LoupanMapper.selectList_mpCount    : ==> Parameters: 2(Integer), 3(Integer)
2026-09-05T18:24:51.459+08:00 DEBUG 90233 --- [fang123-backend] [nio-8090-exec-4] c.f.m.LoupanMapper.selectList_mpCount    : <==      Total: 1
2026-09-05T18:24:51.459+08:00 DEBUG 90233 --- [fang123-backend] [nio-8090-exec-4] c.f.mapper.LoupanMapper.selectList       : ==>  Preparing: SELECT id,land_id,land_no,cover_image,project_name,short_name,district,plate,avg_unit_price,avg_unit_price_yangfang,avg_unit_price_dieshu,avg_unit_price_paiwu,min_total_price,max_total_price,price_tag,sales_address,sales_status,sales_tel,project_address,show_house_desc,delivery_date,floor_height_min,floor_height_max,building_total,floor_min,floor_max,area_min,area_max,decorate_type,property_right_year,house_type,community_facility,people_car_separate,property_fee_high,property_fee_villa,property_company,park_total,park_sell_num,park_ratio,facade_material,self_hold_rate,build_area,land_area,house_total,plot_ratio,green_rate,project_company,brand_list,land_price,land_unit_price,land_buy_date,edu_support,traffic_support,medical_support,business_support,view_support,longitude,latitude,sort,deleted,create_time,update_time FROM loupan WHERE deleted=0 AND (sales_status IN (?,?)) ORDER BY sort DESC,create_time DESC LIMIT ?
2026-09-05T18:24:51.459+08:00 DEBUG 90233 --- [fang123-backend] [nio-8090-exec-4] c.f.mapper.LoupanMapper.selectList       : ==> Parameters: 2(Integer), 3(Integer), 10(Long)
2026-09-05T18:24:51.461+08:00 DEBUG 90233 --- [fang123-backend] [nio-8090-exec-4] c.f.mapper.LoupanMapper.selectList       : <==      Total: 2
2026-09-05T18:24:51.466+08:00 DEBUG 90233 --- [fang123-backend] [nio-8090-exec-3] o.s.security.web.FilterChainProxy        : Securing GET /api/public/loupans/huxings/batch?loupanIds=2,1
2026-09-05T18:24:51.468+08:00 DEBUG 90233 --- [fang123-backend] [nio-8090-exec-3] o.s.s.w.a.AnonymousAuthenticationFilter  : Set SecurityContextHolder to anonymous SecurityContext
2026-09-05T18:24:51.468+08:00 DEBUG 90233 --- [fang123-backend] [nio-8090-exec-3] o.s.security.web.FilterChainProxy        : Secured GET /api/public/loupans/huxings/batch?loupanIds=2,1
2026-09-05T18:24:51.469+08:00 DEBUG 90233 --- [fang123-backend] [nio-8090-exec-3] c.f.m.LoupanHuxingMapper.selectList      : ==>  Preparing: SELECT id,loupan_id,huxing_name,area,inside_area,inside_area_with_gift,room_num,hall_num,toilet_num,balcony_num,orientation,floor_type,unit_price,total_price_start,total_price_end,is_show_house,tag,sort,huxing_image,standard_huxing_image,deleted,create_time,update_time FROM loupan_huxing WHERE deleted=0 AND (loupan_id = ?) ORDER BY area DESC
2026-09-05T18:24:51.469+08:00 DEBUG 90233 --- [fang123-backend] [nio-8090-exec-3] c.f.m.LoupanHuxingMapper.selectList      : ==> Parameters: 2(Long)
2026-09-05T18:24:51.470+08:00 DEBUG 90233 --- [fang123-backend] [nio-8090-exec-3] c.f.m.LoupanHuxingMapper.selectList      : <==      Total: 0
2026-09-05T18:24:51.471+08:00 DEBUG 90233 --- [fang123-backend] [nio-8090-exec-3] c.f.m.LoupanHuxingMapper.selectList      : ==>  Preparing: SELECT id,loupan_id,huxing_name,area,inside_area,inside_area_with_gift,room_num,hall_num,toilet_num,balcony_num,orientation,floor_type,unit_price,total_price_start,total_price_end,is_show_house,tag,sort,huxing_image,standard_huxing_image,deleted,create_time,update_time FROM loupan_huxing WHERE deleted=0 AND (loupan_id = ?) ORDER BY area DESC
2026-09-05T18:24:51.471+08:00 DEBUG 90233 --- [fang123-backend] [nio-8090-exec-3] c.f.m.LoupanHuxingMapper.selectList      : ==> Parameters: 1(Long)
2026-09-05T18:24:51.472+08:00 DEBUG 90233 --- [fang123-backend] [nio-8090-exec-3] c.f.m.LoupanHuxingMapper.selectList      : <==      Total: 5
2026-09-05T18:24:53.535+08:00 DEBUG 90233 --- [fang123-backend] [nio-8090-exec-2] o.s.security.web.FilterChainProxy        : Securing GET /api/public/loupans/KjtcfZ4fS2w
2026-09-05T18:24:53.537+08:00 DEBUG 90233 --- [fang123-backend] [nio-8090-exec-2] o.s.s.w.a.AnonymousAuthenticationFilter  : Set SecurityContextHolder to anonymous SecurityContext
2026-09-05T18:24:53.537+08:00 DEBUG 90233 --- [fang123-backend] [nio-8090-exec-2] o.s.security.web.FilterChainProxy        : Secured GET /api/public/loupans/KjtcfZ4fS2w
2026-09-05T18:24:53.538+08:00 DEBUG 90233 --- [fang123-backend] [nio-8090-exec-2] c.f.mapper.LoupanMapper.selectById       : ==>  Preparing: SELECT id,land_id,land_no,cover_image,project_name,short_name,district,plate,avg_unit_price,avg_unit_price_yangfang,avg_unit_price_dieshu,avg_unit_price_paiwu,min_total_price,max_total_price,price_tag,sales_address,sales_status,sales_tel,project_address,show_house_desc,delivery_date,floor_height_min,floor_height_max,building_total,floor_min,floor_max,area_min,area_max,decorate_type,property_right_year,house_type,community_facility,people_car_separate,property_fee_high,property_fee_villa,property_company,park_total,park_sell_num,park_ratio,facade_material,self_hold_rate,build_area,land_area,house_total,plot_ratio,green_rate,project_company,brand_list,land_price,land_unit_price,land_buy_date,edu_support,traffic_support,medical_support,business_support,view_support,longitude,latitude,sort,deleted,create_time,update_time FROM loupan WHERE id=? AND deleted=0
2026-09-05T18:24:53.538+08:00 DEBUG 90233 --- [fang123-backend] [nio-8090-exec-2] c.f.mapper.LoupanMapper.selectById       : ==> Parameters: 1(Long)
2026-09-05T18:24:53.540+08:00 DEBUG 90233 --- [fang123-backend] [nio-8090-exec-2] c.f.mapper.LoupanMapper.selectById       : <==      Total: 1
2026-09-05T18:24:53.582+08:00 DEBUG 90233 --- [fang123-backend] [nio-8090-exec-6] o.s.security.web.FilterChainProxy        : Securing GET /api/public/loupans/KjtcfZ4fS2w/presale-permits
2026-09-05T18:24:53.582+08:00 DEBUG 90233 --- [fang123-backend] [nio-8090-exec-5] o.s.security.web.FilterChainProxy        : Securing GET /api/public/loupans/KjtcfZ4fS2w/medias
2026-09-05T18:24:53.582+08:00 DEBUG 90233 --- [fang123-backend] [nio-8090-exec-7] o.s.security.web.FilterChainProxy        : Securing GET /api/public/loupans/KjtcfZ4fS2w/huxings
2026-09-05T18:24:53.583+08:00 DEBUG 90233 --- [fang123-backend] [nio-8090-exec-7] o.s.s.w.a.AnonymousAuthenticationFilter  : Set SecurityContextHolder to anonymous SecurityContext
2026-09-05T18:24:53.583+08:00 DEBUG 90233 --- [fang123-backend] [nio-8090-exec-7] o.s.security.web.FilterChainProxy        : Secured GET /api/public/loupans/KjtcfZ4fS2w/huxings
2026-09-05T18:24:53.584+08:00 DEBUG 90233 --- [fang123-backend] [nio-8090-exec-5] o.s.s.w.a.AnonymousAuthenticationFilter  : Set SecurityContextHolder to anonymous SecurityContext
2026-09-05T18:24:53.584+08:00 DEBUG 90233 --- [fang123-backend] [nio-8090-exec-5] o.s.security.web.FilterChainProxy        : Secured GET /api/public/loupans/KjtcfZ4fS2w/medias
2026-09-05T18:24:53.583+08:00 DEBUG 90233 --- [fang123-backend] [nio-8090-exec-6] o.s.s.w.a.AnonymousAuthenticationFilter  : Set SecurityContextHolder to anonymous SecurityContext
2026-09-05T18:24:53.585+08:00 DEBUG 90233 --- [fang123-backend] [nio-8090-exec-6] o.s.security.web.FilterChainProxy        : Secured GET /api/public/loupans/KjtcfZ4fS2w/presale-permits
2026-09-05T18:24:53.587+08:00 DEBUG 90233 --- [fang123-backend] [nio-8090-exec-5] c.f.mapper.LoupanMediaMapper.selectList  : ==>  Preparing: SELECT id,loupan_id,huxing_id,media_type,media_url,media_title,sort,deleted,create_time FROM loupan_media WHERE deleted=0 AND (loupan_id = ?) ORDER BY sort ASC
2026-09-05T18:24:53.588+08:00 DEBUG 90233 --- [fang123-backend] [nio-8090-exec-7] c.f.m.LoupanHuxingMapper.selectList      : ==>  Preparing: SELECT id,loupan_id,huxing_name,area,inside_area,inside_area_with_gift,room_num,hall_num,toilet_num,balcony_num,orientation,floor_type,unit_price,total_price_start,total_price_end,is_show_house,tag,sort,huxing_image,standard_huxing_image,deleted,create_time,update_time FROM loupan_huxing WHERE deleted=0 AND (loupan_id = ?) ORDER BY sort ASC
2026-09-05T18:24:53.588+08:00 DEBUG 90233 --- [fang123-backend] [nio-8090-exec-5] c.f.mapper.LoupanMediaMapper.selectList  : ==> Parameters: 1(Long)
2026-09-05T18:24:53.588+08:00 DEBUG 90233 --- [fang123-backend] [nio-8090-exec-7] c.f.m.LoupanHuxingMapper.selectList      : ==> Parameters: 1(Long)
2026-09-05T18:24:53.588+08:00 DEBUG 90233 --- [fang123-backend] [nio-8090-exec-6] c.f.m.L.selectList                       : ==>  Preparing: SELECT id,loupan_id,project_name,publicity_date,issue_date,develop_company,location,sale_address,sale_phone,online_sale_area,permit_no,permit_no_str,deleted,create_time,update_time FROM loupan_presale_permit WHERE deleted=0 AND (loupan_id = ?) ORDER BY issue_date DESC
2026-09-05T18:24:53.590+08:00 DEBUG 90233 --- [fang123-backend] [nio-8090-exec-5] c.f.mapper.LoupanMediaMapper.selectList  : <==      Total: 4
2026-09-05T18:24:53.591+08:00 DEBUG 90233 --- [fang123-backend] [nio-8090-exec-7] c.f.m.LoupanHuxingMapper.selectList      : <==      Total: 5
2026-09-05T18:24:53.591+08:00 DEBUG 90233 --- [fang123-backend] [nio-8090-exec-6] c.f.m.L.selectList                       : ==> Parameters: 1(Long)
2026-09-05T18:24:53.652+08:00 DEBUG 90233 --- [fang123-backend] [nio-8090-exec-6] c.f.m.L.selectList                       : <==      Total: 2
2026-09-05T18:25:01.319+08:00 DEBUG 90233 --- [fang123-backend] [nio-8090-exec-9] o.s.security.web.FilterChainProxy        : Securing GET /api/public/loupans/KjtcfZ4fS2w/medias
2026-09-05T18:25:01.319+08:00 DEBUG 90233 --- [fang123-backend] [nio-8090-exec-8] o.s.security.web.FilterChainProxy        : Securing GET /api/public/loupans/KjtcfZ4fS2w
2026-09-05T18:25:01.324+08:00 DEBUG 90233 --- [fang123-backend] [nio-8090-exec-9] o.s.s.w.a.AnonymousAuthenticationFilter  : Set SecurityContextHolder to anonymous SecurityContext
2026-09-05T18:25:01.324+08:00 DEBUG 90233 --- [fang123-backend] [nio-8090-exec-8] o.s.s.w.a.AnonymousAuthenticationFilter  : Set SecurityContextHolder to anonymous SecurityContext
2026-09-05T18:25:01.324+08:00 DEBUG 90233 --- [fang123-backend] [nio-8090-exec-9] o.s.security.web.FilterChainProxy        : Secured GET /api/public/loupans/KjtcfZ4fS2w/medias
2026-09-05T18:25:01.324+08:00 DEBUG 90233 --- [fang123-backend] [nio-8090-exec-8] o.s.security.web.FilterChainProxy        : Secured GET /api/public/loupans/KjtcfZ4fS2w
2026-09-05T18:25:01.329+08:00 DEBUG 90233 --- [fang123-backend] [nio-8090-exec-9] c.f.mapper.LoupanMediaMapper.selectList  : ==>  Preparing: SELECT id,loupan_id,huxing_id,media_type,media_url,media_title,sort,deleted,create_time FROM loupan_media WHERE deleted=0 AND (loupan_id = ?) ORDER BY sort ASC
2026-09-05T18:25:01.329+08:00 DEBUG 90233 --- [fang123-backend] [nio-8090-exec-8] c.f.mapper.LoupanMapper.selectById       : ==>  Preparing: SELECT id,land_id,land_no,cover_image,project_name,short_name,district,plate,avg_unit_price,avg_unit_price_yangfang,avg_unit_price_dieshu,avg_unit_price_paiwu,min_total_price,max_total_price,price_tag,sales_address,sales_status,sales_tel,project_address,show_house_desc,delivery_date,floor_height_min,floor_height_max,building_total,floor_min,floor_max,area_min,area_max,decorate_type,property_right_year,house_type,community_facility,people_car_separate,property_fee_high,property_fee_villa,property_company,park_total,park_sell_num,park_ratio,facade_material,self_hold_rate,build_area,land_area,house_total,plot_ratio,green_rate,project_company,brand_list,land_price,land_unit_price,land_buy_date,edu_support,traffic_support,medical_support,business_support,view_support,longitude,latitude,sort,deleted,create_time,update_time FROM loupan WHERE id=? AND deleted=0
2026-09-05T18:25:01.330+08:00 DEBUG 90233 --- [fang123-backend] [nio-8090-exec-8] c.f.mapper.LoupanMapper.selectById       : ==> Parameters: 1(Long)
2026-09-05T18:25:01.330+08:00 DEBUG 90233 --- [fang123-backend] [nio-8090-exec-9] c.f.mapper.LoupanMediaMapper.selectList  : ==> Parameters: 1(Long)
2026-09-05T18:25:01.333+08:00 DEBUG 90233 --- [fang123-backend] [nio-8090-exec-9] c.f.mapper.LoupanMediaMapper.selectList  : <==      Total: 4
2026-09-05T18:25:01.333+08:00 DEBUG 90233 --- [fang123-backend] [nio-8090-exec-8] c.f.mapper.LoupanMapper.selectById       : <==      Total: 1
2026-09-05T18:25:10.445+08:00 DEBUG 90233 --- [fang123-backend] [nio-8090-exec-1] o.s.security.web.FilterChainProxy        : Securing GET /api/public/loupans/KjtcfZ4fS2w
2026-09-05T18:25:10.446+08:00 DEBUG 90233 --- [fang123-backend] [nio-8090-exec-1] o.s.s.w.a.AnonymousAuthenticationFilter  : Set SecurityContextHolder to anonymous SecurityContext
2026-09-05T18:25:10.446+08:00 DEBUG 90233 --- [fang123-backend] [nio-8090-exec-1] o.s.security.web.FilterChainProxy        : Secured GET /api/public/loupans/KjtcfZ4fS2w
2026-09-05T18:25:10.449+08:00 DEBUG 90233 --- [fang123-backend] [nio-8090-exec-1] c.f.mapper.LoupanMapper.selectById       : ==>  Preparing: SELECT id,land_id,land_no,cover_image,project_name,short_name,district,plate,avg_unit_price,avg_unit_price_yangfang,avg_unit_price_dieshu,avg_unit_price_paiwu,min_total_price,max_total_price,price_tag,sales_address,sales_status,sales_tel,project_address,show_house_desc,delivery_date,floor_height_min,floor_height_max,building_total,floor_min,floor_max,area_min,area_max,decorate_type,property_right_year,house_type,community_facility,people_car_separate,property_fee_high,property_fee_villa,property_company,park_total,park_sell_num,park_ratio,facade_material,self_hold_rate,build_area,land_area,house_total,plot_ratio,green_rate,project_company,brand_list,land_price,land_unit_price,land_buy_date,edu_support,traffic_support,medical_support,business_support,view_support,longitude,latitude,sort,deleted,create_time,update_time FROM loupan WHERE id=? AND deleted=0
2026-09-05T18:25:10.449+08:00 DEBUG 90233 --- [fang123-backend] [nio-8090-exec-1] c.f.mapper.LoupanMapper.selectById       : ==> Parameters: 1(Long)
2026-09-05T18:25:10.451+08:00 DEBUG 90233 --- [fang123-backend] [nio-8090-exec-1] c.f.mapper.LoupanMapper.selectById       : <==      Total: 1
2026-09-05T18:25:10.475+08:00 DEBUG 90233 --- [fang123-backend] [nio-8090-exec-4] o.s.security.web.FilterChainProxy        : Securing GET /api/public/loupans/KjtcfZ4fS2w/presale-permits
2026-09-05T18:25:10.475+08:00 DEBUG 90233 --- [fang123-backend] [nio-8090-exec-4] o.s.s.w.a.AnonymousAuthenticationFilter  : Set SecurityContextHolder to anonymous SecurityContext
2026-09-05T18:25:10.475+08:00 DEBUG 90233 --- [fang123-backend] [nio-8090-exec-4] o.s.security.web.FilterChainProxy        : Secured GET /api/public/loupans/KjtcfZ4fS2w/presale-permits
2026-09-05T18:25:10.475+08:00 DEBUG 90233 --- [fang123-backend] [io-8090-exec-10] o.s.security.web.FilterChainProxy        : Securing GET /api/public/loupans/KjtcfZ4fS2w/huxings
2026-09-05T18:25:10.476+08:00 DEBUG 90233 --- [fang123-backend] [nio-8090-exec-3] o.s.security.web.FilterChainProxy        : Securing GET /api/public/loupans/KjtcfZ4fS2w/medias
2026-09-05T18:25:10.477+08:00 DEBUG 90233 --- [fang123-backend] [nio-8090-exec-3] o.s.s.w.a.AnonymousAuthenticationFilter  : Set SecurityContextHolder to anonymous SecurityContext
2026-09-05T18:25:10.478+08:00 DEBUG 90233 --- [fang123-backend] [io-8090-exec-10] o.s.s.w.a.AnonymousAuthenticationFilter  : Set SecurityContextHolder to anonymous SecurityContext
2026-09-05T18:25:10.478+08:00 DEBUG 90233 --- [fang123-backend] [nio-8090-exec-3] o.s.security.web.FilterChainProxy        : Secured GET /api/public/loupans/KjtcfZ4fS2w/medias
2026-09-05T18:25:10.478+08:00 DEBUG 90233 --- [fang123-backend] [io-8090-exec-10] o.s.security.web.FilterChainProxy        : Secured GET /api/public/loupans/KjtcfZ4fS2w/huxings
2026-09-05T18:25:10.478+08:00 DEBUG 90233 --- [fang123-backend] [nio-8090-exec-4] c.f.m.L.selectList                       : ==>  Preparing: SELECT id,loupan_id,project_name,publicity_date,issue_date,develop_company,location,sale_address,sale_phone,online_sale_area,permit_no,permit_no_str,deleted,create_time,update_time FROM loupan_presale_permit WHERE deleted=0 AND (loupan_id = ?) ORDER BY issue_date DESC
2026-09-05T18:25:10.478+08:00 DEBUG 90233 --- [fang123-backend] [nio-8090-exec-4] c.f.m.L.selectList                       : ==> Parameters: 1(Long)
2026-09-05T18:25:10.479+08:00 DEBUG 90233 --- [fang123-backend] [io-8090-exec-10] c.f.m.LoupanHuxingMapper.selectList      : ==>  Preparing: SELECT id,loupan_id,huxing_name,area,inside_area,inside_area_with_gift,room_num,hall_num,toilet_num,balcony_num,orientation,floor_type,unit_price,total_price_start,total_price_end,is_show_house,tag,sort,huxing_image,standard_huxing_image,deleted,create_time,update_time FROM loupan_huxing WHERE deleted=0 AND (loupan_id = ?) ORDER BY sort ASC
2026-09-05T18:25:10.479+08:00 DEBUG 90233 --- [fang123-backend] [nio-8090-exec-3] c.f.mapper.LoupanMediaMapper.selectList  : ==>  Preparing: SELECT id,loupan_id,huxing_id,media_type,media_url,media_title,sort,deleted,create_time FROM loupan_media WHERE deleted=0 AND (loupan_id = ?) ORDER BY sort ASC
2026-09-05T18:25:10.479+08:00 DEBUG 90233 --- [fang123-backend] [nio-8090-exec-3] c.f.mapper.LoupanMediaMapper.selectList  : ==> Parameters: 1(Long)
2026-09-05T18:25:10.479+08:00 DEBUG 90233 --- [fang123-backend] [io-8090-exec-10] c.f.m.LoupanHuxingMapper.selectList      : ==> Parameters: 1(Long)
2026-09-05T18:25:10.480+08:00 DEBUG 90233 --- [fang123-backend] [io-8090-exec-10] c.f.m.LoupanHuxingMapper.selectList      : <==      Total: 5
2026-09-05T18:25:10.480+08:00 DEBUG 90233 --- [fang123-backend] [nio-8090-exec-3] c.f.mapper.LoupanMediaMapper.selectList  : <==      Total: 4
2026-09-05T18:25:10.511+08:00 DEBUG 90233 --- [fang123-backend] [nio-8090-exec-4] c.f.m.L.selectList                       : <==      Total: 2
2026-09-05T18:25:15.807+08:00 DEBUG 90233 --- [fang123-backend] [nio-8090-exec-5] o.s.security.web.FilterChainProxy        : Securing GET /api/public/loupans/KjtcfZ4fS2w/huxings
2026-09-05T18:25:15.807+08:00 DEBUG 90233 --- [fang123-backend] [nio-8090-exec-2] o.s.security.web.FilterChainProxy        : Securing GET /api/public/loupans/KjtcfZ4fS2w
2026-09-05T18:25:15.812+08:00 DEBUG 90233 --- [fang123-backend] [nio-8090-exec-2] o.s.s.w.a.AnonymousAuthenticationFilter  : Set SecurityContextHolder to anonymous SecurityContext
2026-09-05T18:25:15.812+08:00 DEBUG 90233 --- [fang123-backend] [nio-8090-exec-5] o.s.s.w.a.AnonymousAuthenticationFilter  : Set SecurityContextHolder to anonymous SecurityContext
2026-09-05T18:25:15.812+08:00 DEBUG 90233 --- [fang123-backend] [nio-8090-exec-5] o.s.security.web.FilterChainProxy        : Secured GET /api/public/loupans/KjtcfZ4fS2w/huxings
2026-09-05T18:25:15.812+08:00 DEBUG 90233 --- [fang123-backend] [nio-8090-exec-2] o.s.security.web.FilterChainProxy        : Secured GET /api/public/loupans/KjtcfZ4fS2w
2026-09-05T18:25:15.819+08:00 DEBUG 90233 --- [fang123-backend] [nio-8090-exec-2] c.f.mapper.LoupanMapper.selectById       : ==>  Preparing: SELECT id,land_id,land_no,cover_image,project_name,short_name,district,plate,avg_unit_price,avg_unit_price_yangfang,avg_unit_price_dieshu,avg_unit_price_paiwu,min_total_price,max_total_price,price_tag,sales_address,sales_status,sales_tel,project_address,show_house_desc,delivery_date,floor_height_min,floor_height_max,building_total,floor_min,floor_max,area_min,area_max,decorate_type,property_right_year,house_type,community_facility,people_car_separate,property_fee_high,property_fee_villa,property_company,park_total,park_sell_num,park_ratio,facade_material,self_hold_rate,build_area,land_area,house_total,plot_ratio,green_rate,project_company,brand_list,land_price,land_unit_price,land_buy_date,edu_support,traffic_support,medical_support,business_support,view_support,longitude,latitude,sort,deleted,create_time,update_time FROM loupan WHERE id=? AND deleted=0
2026-09-05T18:25:15.819+08:00 DEBUG 90233 --- [fang123-backend] [nio-8090-exec-5] c.f.m.LoupanHuxingMapper.selectList      : ==>  Preparing: SELECT id,loupan_id,huxing_name,area,inside_area,inside_area_with_gift,room_num,hall_num,toilet_num,balcony_num,orientation,floor_type,unit_price,total_price_start,total_price_end,is_show_house,tag,sort,huxing_image,standard_huxing_image,deleted,create_time,update_time FROM loupan_huxing WHERE deleted=0 AND (loupan_id = ?) ORDER BY sort ASC
2026-09-05T18:25:15.820+08:00 DEBUG 90233 --- [fang123-backend] [nio-8090-exec-2] c.f.mapper.LoupanMapper.selectById       : ==> Parameters: 1(Long)
2026-09-05T18:25:15.820+08:00 DEBUG 90233 --- [fang123-backend] [nio-8090-exec-5] c.f.m.LoupanHuxingMapper.selectList      : ==> Parameters: 1(Long)
2026-09-05T18:25:15.824+08:00 DEBUG 90233 --- [fang123-backend] [nio-8090-exec-5] c.f.m.LoupanHuxingMapper.selectList      : <==      Total: 5
2026-09-05T18:25:15.824+08:00 DEBUG 90233 --- [fang123-backend] [nio-8090-exec-2] c.f.mapper.LoupanMapper.selectById       : <==      Total: 1
2026-09-05T18:27:09.495+08:00 DEBUG 90233 --- [fang123-backend] [nio-8090-exec-6] o.s.security.web.FilterChainProxy        : Securing GET /api/public/loupans/KjtcfZ4fS2w/huxings
2026-09-05T18:27:09.495+08:00 DEBUG 90233 --- [fang123-backend] [nio-8090-exec-7] o.s.security.web.FilterChainProxy        : Securing GET /api/public/loupans/KjtcfZ4fS2w
2026-09-05T18:27:09.508+08:00 DEBUG 90233 --- [fang123-backend] [nio-8090-exec-6] o.s.s.w.a.AnonymousAuthenticationFilter  : Set SecurityContextHolder to anonymous SecurityContext
2026-09-05T18:27:09.508+08:00 DEBUG 90233 --- [fang123-backend] [nio-8090-exec-6] o.s.security.web.FilterChainProxy        : Secured GET /api/public/loupans/KjtcfZ4fS2w/huxings
2026-09-05T18:27:09.512+08:00 DEBUG 90233 --- [fang123-backend] [nio-8090-exec-7] o.s.s.w.a.AnonymousAuthenticationFilter  : Set SecurityContextHolder to anonymous SecurityContext
2026-09-05T18:27:09.512+08:00 DEBUG 90233 --- [fang123-backend] [nio-8090-exec-7] o.s.security.web.FilterChainProxy        : Secured GET /api/public/loupans/KjtcfZ4fS2w
2026-09-05T18:27:09.521+08:00 DEBUG 90233 --- [fang123-backend] [nio-8090-exec-7] c.f.mapper.LoupanMapper.selectById       : ==>  Preparing: SELECT id,land_id,land_no,cover_image,project_name,short_name,district,plate,avg_unit_price,avg_unit_price_yangfang,avg_unit_price_dieshu,avg_unit_price_paiwu,min_total_price,max_total_price,price_tag,sales_address,sales_status,sales_tel,project_address,show_house_desc,delivery_date,floor_height_min,floor_height_max,building_total,floor_min,floor_max,area_min,area_max,decorate_type,property_right_year,house_type,community_facility,people_car_separate,property_fee_high,property_fee_villa,property_company,park_total,park_sell_num,park_ratio,facade_material,self_hold_rate,build_area,land_area,house_total,plot_ratio,green_rate,project_company,brand_list,land_price,land_unit_price,land_buy_date,edu_support,traffic_support,medical_support,business_support,view_support,longitude,latitude,sort,deleted,create_time,update_time FROM loupan WHERE id=? AND deleted=0
2026-09-05T18:27:09.521+08:00 DEBUG 90233 --- [fang123-backend] [nio-8090-exec-6] c.f.m.LoupanHuxingMapper.selectList      : ==>  Preparing: SELECT id,loupan_id,huxing_name,area,inside_area,inside_area_with_gift,room_num,hall_num,toilet_num,balcony_num,orientation,floor_type,unit_price,total_price_start,total_price_end,is_show_house,tag,sort,huxing_image,standard_huxing_image,deleted,create_time,update_time FROM loupan_huxing WHERE deleted=0 AND (loupan_id = ?) ORDER BY sort ASC
2026-09-05T18:27:09.521+08:00 DEBUG 90233 --- [fang123-backend] [nio-8090-exec-7] c.f.mapper.LoupanMapper.selectById       : ==> Parameters: 1(Long)
2026-09-05T18:27:09.522+08:00 DEBUG 90233 --- [fang123-backend] [nio-8090-exec-6] c.f.m.LoupanHuxingMapper.selectList      : ==> Parameters: 1(Long)
2026-09-05T18:27:09.563+08:00 DEBUG 90233 --- [fang123-backend] [nio-8090-exec-6] c.f.m.LoupanHuxingMapper.selectList      : <==      Total: 5
2026-09-05T18:27:09.564+08:00 DEBUG 90233 --- [fang123-backend] [nio-8090-exec-7] c.f.mapper.LoupanMapper.selectById       : <==      Total: 1
2026-09-05T18:27:14.641+08:00 DEBUG 90233 --- [fang123-backend] [nio-8090-exec-9] o.s.security.web.FilterChainProxy        : Securing GET /api/public/loupans/KjtcfZ4fS2w
2026-09-05T18:27:14.641+08:00 DEBUG 90233 --- [fang123-backend] [nio-8090-exec-8] o.s.security.web.FilterChainProxy        : Securing GET /api/public/loupans/KjtcfZ4fS2w/huxings
2026-09-05T18:27:14.644+08:00 DEBUG 90233 --- [fang123-backend] [nio-8090-exec-8] o.s.s.w.a.AnonymousAuthenticationFilter  : Set SecurityContextHolder to anonymous SecurityContext
2026-09-05T18:27:14.644+08:00 DEBUG 90233 --- [fang123-backend] [nio-8090-exec-9] o.s.s.w.a.AnonymousAuthenticationFilter  : Set SecurityContextHolder to anonymous SecurityContext
2026-09-05T18:27:14.644+08:00 DEBUG 90233 --- [fang123-backend] [nio-8090-exec-8] o.s.security.web.FilterChainProxy        : Secured GET /api/public/loupans/KjtcfZ4fS2w/huxings
2026-09-05T18:27:14.644+08:00 DEBUG 90233 --- [fang123-backend] [nio-8090-exec-9] o.s.security.web.FilterChainProxy        : Secured GET /api/public/loupans/KjtcfZ4fS2w
2026-09-05T18:27:14.651+08:00 DEBUG 90233 --- [fang123-backend] [nio-8090-exec-9] c.f.mapper.LoupanMapper.selectById       : ==>  Preparing: SELECT id,land_id,land_no,cover_image,project_name,short_name,district,plate,avg_unit_price,avg_unit_price_yangfang,avg_unit_price_dieshu,avg_unit_price_paiwu,min_total_price,max_total_price,price_tag,sales_address,sales_status,sales_tel,project_address,show_house_desc,delivery_date,floor_height_min,floor_height_max,building_total,floor_min,floor_max,area_min,area_max,decorate_type,property_right_year,house_type,community_facility,people_car_separate,property_fee_high,property_fee_villa,property_company,park_total,park_sell_num,park_ratio,facade_material,self_hold_rate,build_area,land_area,house_total,plot_ratio,green_rate,project_company,brand_list,land_price,land_unit_price,land_buy_date,edu_support,traffic_support,medical_support,business_support,view_support,longitude,latitude,sort,deleted,create_time,update_time FROM loupan WHERE id=? AND deleted=0
2026-09-05T18:27:14.652+08:00 DEBUG 90233 --- [fang123-backend] [nio-8090-exec-8] c.f.m.LoupanHuxingMapper.selectList      : ==>  Preparing: SELECT id,loupan_id,huxing_name,area,inside_area,inside_area_with_gift,room_num,hall_num,toilet_num,balcony_num,orientation,floor_type,unit_price,total_price_start,total_price_end,is_show_house,tag,sort,huxing_image,standard_huxing_image,deleted,create_time,update_time FROM loupan_huxing WHERE deleted=0 AND (loupan_id = ?) ORDER BY sort ASC
2026-09-05T18:27:14.652+08:00 DEBUG 90233 --- [fang123-backend] [nio-8090-exec-8] c.f.m.LoupanHuxingMapper.selectList      : ==> Parameters: 1(Long)
2026-09-05T18:27:14.652+08:00 DEBUG 90233 --- [fang123-backend] [nio-8090-exec-9] c.f.mapper.LoupanMapper.selectById       : ==> Parameters: 1(Long)
2026-09-05T18:27:14.658+08:00 DEBUG 90233 --- [fang123-backend] [nio-8090-exec-9] c.f.mapper.LoupanMapper.selectById       : <==      Total: 1
2026-09-05T18:27:14.658+08:00 DEBUG 90233 --- [fang123-backend] [nio-8090-exec-8] c.f.m.LoupanHuxingMapper.selectList      : <==      Total: 5
2026-09-05T18:27:15.654+08:00 DEBUG 90233 --- [fang123-backend] [nio-8090-exec-3] o.s.security.web.FilterChainProxy        : Securing GET /api/public/loupans/KjtcfZ4fS2w/huxings
2026-09-05T18:27:15.654+08:00 DEBUG 90233 --- [fang123-backend] [nio-8090-exec-1] o.s.security.web.FilterChainProxy        : Securing GET /api/public/loupans/KjtcfZ4fS2w
2026-09-05T18:27:15.655+08:00 DEBUG 90233 --- [fang123-backend] [nio-8090-exec-1] o.s.s.w.a.AnonymousAuthenticationFilter  : Set SecurityContextHolder to anonymous SecurityContext
2026-09-05T18:27:15.655+08:00 DEBUG 90233 --- [fang123-backend] [nio-8090-exec-3] o.s.s.w.a.AnonymousAuthenticationFilter  : Set SecurityContextHolder to anonymous SecurityContext
2026-09-05T18:27:15.655+08:00 DEBUG 90233 --- [fang123-backend] [nio-8090-exec-3] o.s.security.web.FilterChainProxy        : Secured GET /api/public/loupans/KjtcfZ4fS2w/huxings
2026-09-05T18:27:15.655+08:00 DEBUG 90233 --- [fang123-backend] [nio-8090-exec-1] o.s.security.web.FilterChainProxy        : Secured GET /api/public/loupans/KjtcfZ4fS2w
2026-09-05T18:27:15.657+08:00 DEBUG 90233 --- [fang123-backend] [nio-8090-exec-1] c.f.mapper.LoupanMapper.selectById       : ==>  Preparing: SELECT id,land_id,land_no,cover_image,project_name,short_name,district,plate,avg_unit_price,avg_unit_price_yangfang,avg_unit_price_dieshu,avg_unit_price_paiwu,min_total_price,max_total_price,price_tag,sales_address,sales_status,sales_tel,project_address,show_house_desc,delivery_date,floor_height_min,floor_height_max,building_total,floor_min,floor_max,area_min,area_max,decorate_type,property_right_year,house_type,community_facility,people_car_separate,property_fee_high,property_fee_villa,property_company,park_total,park_sell_num,park_ratio,facade_material,self_hold_rate,build_area,land_area,house_total,plot_ratio,green_rate,project_company,brand_list,land_price,land_unit_price,land_buy_date,edu_support,traffic_support,medical_support,business_support,view_support,longitude,latitude,sort,deleted,create_time,update_time FROM loupan WHERE id=? AND deleted=0
2026-09-05T18:27:15.657+08:00 DEBUG 90233 --- [fang123-backend] [nio-8090-exec-1] c.f.mapper.LoupanMapper.selectById       : ==> Parameters: 1(Long)
2026-09-05T18:27:15.657+08:00 DEBUG 90233 --- [fang123-backend] [nio-8090-exec-3] c.f.m.LoupanHuxingMapper.selectList      : ==>  Preparing: SELECT id,loupan_id,huxing_name,area,inside_area,inside_area_with_gift,room_num,hall_num,toilet_num,balcony_num,orientation,floor_type,unit_price,total_price_start,total_price_end,is_show_house,tag,sort,huxing_image,standard_huxing_image,deleted,create_time,update_time FROM loupan_huxing WHERE deleted=0 AND (loupan_id = ?) ORDER BY sort ASC
2026-09-05T18:27:15.658+08:00 DEBUG 90233 --- [fang123-backend] [nio-8090-exec-3] c.f.m.LoupanHuxingMapper.selectList      : ==> Parameters: 1(Long)
2026-09-05T18:27:15.659+08:00 DEBUG 90233 --- [fang123-backend] [nio-8090-exec-1] c.f.mapper.LoupanMapper.selectById       : <==      Total: 1
2026-09-05T18:27:15.659+08:00 DEBUG 90233 --- [fang123-backend] [nio-8090-exec-3] c.f.m.LoupanHuxingMapper.selectList      : <==      Total: 5
2026-09-05T18:27:16.199+08:00 DEBUG 90233 --- [fang123-backend] [nio-8090-exec-4] o.s.security.web.FilterChainProxy        : Securing GET /api/public/loupans/KjtcfZ4fS2w/huxings
2026-09-05T18:27:16.199+08:00 DEBUG 90233 --- [fang123-backend] [io-8090-exec-10] o.s.security.web.FilterChainProxy        : Securing GET /api/public/loupans/KjtcfZ4fS2w
2026-09-05T18:27:16.199+08:00 DEBUG 90233 --- [fang123-backend] [nio-8090-exec-4] o.s.s.w.a.AnonymousAuthenticationFilter  : Set SecurityContextHolder to anonymous SecurityContext
2026-09-05T18:27:16.200+08:00 DEBUG 90233 --- [fang123-backend] [io-8090-exec-10] o.s.s.w.a.AnonymousAuthenticationFilter  : Set SecurityContextHolder to anonymous SecurityContext
2026-09-05T18:27:16.200+08:00 DEBUG 90233 --- [fang123-backend] [nio-8090-exec-4] o.s.security.web.FilterChainProxy        : Secured GET /api/public/loupans/KjtcfZ4fS2w/huxings
2026-09-05T18:27:16.200+08:00 DEBUG 90233 --- [fang123-backend] [io-8090-exec-10] o.s.security.web.FilterChainProxy        : Secured GET /api/public/loupans/KjtcfZ4fS2w
2026-09-05T18:27:16.202+08:00 DEBUG 90233 --- [fang123-backend] [nio-8090-exec-4] c.f.m.LoupanHuxingMapper.selectList      : ==>  Preparing: SELECT id,loupan_id,huxing_name,area,inside_area,inside_area_with_gift,room_num,hall_num,toilet_num,balcony_num,orientation,floor_type,unit_price,total_price_start,total_price_end,is_show_house,tag,sort,huxing_image,standard_huxing_image,deleted,create_time,update_time FROM loupan_huxing WHERE deleted=0 AND (loupan_id = ?) ORDER BY sort ASC
2026-09-05T18:27:16.202+08:00 DEBUG 90233 --- [fang123-backend] [nio-8090-exec-4] c.f.m.LoupanHuxingMapper.selectList      : ==> Parameters: 1(Long)
2026-09-05T18:27:16.202+08:00 DEBUG 90233 --- [fang123-backend] [io-8090-exec-10] c.f.mapper.LoupanMapper.selectById       : ==>  Preparing: SELECT id,land_id,land_no,cover_image,project_name,short_name,district,plate,avg_unit_price,avg_unit_price_yangfang,avg_unit_price_dieshu,avg_unit_price_paiwu,min_total_price,max_total_price,price_tag,sales_address,sales_status,sales_tel,project_address,show_house_desc,delivery_date,floor_height_min,floor_height_max,building_total,floor_min,floor_max,area_min,area_max,decorate_type,property_right_year,house_type,community_facility,people_car_separate,property_fee_high,property_fee_villa,property_company,park_total,park_sell_num,park_ratio,facade_material,self_hold_rate,build_area,land_area,house_total,plot_ratio,green_rate,project_company,brand_list,land_price,land_unit_price,land_buy_date,edu_support,traffic_support,medical_support,business_support,view_support,longitude,latitude,sort,deleted,create_time,update_time FROM loupan WHERE id=? AND deleted=0
2026-09-05T18:27:16.202+08:00 DEBUG 90233 --- [fang123-backend] [io-8090-exec-10] c.f.mapper.LoupanMapper.selectById       : ==> Parameters: 1(Long)
2026-09-05T18:27:16.203+08:00 DEBUG 90233 --- [fang123-backend] [io-8090-exec-10] c.f.mapper.LoupanMapper.selectById       : <==      Total: 1
2026-09-05T18:27:16.205+08:00 DEBUG 90233 --- [fang123-backend] [nio-8090-exec-4] c.f.m.LoupanHuxingMapper.selectList      : <==      Total: 5
2026-09-05T18:27:17.315+08:00 DEBUG 90233 --- [fang123-backend] [nio-8090-exec-2] o.s.security.web.FilterChainProxy        : Securing GET /api/public/loupans/KjtcfZ4fS2w
2026-09-05T18:27:17.315+08:00 DEBUG 90233 --- [fang123-backend] [nio-8090-exec-5] o.s.security.web.FilterChainProxy        : Securing GET /api/public/loupans/KjtcfZ4fS2w/huxings
2026-09-05T18:27:17.315+08:00 DEBUG 90233 --- [fang123-backend] [nio-8090-exec-2] o.s.s.w.a.AnonymousAuthenticationFilter  : Set SecurityContextHolder to anonymous SecurityContext
2026-09-05T18:27:17.315+08:00 DEBUG 90233 --- [fang123-backend] [nio-8090-exec-5] o.s.s.w.a.AnonymousAuthenticationFilter  : Set SecurityContextHolder to anonymous SecurityContext
2026-09-05T18:27:17.315+08:00 DEBUG 90233 --- [fang123-backend] [nio-8090-exec-2] o.s.security.web.FilterChainProxy        : Secured GET /api/public/loupans/KjtcfZ4fS2w
2026-09-05T18:27:17.315+08:00 DEBUG 90233 --- [fang123-backend] [nio-8090-exec-5] o.s.security.web.FilterChainProxy        : Secured GET /api/public/loupans/KjtcfZ4fS2w/huxings
2026-09-05T18:27:17.318+08:00 DEBUG 90233 --- [fang123-backend] [nio-8090-exec-2] c.f.mapper.LoupanMapper.selectById       : ==>  Preparing: SELECT id,land_id,land_no,cover_image,project_name,short_name,district,plate,avg_unit_price,avg_unit_price_yangfang,avg_unit_price_dieshu,avg_unit_price_paiwu,min_total_price,max_total_price,price_tag,sales_address,sales_status,sales_tel,project_address,show_house_desc,delivery_date,floor_height_min,floor_height_max,building_total,floor_min,floor_max,area_min,area_max,decorate_type,property_right_year,house_type,community_facility,people_car_separate,property_fee_high,property_fee_villa,property_company,park_total,park_sell_num,park_ratio,facade_material,self_hold_rate,build_area,land_area,house_total,plot_ratio,green_rate,project_company,brand_list,land_price,land_unit_price,land_buy_date,edu_support,traffic_support,medical_support,business_support,view_support,longitude,latitude,sort,deleted,create_time,update_time FROM loupan WHERE id=? AND deleted=0
2026-09-05T18:27:17.318+08:00 DEBUG 90233 --- [fang123-backend] [nio-8090-exec-5] c.f.m.LoupanHuxingMapper.selectList      : ==>  Preparing: SELECT id,loupan_id,huxing_name,area,inside_area,inside_area_with_gift,room_num,hall_num,toilet_num,balcony_num,orientation,floor_type,unit_price,total_price_start,total_price_end,is_show_house,tag,sort,huxing_image,standard_huxing_image,deleted,create_time,update_time FROM loupan_huxing WHERE deleted=0 AND (loupan_id = ?) ORDER BY sort ASC
2026-09-05T18:27:17.318+08:00 DEBUG 90233 --- [fang123-backend] [nio-8090-exec-2] c.f.mapper.LoupanMapper.selectById       : ==> Parameters: 1(Long)
2026-09-05T18:27:17.320+08:00 DEBUG 90233 --- [fang123-backend] [nio-8090-exec-5] c.f.m.LoupanHuxingMapper.selectList      : ==> Parameters: 1(Long)
2026-09-05T18:27:17.320+08:00 DEBUG 90233 --- [fang123-backend] [nio-8090-exec-2] c.f.mapper.LoupanMapper.selectById       : <==      Total: 1
2026-09-05T18:27:17.321+08:00 DEBUG 90233 --- [fang123-backend] [nio-8090-exec-5] c.f.m.LoupanHuxingMapper.selectList      : <==      Total: 5
2026-09-05T18:27:17.809+08:00 DEBUG 90233 --- [fang123-backend] [nio-8090-exec-6] o.s.security.web.FilterChainProxy        : Securing GET /api/public/loupans/KjtcfZ4fS2w
2026-09-05T18:27:17.809+08:00 DEBUG 90233 --- [fang123-backend] [nio-8090-exec-7] o.s.security.web.FilterChainProxy        : Securing GET /api/public/loupans/KjtcfZ4fS2w/huxings
2026-09-05T18:27:17.810+08:00 DEBUG 90233 --- [fang123-backend] [nio-8090-exec-6] o.s.s.w.a.AnonymousAuthenticationFilter  : Set SecurityContextHolder to anonymous SecurityContext
2026-09-05T18:27:17.810+08:00 DEBUG 90233 --- [fang123-backend] [nio-8090-exec-7] o.s.s.w.a.AnonymousAuthenticationFilter  : Set SecurityContextHolder to anonymous SecurityContext
2026-09-05T18:27:17.810+08:00 DEBUG 90233 --- [fang123-backend] [nio-8090-exec-6] o.s.security.web.FilterChainProxy        : Secured GET /api/public/loupans/KjtcfZ4fS2w
2026-09-05T18:27:17.810+08:00 DEBUG 90233 --- [fang123-backend] [nio-8090-exec-7] o.s.security.web.FilterChainProxy        : Secured GET /api/public/loupans/KjtcfZ4fS2w/huxings
2026-09-05T18:27:17.812+08:00 DEBUG 90233 --- [fang123-backend] [nio-8090-exec-7] c.f.m.LoupanHuxingMapper.selectList      : ==>  Preparing: SELECT id,loupan_id,huxing_name,area,inside_area,inside_area_with_gift,room_num,hall_num,toilet_num,balcony_num,orientation,floor_type,unit_price,total_price_start,total_price_end,is_show_house,tag,sort,huxing_image,standard_huxing_image,deleted,create_time,update_time FROM loupan_huxing WHERE deleted=0 AND (loupan_id = ?) ORDER BY sort ASC
2026-09-05T18:27:17.812+08:00 DEBUG 90233 --- [fang123-backend] [nio-8090-exec-7] c.f.m.LoupanHuxingMapper.selectList      : ==> Parameters: 1(Long)
2026-09-05T18:27:17.812+08:00 DEBUG 90233 --- [fang123-backend] [nio-8090-exec-6] c.f.mapper.LoupanMapper.selectById       : ==>  Preparing: SELECT id,land_id,land_no,cover_image,project_name,short_name,district,plate,avg_unit_price,avg_unit_price_yangfang,avg_unit_price_dieshu,avg_unit_price_paiwu,min_total_price,max_total_price,price_tag,sales_address,sales_status,sales_tel,project_address,show_house_desc,delivery_date,floor_height_min,floor_height_max,building_total,floor_min,floor_max,area_min,area_max,decorate_type,property_right_year,house_type,community_facility,people_car_separate,property_fee_high,property_fee_villa,property_company,park_total,park_sell_num,park_ratio,facade_material,self_hold_rate,build_area,land_area,house_total,plot_ratio,green_rate,project_company,brand_list,land_price,land_unit_price,land_buy_date,edu_support,traffic_support,medical_support,business_support,view_support,longitude,latitude,sort,deleted,create_time,update_time FROM loupan WHERE id=? AND deleted=0
2026-09-05T18:27:17.812+08:00 DEBUG 90233 --- [fang123-backend] [nio-8090-exec-6] c.f.mapper.LoupanMapper.selectById       : ==> Parameters: 1(Long)
2026-09-05T18:27:17.813+08:00 DEBUG 90233 --- [fang123-backend] [nio-8090-exec-7] c.f.m.LoupanHuxingMapper.selectList      : <==      Total: 5
2026-09-05T18:27:17.813+08:00 DEBUG 90233 --- [fang123-backend] [nio-8090-exec-6] c.f.mapper.LoupanMapper.selectById       : <==      Total: 1
2026-09-05T18:27:18.186+08:00 DEBUG 90233 --- [fang123-backend] [nio-8090-exec-9] o.s.security.web.FilterChainProxy        : Securing GET /api/public/loupans/KjtcfZ4fS2w
2026-09-05T18:27:18.186+08:00 DEBUG 90233 --- [fang123-backend] [nio-8090-exec-8] o.s.security.web.FilterChainProxy        : Securing GET /api/public/loupans/KjtcfZ4fS2w/huxings
2026-09-05T18:27:18.187+08:00 DEBUG 90233 --- [fang123-backend] [nio-8090-exec-8] o.s.s.w.a.AnonymousAuthenticationFilter  : Set SecurityContextHolder to anonymous SecurityContext
2026-09-05T18:27:18.187+08:00 DEBUG 90233 --- [fang123-backend] [nio-8090-exec-9] o.s.s.w.a.AnonymousAuthenticationFilter  : Set SecurityContextHolder to anonymous SecurityContext
2026-09-05T18:27:18.187+08:00 DEBUG 90233 --- [fang123-backend] [nio-8090-exec-9] o.s.security.web.FilterChainProxy        : Secured GET /api/public/loupans/KjtcfZ4fS2w
2026-09-05T18:27:18.187+08:00 DEBUG 90233 --- [fang123-backend] [nio-8090-exec-8] o.s.security.web.FilterChainProxy        : Secured GET /api/public/loupans/KjtcfZ4fS2w/huxings
2026-09-05T18:27:18.187+08:00 DEBUG 90233 --- [fang123-backend] [nio-8090-exec-8] c.f.m.LoupanHuxingMapper.selectList      : ==>  Preparing: SELECT id,loupan_id,huxing_name,area,inside_area,inside_area_with_gift,room_num,hall_num,toilet_num,balcony_num,orientation,floor_type,unit_price,total_price_start,total_price_end,is_show_house,tag,sort,huxing_image,standard_huxing_image,deleted,create_time,update_time FROM loupan_huxing WHERE deleted=0 AND (loupan_id = ?) ORDER BY sort ASC
2026-09-05T18:27:18.187+08:00 DEBUG 90233 --- [fang123-backend] [nio-8090-exec-9] c.f.mapper.LoupanMapper.selectById       : ==>  Preparing: SELECT id,land_id,land_no,cover_image,project_name,short_name,district,plate,avg_unit_price,avg_unit_price_yangfang,avg_unit_price_dieshu,avg_unit_price_paiwu,min_total_price,max_total_price,price_tag,sales_address,sales_status,sales_tel,project_address,show_house_desc,delivery_date,floor_height_min,floor_height_max,building_total,floor_min,floor_max,area_min,area_max,decorate_type,property_right_year,house_type,community_facility,people_car_separate,property_fee_high,property_fee_villa,property_company,park_total,park_sell_num,park_ratio,facade_material,self_hold_rate,build_area,land_area,house_total,plot_ratio,green_rate,project_company,brand_list,land_price,land_unit_price,land_buy_date,edu_support,traffic_support,medical_support,business_support,view_support,longitude,latitude,sort,deleted,create_time,update_time FROM loupan WHERE id=? AND deleted=0
2026-09-05T18:27:18.187+08:00 DEBUG 90233 --- [fang123-backend] [nio-8090-exec-8] c.f.m.LoupanHuxingMapper.selectList      : ==> Parameters: 1(Long)
2026-09-05T18:27:18.188+08:00 DEBUG 90233 --- [fang123-backend] [nio-8090-exec-9] c.f.mapper.LoupanMapper.selectById       : ==> Parameters: 1(Long)
2026-09-05T18:27:18.189+08:00 DEBUG 90233 --- [fang123-backend] [nio-8090-exec-8] c.f.m.LoupanHuxingMapper.selectList      : <==      Total: 5
2026-09-05T18:27:18.190+08:00 DEBUG 90233 --- [fang123-backend] [nio-8090-exec-9] c.f.mapper.LoupanMapper.selectById       : <==      Total: 1
2026-09-05T18:27:18.542+08:00 DEBUG 90233 --- [fang123-backend] [nio-8090-exec-3] o.s.security.web.FilterChainProxy        : Securing GET /api/public/loupans/KjtcfZ4fS2w/huxings
2026-09-05T18:27:18.542+08:00 DEBUG 90233 --- [fang123-backend] [nio-8090-exec-1] o.s.security.web.FilterChainProxy        : Securing GET /api/public/loupans/KjtcfZ4fS2w
2026-09-05T18:27:18.543+08:00 DEBUG 90233 --- [fang123-backend] [nio-8090-exec-3] o.s.s.w.a.AnonymousAuthenticationFilter  : Set SecurityContextHolder to anonymous SecurityContext
2026-09-05T18:27:18.543+08:00 DEBUG 90233 --- [fang123-backend] [nio-8090-exec-1] o.s.s.w.a.AnonymousAuthenticationFilter  : Set SecurityContextHolder to anonymous SecurityContext
2026-09-05T18:27:18.543+08:00 DEBUG 90233 --- [fang123-backend] [nio-8090-exec-1] o.s.security.web.FilterChainProxy        : Secured GET /api/public/loupans/KjtcfZ4fS2w
2026-09-05T18:27:18.543+08:00 DEBUG 90233 --- [fang123-backend] [nio-8090-exec-3] o.s.security.web.FilterChainProxy        : Secured GET /api/public/loupans/KjtcfZ4fS2w/huxings
2026-09-05T18:27:18.544+08:00 DEBUG 90233 --- [fang123-backend] [nio-8090-exec-3] c.f.m.LoupanHuxingMapper.selectList      : ==>  Preparing: SELECT id,loupan_id,huxing_name,area,inside_area,inside_area_with_gift,room_num,hall_num,toilet_num,balcony_num,orientation,floor_type,unit_price,total_price_start,total_price_end,is_show_house,tag,sort,huxing_image,standard_huxing_image,deleted,create_time,update_time FROM loupan_huxing WHERE deleted=0 AND (loupan_id = ?) ORDER BY sort ASC
2026-09-05T18:27:18.544+08:00 DEBUG 90233 --- [fang123-backend] [nio-8090-exec-1] c.f.mapper.LoupanMapper.selectById       : ==>  Preparing: SELECT id,land_id,land_no,cover_image,project_name,short_name,district,plate,avg_unit_price,avg_unit_price_yangfang,avg_unit_price_dieshu,avg_unit_price_paiwu,min_total_price,max_total_price,price_tag,sales_address,sales_status,sales_tel,project_address,show_house_desc,delivery_date,floor_height_min,floor_height_max,building_total,floor_min,floor_max,area_min,area_max,decorate_type,property_right_year,house_type,community_facility,people_car_separate,property_fee_high,property_fee_villa,property_company,park_total,park_sell_num,park_ratio,facade_material,self_hold_rate,build_area,land_area,house_total,plot_ratio,green_rate,project_company,brand_list,land_price,land_unit_price,land_buy_date,edu_support,traffic_support,medical_support,business_support,view_support,longitude,latitude,sort,deleted,create_time,update_time FROM loupan WHERE id=? AND deleted=0
2026-09-05T18:27:18.544+08:00 DEBUG 90233 --- [fang123-backend] [nio-8090-exec-1] c.f.mapper.LoupanMapper.selectById       : ==> Parameters: 1(Long)
2026-09-05T18:27:18.544+08:00 DEBUG 90233 --- [fang123-backend] [nio-8090-exec-3] c.f.m.LoupanHuxingMapper.selectList      : ==> Parameters: 1(Long)
2026-09-05T18:27:18.545+08:00 DEBUG 90233 --- [fang123-backend] [nio-8090-exec-3] c.f.m.LoupanHuxingMapper.selectList      : <==      Total: 5
2026-09-05T18:27:18.546+08:00 DEBUG 90233 --- [fang123-backend] [nio-8090-exec-1] c.f.mapper.LoupanMapper.selectById       : <==      Total: 1
2026-09-05T18:27:18.808+08:00 DEBUG 90233 --- [fang123-backend] [nio-8090-exec-4] o.s.security.web.FilterChainProxy        : Securing GET /api/public/loupans/KjtcfZ4fS2w/huxings
2026-09-05T18:27:18.808+08:00 DEBUG 90233 --- [fang123-backend] [io-8090-exec-10] o.s.security.web.FilterChainProxy        : Securing GET /api/public/loupans/KjtcfZ4fS2w
2026-09-05T18:27:18.809+08:00 DEBUG 90233 --- [fang123-backend] [io-8090-exec-10] o.s.s.w.a.AnonymousAuthenticationFilter  : Set SecurityContextHolder to anonymous SecurityContext
2026-09-05T18:27:18.809+08:00 DEBUG 90233 --- [fang123-backend] [nio-8090-exec-4] o.s.s.w.a.AnonymousAuthenticationFilter  : Set SecurityContextHolder to anonymous SecurityContext
2026-09-05T18:27:18.809+08:00 DEBUG 90233 --- [fang123-backend] [io-8090-exec-10] o.s.security.web.FilterChainProxy        : Secured GET /api/public/loupans/KjtcfZ4fS2w
2026-09-05T18:27:18.809+08:00 DEBUG 90233 --- [fang123-backend] [nio-8090-exec-4] o.s.security.web.FilterChainProxy        : Secured GET /api/public/loupans/KjtcfZ4fS2w/huxings
2026-09-05T18:27:18.809+08:00 DEBUG 90233 --- [fang123-backend] [io-8090-exec-10] c.f.mapper.LoupanMapper.selectById       : ==>  Preparing: SELECT id,land_id,land_no,cover_image,project_name,short_name,district,plate,avg_unit_price,avg_unit_price_yangfang,avg_unit_price_dieshu,avg_unit_price_paiwu,min_total_price,max_total_price,price_tag,sales_address,sales_status,sales_tel,project_address,show_house_desc,delivery_date,floor_height_min,floor_height_max,building_total,floor_min,floor_max,area_min,area_max,decorate_type,property_right_year,house_type,community_facility,people_car_separate,property_fee_high,property_fee_villa,property_company,park_total,park_sell_num,park_ratio,facade_material,self_hold_rate,build_area,land_area,house_total,plot_ratio,green_rate,project_company,brand_list,land_price,land_unit_price,land_buy_date,edu_support,traffic_support,medical_support,business_support,view_support,longitude,latitude,sort,deleted,create_time,update_time FROM loupan WHERE id=? AND deleted=0
2026-09-05T18:27:18.809+08:00 DEBUG 90233 --- [fang123-backend] [io-8090-exec-10] c.f.mapper.LoupanMapper.selectById       : ==> Parameters: 1(Long)
2026-09-05T18:27:18.809+08:00 DEBUG 90233 --- [fang123-backend] [nio-8090-exec-4] c.f.m.LoupanHuxingMapper.selectList      : ==>  Preparing: SELECT id,loupan_id,huxing_name,area,inside_area,inside_area_with_gift,room_num,hall_num,toilet_num,balcony_num,orientation,floor_type,unit_price,total_price_start,total_price_end,is_show_house,tag,sort,huxing_image,standard_huxing_image,deleted,create_time,update_time FROM loupan_huxing WHERE deleted=0 AND (loupan_id = ?) ORDER BY sort ASC
2026-09-05T18:27:18.810+08:00 DEBUG 90233 --- [fang123-backend] [nio-8090-exec-4] c.f.m.LoupanHuxingMapper.selectList      : ==> Parameters: 1(Long)
2026-09-05T18:27:18.810+08:00 DEBUG 90233 --- [fang123-backend] [io-8090-exec-10] c.f.mapper.LoupanMapper.selectById       : <==      Total: 1
2026-09-05T18:27:18.810+08:00 DEBUG 90233 --- [fang123-backend] [nio-8090-exec-4] c.f.m.LoupanHuxingMapper.selectList      : <==      Total: 5
2026-09-05T18:27:19.149+08:00 DEBUG 90233 --- [fang123-backend] [nio-8090-exec-5] o.s.security.web.FilterChainProxy        : Securing GET /api/public/loupans/KjtcfZ4fS2w/huxings
2026-09-05T18:27:19.149+08:00 DEBUG 90233 --- [fang123-backend] [nio-8090-exec-2] o.s.security.web.FilterChainProxy        : Securing GET /api/public/loupans/KjtcfZ4fS2w
2026-09-05T18:27:19.150+08:00 DEBUG 90233 --- [fang123-backend] [nio-8090-exec-5] o.s.s.w.a.AnonymousAuthenticationFilter  : Set SecurityContextHolder to anonymous SecurityContext
2026-09-05T18:27:19.150+08:00 DEBUG 90233 --- [fang123-backend] [nio-8090-exec-5] o.s.security.web.FilterChainProxy        : Secured GET /api/public/loupans/KjtcfZ4fS2w/huxings
2026-09-05T18:27:19.150+08:00 DEBUG 90233 --- [fang123-backend] [nio-8090-exec-2] o.s.s.w.a.AnonymousAuthenticationFilter  : Set SecurityContextHolder to anonymous SecurityContext
2026-09-05T18:27:19.150+08:00 DEBUG 90233 --- [fang123-backend] [nio-8090-exec-2] o.s.security.web.FilterChainProxy        : Secured GET /api/public/loupans/KjtcfZ4fS2w
2026-09-05T18:27:19.151+08:00 DEBUG 90233 --- [fang123-backend] [nio-8090-exec-2] c.f.mapper.LoupanMapper.selectById       : ==>  Preparing: SELECT id,land_id,land_no,cover_image,project_name,short_name,district,plate,avg_unit_price,avg_unit_price_yangfang,avg_unit_price_dieshu,avg_unit_price_paiwu,min_total_price,max_total_price,price_tag,sales_address,sales_status,sales_tel,project_address,show_house_desc,delivery_date,floor_height_min,floor_height_max,building_total,floor_min,floor_max,area_min,area_max,decorate_type,property_right_year,house_type,community_facility,people_car_separate,property_fee_high,property_fee_villa,property_company,park_total,park_sell_num,park_ratio,facade_material,self_hold_rate,build_area,land_area,house_total,plot_ratio,green_rate,project_company,brand_list,land_price,land_unit_price,land_buy_date,edu_support,traffic_support,medical_support,business_support,view_support,longitude,latitude,sort,deleted,create_time,update_time FROM loupan WHERE id=? AND deleted=0
2026-09-05T18:27:19.151+08:00 DEBUG 90233 --- [fang123-backend] [nio-8090-exec-2] c.f.mapper.LoupanMapper.selectById       : ==> Parameters: 1(Long)
2026-09-05T18:27:19.151+08:00 DEBUG 90233 --- [fang123-backend] [nio-8090-exec-5] c.f.m.LoupanHuxingMapper.selectList      : ==>  Preparing: SELECT id,loupan_id,huxing_name,area,inside_area,inside_area_with_gift,room_num,hall_num,toilet_num,balcony_num,orientation,floor_type,unit_price,total_price_start,total_price_end,is_show_house,tag,sort,huxing_image,standard_huxing_image,deleted,create_time,update_time FROM loupan_huxing WHERE deleted=0 AND (loupan_id = ?) ORDER BY sort ASC
2026-09-05T18:27:19.151+08:00 DEBUG 90233 --- [fang123-backend] [nio-8090-exec-5] c.f.m.LoupanHuxingMapper.selectList      : ==> Parameters: 1(Long)
2026-09-05T18:27:19.152+08:00 DEBUG 90233 --- [fang123-backend] [nio-8090-exec-5] c.f.m.LoupanHuxingMapper.selectList      : <==      Total: 5
2026-09-05T18:27:19.152+08:00 DEBUG 90233 --- [fang123-backend] [nio-8090-exec-2] c.f.mapper.LoupanMapper.selectById       : <==      Total: 1
2026-09-05T18:27:19.396+08:00 DEBUG 90233 --- [fang123-backend] [nio-8090-exec-6] o.s.security.web.FilterChainProxy        : Securing GET /api/public/loupans/KjtcfZ4fS2w/huxings
2026-09-05T18:27:19.396+08:00 DEBUG 90233 --- [fang123-backend] [nio-8090-exec-7] o.s.security.web.FilterChainProxy        : Securing GET /api/public/loupans/KjtcfZ4fS2w
2026-09-05T18:27:19.396+08:00 DEBUG 90233 --- [fang123-backend] [nio-8090-exec-7] o.s.s.w.a.AnonymousAuthenticationFilter  : Set SecurityContextHolder to anonymous SecurityContext
2026-09-05T18:27:19.397+08:00 DEBUG 90233 --- [fang123-backend] [nio-8090-exec-7] o.s.security.web.FilterChainProxy        : Secured GET /api/public/loupans/KjtcfZ4fS2w
2026-09-05T18:27:19.397+08:00 DEBUG 90233 --- [fang123-backend] [nio-8090-exec-6] o.s.s.w.a.AnonymousAuthenticationFilter  : Set SecurityContextHolder to anonymous SecurityContext
2026-09-05T18:27:19.397+08:00 DEBUG 90233 --- [fang123-backend] [nio-8090-exec-6] o.s.security.web.FilterChainProxy        : Secured GET /api/public/loupans/KjtcfZ4fS2w/huxings
2026-09-05T18:27:19.397+08:00 DEBUG 90233 --- [fang123-backend] [nio-8090-exec-7] c.f.mapper.LoupanMapper.selectById       : ==>  Preparing: SELECT id,land_id,land_no,cover_image,project_name,short_name,district,plate,avg_unit_price,avg_unit_price_yangfang,avg_unit_price_dieshu,avg_unit_price_paiwu,min_total_price,max_total_price,price_tag,sales_address,sales_status,sales_tel,project_address,show_house_desc,delivery_date,floor_height_min,floor_height_max,building_total,floor_min,floor_max,area_min,area_max,decorate_type,property_right_year,house_type,community_facility,people_car_separate,property_fee_high,property_fee_villa,property_company,park_total,park_sell_num,park_ratio,facade_material,self_hold_rate,build_area,land_area,house_total,plot_ratio,green_rate,project_company,brand_list,land_price,land_unit_price,land_buy_date,edu_support,traffic_support,medical_support,business_support,view_support,longitude,latitude,sort,deleted,create_time,update_time FROM loupan WHERE id=? AND deleted=0
2026-09-05T18:27:19.397+08:00 DEBUG 90233 --- [fang123-backend] [nio-8090-exec-7] c.f.mapper.LoupanMapper.selectById       : ==> Parameters: 1(Long)
2026-09-05T18:27:19.398+08:00 DEBUG 90233 --- [fang123-backend] [nio-8090-exec-6] c.f.m.LoupanHuxingMapper.selectList      : ==>  Preparing: SELECT id,loupan_id,huxing_name,area,inside_area,inside_area_with_gift,room_num,hall_num,toilet_num,balcony_num,orientation,floor_type,unit_price,total_price_start,total_price_end,is_show_house,tag,sort,huxing_image,standard_huxing_image,deleted,create_time,update_time FROM loupan_huxing WHERE deleted=0 AND (loupan_id = ?) ORDER BY sort ASC
2026-09-05T18:27:19.398+08:00 DEBUG 90233 --- [fang123-backend] [nio-8090-exec-6] c.f.m.LoupanHuxingMapper.selectList      : ==> Parameters: 1(Long)
2026-09-05T18:27:19.398+08:00 DEBUG 90233 --- [fang123-backend] [nio-8090-exec-7] c.f.mapper.LoupanMapper.selectById       : <==      Total: 1
2026-09-05T18:27:19.398+08:00 DEBUG 90233 --- [fang123-backend] [nio-8090-exec-6] c.f.m.LoupanHuxingMapper.selectList      : <==      Total: 5
2026-09-05T18:27:19.735+08:00 DEBUG 90233 --- [fang123-backend] [nio-8090-exec-9] o.s.security.web.FilterChainProxy        : Securing GET /api/public/loupans/KjtcfZ4fS2w
2026-09-05T18:27:19.736+08:00 DEBUG 90233 --- [fang123-backend] [nio-8090-exec-8] o.s.security.web.FilterChainProxy        : Securing GET /api/public/loupans/KjtcfZ4fS2w/huxings
2026-09-05T18:27:19.736+08:00 DEBUG 90233 --- [fang123-backend] [nio-8090-exec-9] o.s.s.w.a.AnonymousAuthenticationFilter  : Set SecurityContextHolder to anonymous SecurityContext
2026-09-05T18:27:19.736+08:00 DEBUG 90233 --- [fang123-backend] [nio-8090-exec-8] o.s.s.w.a.AnonymousAuthenticationFilter  : Set SecurityContextHolder to anonymous SecurityContext
2026-09-05T18:27:19.737+08:00 DEBUG 90233 --- [fang123-backend] [nio-8090-exec-9] o.s.security.web.FilterChainProxy        : Secured GET /api/public/loupans/KjtcfZ4fS2w
2026-09-05T18:27:19.737+08:00 DEBUG 90233 --- [fang123-backend] [nio-8090-exec-8] o.s.security.web.FilterChainProxy        : Secured GET /api/public/loupans/KjtcfZ4fS2w/huxings
2026-09-05T18:27:19.738+08:00 DEBUG 90233 --- [fang123-backend] [nio-8090-exec-9] c.f.mapper.LoupanMapper.selectById       : ==>  Preparing: SELECT id,land_id,land_no,cover_image,project_name,short_name,district,plate,avg_unit_price,avg_unit_price_yangfang,avg_unit_price_dieshu,avg_unit_price_paiwu,min_total_price,max_total_price,price_tag,sales_address,sales_status,sales_tel,project_address,show_house_desc,delivery_date,floor_height_min,floor_height_max,building_total,floor_min,floor_max,area_min,area_max,decorate_type,property_right_year,house_type,community_facility,people_car_separate,property_fee_high,property_fee_villa,property_company,park_total,park_sell_num,park_ratio,facade_material,self_hold_rate,build_area,land_area,house_total,plot_ratio,green_rate,project_company,brand_list,land_price,land_unit_price,land_buy_date,edu_support,traffic_support,medical_support,business_support,view_support,longitude,latitude,sort,deleted,create_time,update_time FROM loupan WHERE id=? AND deleted=0
2026-09-05T18:27:19.738+08:00 DEBUG 90233 --- [fang123-backend] [nio-8090-exec-8] c.f.m.LoupanHuxingMapper.selectList      : ==>  Preparing: SELECT id,loupan_id,huxing_name,area,inside_area,inside_area_with_gift,room_num,hall_num,toilet_num,balcony_num,orientation,floor_type,unit_price,total_price_start,total_price_end,is_show_house,tag,sort,huxing_image,standard_huxing_image,deleted,create_time,update_time FROM loupan_huxing WHERE deleted=0 AND (loupan_id = ?) ORDER BY sort ASC
2026-09-05T18:27:19.738+08:00 DEBUG 90233 --- [fang123-backend] [nio-8090-exec-9] c.f.mapper.LoupanMapper.selectById       : ==> Parameters: 1(Long)
2026-09-05T18:27:19.738+08:00 DEBUG 90233 --- [fang123-backend] [nio-8090-exec-8] c.f.m.LoupanHuxingMapper.selectList      : ==> Parameters: 1(Long)
2026-09-05T18:27:19.739+08:00 DEBUG 90233 --- [fang123-backend] [nio-8090-exec-8] c.f.m.LoupanHuxingMapper.selectList      : <==      Total: 5
2026-09-05T18:27:19.739+08:00 DEBUG 90233 --- [fang123-backend] [nio-8090-exec-9] c.f.mapper.LoupanMapper.selectById       : <==      Total: 1
2026-09-05T18:27:20.059+08:00 DEBUG 90233 --- [fang123-backend] [nio-8090-exec-1] o.s.security.web.FilterChainProxy        : Securing GET /api/public/loupans/KjtcfZ4fS2w/huxings
2026-09-05T18:27:20.059+08:00 DEBUG 90233 --- [fang123-backend] [nio-8090-exec-3] o.s.security.web.FilterChainProxy        : Securing GET /api/public/loupans/KjtcfZ4fS2w
2026-09-05T18:27:20.060+08:00 DEBUG 90233 --- [fang123-backend] [nio-8090-exec-1] o.s.s.w.a.AnonymousAuthenticationFilter  : Set SecurityContextHolder to anonymous SecurityContext
2026-09-05T18:27:20.060+08:00 DEBUG 90233 --- [fang123-backend] [nio-8090-exec-3] o.s.s.w.a.AnonymousAuthenticationFilter  : Set SecurityContextHolder to anonymous SecurityContext
2026-09-05T18:27:20.060+08:00 DEBUG 90233 --- [fang123-backend] [nio-8090-exec-3] o.s.security.web.FilterChainProxy        : Secured GET /api/public/loupans/KjtcfZ4fS2w
2026-09-05T18:27:20.060+08:00 DEBUG 90233 --- [fang123-backend] [nio-8090-exec-1] o.s.security.web.FilterChainProxy        : Secured GET /api/public/loupans/KjtcfZ4fS2w/huxings
2026-09-05T18:27:20.060+08:00 DEBUG 90233 --- [fang123-backend] [nio-8090-exec-3] c.f.mapper.LoupanMapper.selectById       : ==>  Preparing: SELECT id,land_id,land_no,cover_image,project_name,short_name,district,plate,avg_unit_price,avg_unit_price_yangfang,avg_unit_price_dieshu,avg_unit_price_paiwu,min_total_price,max_total_price,price_tag,sales_address,sales_status,sales_tel,project_address,show_house_desc,delivery_date,floor_height_min,floor_height_max,building_total,floor_min,floor_max,area_min,area_max,decorate_type,property_right_year,house_type,community_facility,people_car_separate,property_fee_high,property_fee_villa,property_company,park_total,park_sell_num,park_ratio,facade_material,self_hold_rate,build_area,land_area,house_total,plot_ratio,green_rate,project_company,brand_list,land_price,land_unit_price,land_buy_date,edu_support,traffic_support,medical_support,business_support,view_support,longitude,latitude,sort,deleted,create_time,update_time FROM loupan WHERE id=? AND deleted=0
2026-09-05T18:27:20.061+08:00 DEBUG 90233 --- [fang123-backend] [nio-8090-exec-3] c.f.mapper.LoupanMapper.selectById       : ==> Parameters: 1(Long)
2026-09-05T18:27:20.064+08:00 DEBUG 90233 --- [fang123-backend] [nio-8090-exec-1] c.f.m.LoupanHuxingMapper.selectList      : ==>  Preparing: SELECT id,loupan_id,huxing_name,area,inside_area,inside_area_with_gift,room_num,hall_num,toilet_num,balcony_num,orientation,floor_type,unit_price,total_price_start,total_price_end,is_show_house,tag,sort,huxing_image,standard_huxing_image,deleted,create_time,update_time FROM loupan_huxing WHERE deleted=0 AND (loupan_id = ?) ORDER BY sort ASC
2026-09-05T18:27:20.065+08:00 DEBUG 90233 --- [fang123-backend] [nio-8090-exec-1] c.f.m.LoupanHuxingMapper.selectList      : ==> Parameters: 1(Long)
2026-09-05T18:27:20.078+08:00 DEBUG 90233 --- [fang123-backend] [nio-8090-exec-1] c.f.m.LoupanHuxingMapper.selectList      : <==      Total: 5
2026-09-05T18:27:20.080+08:00 DEBUG 90233 --- [fang123-backend] [nio-8090-exec-3] c.f.mapper.LoupanMapper.selectById       : <==      Total: 1
2026-09-05T18:28:03.663+08:00 DEBUG 90233 --- [fang123-backend] [io-8090-exec-10] o.s.security.web.FilterChainProxy        : Securing GET /api/public/loupans/KjtcfZ4fS2w
2026-09-05T18:28:03.663+08:00 DEBUG 90233 --- [fang123-backend] [nio-8090-exec-4] o.s.security.web.FilterChainProxy        : Securing GET /api/public/loupans/KjtcfZ4fS2w/huxings
2026-09-05T18:28:03.676+08:00 DEBUG 90233 --- [fang123-backend] [io-8090-exec-10] o.s.s.w.a.AnonymousAuthenticationFilter  : Set SecurityContextHolder to anonymous SecurityContext
2026-09-05T18:28:03.677+08:00 DEBUG 90233 --- [fang123-backend] [io-8090-exec-10] o.s.security.web.FilterChainProxy        : Secured GET /api/public/loupans/KjtcfZ4fS2w
2026-09-05T18:28:03.679+08:00 DEBUG 90233 --- [fang123-backend] [nio-8090-exec-4] o.s.s.w.a.AnonymousAuthenticationFilter  : Set SecurityContextHolder to anonymous SecurityContext
2026-09-05T18:28:03.679+08:00 DEBUG 90233 --- [fang123-backend] [nio-8090-exec-4] o.s.security.web.FilterChainProxy        : Secured GET /api/public/loupans/KjtcfZ4fS2w/huxings
2026-09-05T18:28:03.694+08:00 DEBUG 90233 --- [fang123-backend] [nio-8090-exec-4] c.f.m.LoupanHuxingMapper.selectList      : ==>  Preparing: SELECT id,loupan_id,huxing_name,area,inside_area,inside_area_with_gift,room_num,hall_num,toilet_num,balcony_num,orientation,floor_type,unit_price,total_price_start,total_price_end,is_show_house,tag,sort,huxing_image,standard_huxing_image,deleted,create_time,update_time FROM loupan_huxing WHERE deleted=0 AND (loupan_id = ?) ORDER BY sort ASC
2026-09-05T18:28:03.694+08:00 DEBUG 90233 --- [fang123-backend] [io-8090-exec-10] c.f.mapper.LoupanMapper.selectById       : ==>  Preparing: SELECT id,land_id,land_no,cover_image,project_name,short_name,district,plate,avg_unit_price,avg_unit_price_yangfang,avg_unit_price_dieshu,avg_unit_price_paiwu,min_total_price,max_total_price,price_tag,sales_address,sales_status,sales_tel,project_address,show_house_desc,delivery_date,floor_height_min,floor_height_max,building_total,floor_min,floor_max,area_min,area_max,decorate_type,property_right_year,house_type,community_facility,people_car_separate,property_fee_high,property_fee_villa,property_company,park_total,park_sell_num,park_ratio,facade_material,self_hold_rate,build_area,land_area,house_total,plot_ratio,green_rate,project_company,brand_list,land_price,land_unit_price,land_buy_date,edu_support,traffic_support,medical_support,business_support,view_support,longitude,latitude,sort,deleted,create_time,update_time FROM loupan WHERE id=? AND deleted=0
2026-09-05T18:28:03.695+08:00 DEBUG 90233 --- [fang123-backend] [io-8090-exec-10] c.f.mapper.LoupanMapper.selectById       : ==> Parameters: 1(Long)
2026-09-05T18:28:03.695+08:00 DEBUG 90233 --- [fang123-backend] [nio-8090-exec-4] c.f.m.LoupanHuxingMapper.selectList      : ==> Parameters: 1(Long)
2026-09-05T18:28:03.741+08:00 DEBUG 90233 --- [fang123-backend] [nio-8090-exec-4] c.f.m.LoupanHuxingMapper.selectList      : <==      Total: 5
2026-09-05T18:28:03.742+08:00 DEBUG 90233 --- [fang123-backend] [io-8090-exec-10] c.f.mapper.LoupanMapper.selectById       : <==      Total: 1
2026-09-05T18:28:06.573+08:00 DEBUG 90233 --- [fang123-backend] [nio-8090-exec-2] o.s.security.web.FilterChainProxy        : Securing GET /api/public/loupans/KjtcfZ4fS2w/huxings
2026-09-05T18:28:06.573+08:00 DEBUG 90233 --- [fang123-backend] [nio-8090-exec-5] o.s.security.web.FilterChainProxy        : Securing GET /api/public/loupans/KjtcfZ4fS2w
2026-09-05T18:28:06.575+08:00 DEBUG 90233 --- [fang123-backend] [nio-8090-exec-2] o.s.s.w.a.AnonymousAuthenticationFilter  : Set SecurityContextHolder to anonymous SecurityContext
2026-09-05T18:28:06.575+08:00 DEBUG 90233 --- [fang123-backend] [nio-8090-exec-2] o.s.security.web.FilterChainProxy        : Secured GET /api/public/loupans/KjtcfZ4fS2w/huxings
2026-09-05T18:28:06.576+08:00 DEBUG 90233 --- [fang123-backend] [nio-8090-exec-5] o.s.s.w.a.AnonymousAuthenticationFilter  : Set SecurityContextHolder to anonymous SecurityContext
2026-09-05T18:28:06.577+08:00 DEBUG 90233 --- [fang123-backend] [nio-8090-exec-5] o.s.security.web.FilterChainProxy        : Secured GET /api/public/loupans/KjtcfZ4fS2w
2026-09-05T18:28:06.577+08:00 DEBUG 90233 --- [fang123-backend] [nio-8090-exec-2] c.f.m.LoupanHuxingMapper.selectList      : ==>  Preparing: SELECT id,loupan_id,huxing_name,area,inside_area,inside_area_with_gift,room_num,hall_num,toilet_num,balcony_num,orientation,floor_type,unit_price,total_price_start,total_price_end,is_show_house,tag,sort,huxing_image,standard_huxing_image,deleted,create_time,update_time FROM loupan_huxing WHERE deleted=0 AND (loupan_id = ?) ORDER BY sort ASC
2026-09-05T18:28:06.578+08:00 DEBUG 90233 --- [fang123-backend] [nio-8090-exec-5] c.f.mapper.LoupanMapper.selectById       : ==>  Preparing: SELECT id,land_id,land_no,cover_image,project_name,short_name,district,plate,avg_unit_price,avg_unit_price_yangfang,avg_unit_price_dieshu,avg_unit_price_paiwu,min_total_price,max_total_price,price_tag,sales_address,sales_status,sales_tel,project_address,show_house_desc,delivery_date,floor_height_min,floor_height_max,building_total,floor_min,floor_max,area_min,area_max,decorate_type,property_right_year,house_type,community_facility,people_car_separate,property_fee_high,property_fee_villa,property_company,park_total,park_sell_num,park_ratio,facade_material,self_hold_rate,build_area,land_area,house_total,plot_ratio,green_rate,project_company,brand_list,land_price,land_unit_price,land_buy_date,edu_support,traffic_support,medical_support,business_support,view_support,longitude,latitude,sort,deleted,create_time,update_time FROM loupan WHERE id=? AND deleted=0
2026-09-05T18:28:06.578+08:00 DEBUG 90233 --- [fang123-backend] [nio-8090-exec-2] c.f.m.LoupanHuxingMapper.selectList      : ==> Parameters: 1(Long)
2026-09-05T18:28:06.578+08:00 DEBUG 90233 --- [fang123-backend] [nio-8090-exec-5] c.f.mapper.LoupanMapper.selectById       : ==> Parameters: 1(Long)
2026-09-05T18:28:06.580+08:00 DEBUG 90233 --- [fang123-backend] [nio-8090-exec-5] c.f.mapper.LoupanMapper.selectById       : <==      Total: 1
2026-09-05T18:28:06.580+08:00 DEBUG 90233 --- [fang123-backend] [nio-8090-exec-2] c.f.m.LoupanHuxingMapper.selectList      : <==      Total: 5
2026-09-05T18:28:06.898+08:00 DEBUG 90233 --- [fang123-backend] [nio-8090-exec-7] o.s.security.web.FilterChainProxy        : Securing GET /api/public/loupans/KjtcfZ4fS2w
2026-09-05T18:28:06.898+08:00 DEBUG 90233 --- [fang123-backend] [nio-8090-exec-6] o.s.security.web.FilterChainProxy        : Securing GET /api/public/loupans/KjtcfZ4fS2w/huxings
2026-09-05T18:28:06.901+08:00 DEBUG 90233 --- [fang123-backend] [nio-8090-exec-7] o.s.s.w.a.AnonymousAuthenticationFilter  : Set SecurityContextHolder to anonymous SecurityContext
2026-09-05T18:28:06.902+08:00 DEBUG 90233 --- [fang123-backend] [nio-8090-exec-6] o.s.s.w.a.AnonymousAuthenticationFilter  : Set SecurityContextHolder to anonymous SecurityContext
2026-09-05T18:28:06.902+08:00 DEBUG 90233 --- [fang123-backend] [nio-8090-exec-6] o.s.security.web.FilterChainProxy        : Secured GET /api/public/loupans/KjtcfZ4fS2w/huxings
2026-09-05T18:28:06.902+08:00 DEBUG 90233 --- [fang123-backend] [nio-8090-exec-7] o.s.security.web.FilterChainProxy        : Secured GET /api/public/loupans/KjtcfZ4fS2w
2026-09-05T18:28:06.903+08:00 DEBUG 90233 --- [fang123-backend] [nio-8090-exec-7] c.f.mapper.LoupanMapper.selectById       : ==>  Preparing: SELECT id,land_id,land_no,cover_image,project_name,short_name,district,plate,avg_unit_price,avg_unit_price_yangfang,avg_unit_price_dieshu,avg_unit_price_paiwu,min_total_price,max_total_price,price_tag,sales_address,sales_status,sales_tel,project_address,show_house_desc,delivery_date,floor_height_min,floor_height_max,building_total,floor_min,floor_max,area_min,area_max,decorate_type,property_right_year,house_type,community_facility,people_car_separate,property_fee_high,property_fee_villa,property_company,park_total,park_sell_num,park_ratio,facade_material,self_hold_rate,build_area,land_area,house_total,plot_ratio,green_rate,project_company,brand_list,land_price,land_unit_price,land_buy_date,edu_support,traffic_support,medical_support,business_support,view_support,longitude,latitude,sort,deleted,create_time,update_time FROM loupan WHERE id=? AND deleted=0
2026-09-05T18:28:06.904+08:00 DEBUG 90233 --- [fang123-backend] [nio-8090-exec-7] c.f.mapper.LoupanMapper.selectById       : ==> Parameters: 1(Long)
2026-09-05T18:28:06.904+08:00 DEBUG 90233 --- [fang123-backend] [nio-8090-exec-6] c.f.m.LoupanHuxingMapper.selectList      : ==>  Preparing: SELECT id,loupan_id,huxing_name,area,inside_area,inside_area_with_gift,room_num,hall_num,toilet_num,balcony_num,orientation,floor_type,unit_price,total_price_start,total_price_end,is_show_house,tag,sort,huxing_image,standard_huxing_image,deleted,create_time,update_time FROM loupan_huxing WHERE deleted=0 AND (loupan_id = ?) ORDER BY sort ASC
2026-09-05T18:28:06.905+08:00 DEBUG 90233 --- [fang123-backend] [nio-8090-exec-6] c.f.m.LoupanHuxingMapper.selectList      : ==> Parameters: 1(Long)
2026-09-05T18:28:06.906+08:00 DEBUG 90233 --- [fang123-backend] [nio-8090-exec-7] c.f.mapper.LoupanMapper.selectById       : <==      Total: 1
2026-09-05T18:28:06.906+08:00 DEBUG 90233 --- [fang123-backend] [nio-8090-exec-6] c.f.m.LoupanHuxingMapper.selectList      : <==      Total: 5
2026-09-05T18:28:07.062+08:00 DEBUG 90233 --- [fang123-backend] [nio-8090-exec-9] o.s.security.web.FilterChainProxy        : Securing GET /api/public/loupans/KjtcfZ4fS2w
2026-09-05T18:28:07.063+08:00 DEBUG 90233 --- [fang123-backend] [nio-8090-exec-8] o.s.security.web.FilterChainProxy        : Securing GET /api/public/loupans/KjtcfZ4fS2w/huxings
2026-09-05T18:28:07.063+08:00 DEBUG 90233 --- [fang123-backend] [nio-8090-exec-8] o.s.s.w.a.AnonymousAuthenticationFilter  : Set SecurityContextHolder to anonymous SecurityContext
2026-09-05T18:28:07.064+08:00 DEBUG 90233 --- [fang123-backend] [nio-8090-exec-8] o.s.security.web.FilterChainProxy        : Secured GET /api/public/loupans/KjtcfZ4fS2w/huxings
2026-09-05T18:28:07.064+08:00 DEBUG 90233 --- [fang123-backend] [nio-8090-exec-9] o.s.s.w.a.AnonymousAuthenticationFilter  : Set SecurityContextHolder to anonymous SecurityContext
2026-09-05T18:28:07.064+08:00 DEBUG 90233 --- [fang123-backend] [nio-8090-exec-9] o.s.security.web.FilterChainProxy        : Secured GET /api/public/loupans/KjtcfZ4fS2w
2026-09-05T18:28:07.065+08:00 DEBUG 90233 --- [fang123-backend] [nio-8090-exec-8] c.f.m.LoupanHuxingMapper.selectList      : ==>  Preparing: SELECT id,loupan_id,huxing_name,area,inside_area,inside_area_with_gift,room_num,hall_num,toilet_num,balcony_num,orientation,floor_type,unit_price,total_price_start,total_price_end,is_show_house,tag,sort,huxing_image,standard_huxing_image,deleted,create_time,update_time FROM loupan_huxing WHERE deleted=0 AND (loupan_id = ?) ORDER BY sort ASC
2026-09-05T18:28:07.065+08:00 DEBUG 90233 --- [fang123-backend] [nio-8090-exec-9] c.f.mapper.LoupanMapper.selectById       : ==>  Preparing: SELECT id,land_id,land_no,cover_image,project_name,short_name,district,plate,avg_unit_price,avg_unit_price_yangfang,avg_unit_price_dieshu,avg_unit_price_paiwu,min_total_price,max_total_price,price_tag,sales_address,sales_status,sales_tel,project_address,show_house_desc,delivery_date,floor_height_min,floor_height_max,building_total,floor_min,floor_max,area_min,area_max,decorate_type,property_right_year,house_type,community_facility,people_car_separate,property_fee_high,property_fee_villa,property_company,park_total,park_sell_num,park_ratio,facade_material,self_hold_rate,build_area,land_area,house_total,plot_ratio,green_rate,project_company,brand_list,land_price,land_unit_price,land_buy_date,edu_support,traffic_support,medical_support,business_support,view_support,longitude,latitude,sort,deleted,create_time,update_time FROM loupan WHERE id=? AND deleted=0
2026-09-05T18:28:07.066+08:00 DEBUG 90233 --- [fang123-backend] [nio-8090-exec-9] c.f.mapper.LoupanMapper.selectById       : ==> Parameters: 1(Long)
2026-09-05T18:28:07.066+08:00 DEBUG 90233 --- [fang123-backend] [nio-8090-exec-8] c.f.m.LoupanHuxingMapper.selectList      : ==> Parameters: 1(Long)
2026-09-05T18:28:07.068+08:00 DEBUG 90233 --- [fang123-backend] [nio-8090-exec-9] c.f.mapper.LoupanMapper.selectById       : <==      Total: 1
2026-09-05T18:28:07.068+08:00 DEBUG 90233 --- [fang123-backend] [nio-8090-exec-8] c.f.m.LoupanHuxingMapper.selectList      : <==      Total: 5
2026-09-05T18:28:10.902+08:00 DEBUG 90233 --- [fang123-backend] [nio-8090-exec-1] o.s.security.web.FilterChainProxy        : Securing GET /api/public/loupans/KjtcfZ4fS2w/huxings
2026-09-05T18:28:10.904+08:00 DEBUG 90233 --- [fang123-backend] [nio-8090-exec-1] o.s.s.w.a.AnonymousAuthenticationFilter  : Set SecurityContextHolder to anonymous SecurityContext
2026-09-05T18:28:10.904+08:00 DEBUG 90233 --- [fang123-backend] [nio-8090-exec-1] o.s.security.web.FilterChainProxy        : Secured GET /api/public/loupans/KjtcfZ4fS2w/huxings
2026-09-05T18:28:10.908+08:00 DEBUG 90233 --- [fang123-backend] [nio-8090-exec-1] c.f.m.LoupanHuxingMapper.selectList      : ==>  Preparing: SELECT id,loupan_id,huxing_name,area,inside_area,inside_area_with_gift,room_num,hall_num,toilet_num,balcony_num,orientation,floor_type,unit_price,total_price_start,total_price_end,is_show_house,tag,sort,huxing_image,standard_huxing_image,deleted,create_time,update_time FROM loupan_huxing WHERE deleted=0 AND (loupan_id = ?) ORDER BY sort ASC
2026-09-05T18:28:10.909+08:00 DEBUG 90233 --- [fang123-backend] [nio-8090-exec-1] c.f.m.LoupanHuxingMapper.selectList      : ==> Parameters: 1(Long)
2026-09-05T18:28:10.912+08:00 DEBUG 90233 --- [fang123-backend] [nio-8090-exec-1] c.f.m.LoupanHuxingMapper.selectList      : <==      Total: 5
2026-09-05T18:28:11.017+08:00 DEBUG 90233 --- [fang123-backend] [nio-8090-exec-4] o.s.security.web.FilterChainProxy        : Securing GET /api/public/loupans/KjtcfZ4fS2w/medias
2026-09-05T18:28:11.018+08:00 DEBUG 90233 --- [fang123-backend] [nio-8090-exec-4] o.s.s.w.a.AnonymousAuthenticationFilter  : Set SecurityContextHolder to anonymous SecurityContext
2026-09-05T18:28:11.018+08:00 DEBUG 90233 --- [fang123-backend] [nio-8090-exec-4] o.s.security.web.FilterChainProxy        : Secured GET /api/public/loupans/KjtcfZ4fS2w/medias
2026-09-05T18:28:11.021+08:00 DEBUG 90233 --- [fang123-backend] [nio-8090-exec-4] c.f.mapper.LoupanMediaMapper.selectList  : ==>  Preparing: SELECT id,loupan_id,huxing_id,media_type,media_url,media_title,sort,deleted,create_time FROM loupan_media WHERE deleted=0 AND (loupan_id = ?) ORDER BY sort ASC
2026-09-05T18:28:11.021+08:00 DEBUG 90233 --- [fang123-backend] [nio-8090-exec-4] c.f.mapper.LoupanMediaMapper.selectList  : ==> Parameters: 1(Long)
2026-09-05T18:28:11.023+08:00 DEBUG 90233 --- [fang123-backend] [nio-8090-exec-4] c.f.mapper.LoupanMediaMapper.selectList  : <==      Total: 4
2026-09-05T18:28:14.310+08:00 DEBUG 90233 --- [fang123-backend] [nio-8090-exec-5] o.s.security.web.FilterChainProxy        : Securing GET /api/public/loupans/KjtcfZ4fS2w/huxings
2026-09-05T18:28:14.310+08:00 DEBUG 90233 --- [fang123-backend] [nio-8090-exec-2] o.s.security.web.FilterChainProxy        : Securing GET /api/public/loupans/KjtcfZ4fS2w
2026-09-05T18:28:14.313+08:00 DEBUG 90233 --- [fang123-backend] [nio-8090-exec-5] o.s.s.w.a.AnonymousAuthenticationFilter  : Set SecurityContextHolder to anonymous SecurityContext
2026-09-05T18:28:14.313+08:00 DEBUG 90233 --- [fang123-backend] [nio-8090-exec-2] o.s.s.w.a.AnonymousAuthenticationFilter  : Set SecurityContextHolder to anonymous SecurityContext
2026-09-05T18:28:14.313+08:00 DEBUG 90233 --- [fang123-backend] [nio-8090-exec-5] o.s.security.web.FilterChainProxy        : Secured GET /api/public/loupans/KjtcfZ4fS2w/huxings
2026-09-05T18:28:14.313+08:00 DEBUG 90233 --- [fang123-backend] [nio-8090-exec-2] o.s.security.web.FilterChainProxy        : Secured GET /api/public/loupans/KjtcfZ4fS2w
2026-09-05T18:28:14.321+08:00 DEBUG 90233 --- [fang123-backend] [nio-8090-exec-2] c.f.mapper.LoupanMapper.selectById       : ==>  Preparing: SELECT id,land_id,land_no,cover_image,project_name,short_name,district,plate,avg_unit_price,avg_unit_price_yangfang,avg_unit_price_dieshu,avg_unit_price_paiwu,min_total_price,max_total_price,price_tag,sales_address,sales_status,sales_tel,project_address,show_house_desc,delivery_date,floor_height_min,floor_height_max,building_total,floor_min,floor_max,area_min,area_max,decorate_type,property_right_year,house_type,community_facility,people_car_separate,property_fee_high,property_fee_villa,property_company,park_total,park_sell_num,park_ratio,facade_material,self_hold_rate,build_area,land_area,house_total,plot_ratio,green_rate,project_company,brand_list,land_price,land_unit_price,land_buy_date,edu_support,traffic_support,medical_support,business_support,view_support,longitude,latitude,sort,deleted,create_time,update_time FROM loupan WHERE id=? AND deleted=0
2026-09-05T18:28:14.321+08:00 DEBUG 90233 --- [fang123-backend] [nio-8090-exec-5] c.f.m.LoupanHuxingMapper.selectList      : ==>  Preparing: SELECT id,loupan_id,huxing_name,area,inside_area,inside_area_with_gift,room_num,hall_num,toilet_num,balcony_num,orientation,floor_type,unit_price,total_price_start,total_price_end,is_show_house,tag,sort,huxing_image,standard_huxing_image,deleted,create_time,update_time FROM loupan_huxing WHERE deleted=0 AND (loupan_id = ?) ORDER BY sort ASC
2026-09-05T18:28:14.322+08:00 DEBUG 90233 --- [fang123-backend] [nio-8090-exec-5] c.f.m.LoupanHuxingMapper.selectList      : ==> Parameters: 1(Long)
2026-09-05T18:28:14.322+08:00 DEBUG 90233 --- [fang123-backend] [nio-8090-exec-2] c.f.mapper.LoupanMapper.selectById       : ==> Parameters: 1(Long)
2026-09-05T18:28:14.328+08:00 DEBUG 90233 --- [fang123-backend] [nio-8090-exec-2] c.f.mapper.LoupanMapper.selectById       : <==      Total: 1
2026-09-05T18:28:14.328+08:00 DEBUG 90233 --- [fang123-backend] [nio-8090-exec-5] c.f.m.LoupanHuxingMapper.selectList      : <==      Total: 5
2026-09-05T18:28:14.935+08:00 DEBUG 90233 --- [fang123-backend] [nio-8090-exec-6] o.s.security.web.FilterChainProxy        : Securing GET /api/public/loupans/KjtcfZ4fS2w
2026-09-05T18:28:14.935+08:00 DEBUG 90233 --- [fang123-backend] [nio-8090-exec-7] o.s.security.web.FilterChainProxy        : Securing GET /api/public/loupans/KjtcfZ4fS2w/huxings
2026-09-05T18:28:14.937+08:00 DEBUG 90233 --- [fang123-backend] [nio-8090-exec-6] o.s.s.w.a.AnonymousAuthenticationFilter  : Set SecurityContextHolder to anonymous SecurityContext
2026-09-05T18:28:14.938+08:00 DEBUG 90233 --- [fang123-backend] [nio-8090-exec-7] o.s.s.w.a.AnonymousAuthenticationFilter  : Set SecurityContextHolder to anonymous SecurityContext
2026-09-05T18:28:14.938+08:00 DEBUG 90233 --- [fang123-backend] [nio-8090-exec-7] o.s.security.web.FilterChainProxy        : Secured GET /api/public/loupans/KjtcfZ4fS2w/huxings
2026-09-05T18:28:14.938+08:00 DEBUG 90233 --- [fang123-backend] [nio-8090-exec-6] o.s.security.web.FilterChainProxy        : Secured GET /api/public/loupans/KjtcfZ4fS2w
2026-09-05T18:28:14.940+08:00 DEBUG 90233 --- [fang123-backend] [nio-8090-exec-7] c.f.m.LoupanHuxingMapper.selectList      : ==>  Preparing: SELECT id,loupan_id,huxing_name,area,inside_area,inside_area_with_gift,room_num,hall_num,toilet_num,balcony_num,orientation,floor_type,unit_price,total_price_start,total_price_end,is_show_house,tag,sort,huxing_image,standard_huxing_image,deleted,create_time,update_time FROM loupan_huxing WHERE deleted=0 AND (loupan_id = ?) ORDER BY sort ASC
2026-09-05T18:28:14.940+08:00 DEBUG 90233 --- [fang123-backend] [nio-8090-exec-6] c.f.mapper.LoupanMapper.selectById       : ==>  Preparing: SELECT id,land_id,land_no,cover_image,project_name,short_name,district,plate,avg_unit_price,avg_unit_price_yangfang,avg_unit_price_dieshu,avg_unit_price_paiwu,min_total_price,max_total_price,price_tag,sales_address,sales_status,sales_tel,project_address,show_house_desc,delivery_date,floor_height_min,floor_height_max,building_total,floor_min,floor_max,area_min,area_max,decorate_type,property_right_year,house_type,community_facility,people_car_separate,property_fee_high,property_fee_villa,property_company,park_total,park_sell_num,park_ratio,facade_material,self_hold_rate,build_area,land_area,house_total,plot_ratio,green_rate,project_company,brand_list,land_price,land_unit_price,land_buy_date,edu_support,traffic_support,medical_support,business_support,view_support,longitude,latitude,sort,deleted,create_time,update_time FROM loupan WHERE id=? AND deleted=0
2026-09-05T18:28:14.940+08:00 DEBUG 90233 --- [fang123-backend] [nio-8090-exec-7] c.f.m.LoupanHuxingMapper.selectList      : ==> Parameters: 1(Long)
2026-09-05T18:28:14.940+08:00 DEBUG 90233 --- [fang123-backend] [nio-8090-exec-6] c.f.mapper.LoupanMapper.selectById       : ==> Parameters: 1(Long)
2026-09-05T18:28:14.942+08:00 DEBUG 90233 --- [fang123-backend] [nio-8090-exec-7] c.f.m.LoupanHuxingMapper.selectList      : <==      Total: 5
2026-09-05T18:28:14.942+08:00 DEBUG 90233 --- [fang123-backend] [nio-8090-exec-6] c.f.mapper.LoupanMapper.selectById       : <==      Total: 1
2026-09-05T18:28:17.150+08:00 DEBUG 90233 --- [fang123-backend] [nio-8090-exec-9] o.s.security.web.FilterChainProxy        : Securing GET /api/public/loupans/KjtcfZ4fS2w/huxings
2026-09-05T18:28:17.150+08:00 DEBUG 90233 --- [fang123-backend] [nio-8090-exec-8] o.s.security.web.FilterChainProxy        : Securing GET /api/public/loupans/KjtcfZ4fS2w
2026-09-05T18:28:17.152+08:00 DEBUG 90233 --- [fang123-backend] [nio-8090-exec-9] o.s.s.w.a.AnonymousAuthenticationFilter  : Set SecurityContextHolder to anonymous SecurityContext
2026-09-05T18:28:17.152+08:00 DEBUG 90233 --- [fang123-backend] [nio-8090-exec-8] o.s.s.w.a.AnonymousAuthenticationFilter  : Set SecurityContextHolder to anonymous SecurityContext
2026-09-05T18:28:17.152+08:00 DEBUG 90233 --- [fang123-backend] [nio-8090-exec-9] o.s.security.web.FilterChainProxy        : Secured GET /api/public/loupans/KjtcfZ4fS2w/huxings
2026-09-05T18:28:17.152+08:00 DEBUG 90233 --- [fang123-backend] [nio-8090-exec-8] o.s.security.web.FilterChainProxy        : Secured GET /api/public/loupans/KjtcfZ4fS2w
2026-09-05T18:28:17.154+08:00 DEBUG 90233 --- [fang123-backend] [nio-8090-exec-8] c.f.mapper.LoupanMapper.selectById       : ==>  Preparing: SELECT id,land_id,land_no,cover_image,project_name,short_name,district,plate,avg_unit_price,avg_unit_price_yangfang,avg_unit_price_dieshu,avg_unit_price_paiwu,min_total_price,max_total_price,price_tag,sales_address,sales_status,sales_tel,project_address,show_house_desc,delivery_date,floor_height_min,floor_height_max,building_total,floor_min,floor_max,area_min,area_max,decorate_type,property_right_year,house_type,community_facility,people_car_separate,property_fee_high,property_fee_villa,property_company,park_total,park_sell_num,park_ratio,facade_material,self_hold_rate,build_area,land_area,house_total,plot_ratio,green_rate,project_company,brand_list,land_price,land_unit_price,land_buy_date,edu_support,traffic_support,medical_support,business_support,view_support,longitude,latitude,sort,deleted,create_time,update_time FROM loupan WHERE id=? AND deleted=0
2026-09-05T18:28:17.154+08:00 DEBUG 90233 --- [fang123-backend] [nio-8090-exec-9] c.f.m.LoupanHuxingMapper.selectList      : ==>  Preparing: SELECT id,loupan_id,huxing_name,area,inside_area,inside_area_with_gift,room_num,hall_num,toilet_num,balcony_num,orientation,floor_type,unit_price,total_price_start,total_price_end,is_show_house,tag,sort,huxing_image,standard_huxing_image,deleted,create_time,update_time FROM loupan_huxing WHERE deleted=0 AND (loupan_id = ?) ORDER BY sort ASC
2026-09-05T18:28:17.155+08:00 DEBUG 90233 --- [fang123-backend] [nio-8090-exec-9] c.f.m.LoupanHuxingMapper.selectList      : ==> Parameters: 1(Long)
2026-09-05T18:28:17.155+08:00 DEBUG 90233 --- [fang123-backend] [nio-8090-exec-8] c.f.mapper.LoupanMapper.selectById       : ==> Parameters: 1(Long)
2026-09-05T18:28:17.163+08:00 DEBUG 90233 --- [fang123-backend] [nio-8090-exec-8] c.f.mapper.LoupanMapper.selectById       : <==      Total: 1
2026-09-05T18:28:17.163+08:00 DEBUG 90233 --- [fang123-backend] [nio-8090-exec-9] c.f.m.LoupanHuxingMapper.selectList      : <==      Total: 5
2026-09-05T18:28:17.848+08:00 DEBUG 90233 --- [fang123-backend] [nio-8090-exec-1] o.s.security.web.FilterChainProxy        : Securing GET /api/public/loupans/KjtcfZ4fS2w
2026-09-05T18:28:17.848+08:00 DEBUG 90233 --- [fang123-backend] [nio-8090-exec-3] o.s.security.web.FilterChainProxy        : Securing GET /api/public/loupans/KjtcfZ4fS2w/huxings
2026-09-05T18:28:17.850+08:00 DEBUG 90233 --- [fang123-backend] [nio-8090-exec-3] o.s.s.w.a.AnonymousAuthenticationFilter  : Set SecurityContextHolder to anonymous SecurityContext
2026-09-05T18:28:17.850+08:00 DEBUG 90233 --- [fang123-backend] [nio-8090-exec-1] o.s.s.w.a.AnonymousAuthenticationFilter  : Set SecurityContextHolder to anonymous SecurityContext
2026-09-05T18:28:17.850+08:00 DEBUG 90233 --- [fang123-backend] [nio-8090-exec-3] o.s.security.web.FilterChainProxy        : Secured GET /api/public/loupans/KjtcfZ4fS2w/huxings
2026-09-05T18:28:17.851+08:00 DEBUG 90233 --- [fang123-backend] [nio-8090-exec-1] o.s.security.web.FilterChainProxy        : Secured GET /api/public/loupans/KjtcfZ4fS2w
2026-09-05T18:28:17.853+08:00 DEBUG 90233 --- [fang123-backend] [nio-8090-exec-3] c.f.m.LoupanHuxingMapper.selectList      : ==>  Preparing: SELECT id,loupan_id,huxing_name,area,inside_area,inside_area_with_gift,room_num,hall_num,toilet_num,balcony_num,orientation,floor_type,unit_price,total_price_start,total_price_end,is_show_house,tag,sort,huxing_image,standard_huxing_image,deleted,create_time,update_time FROM loupan_huxing WHERE deleted=0 AND (loupan_id = ?) ORDER BY sort ASC
2026-09-05T18:28:17.853+08:00 DEBUG 90233 --- [fang123-backend] [nio-8090-exec-3] c.f.m.LoupanHuxingMapper.selectList      : ==> Parameters: 1(Long)
2026-09-05T18:28:17.853+08:00 DEBUG 90233 --- [fang123-backend] [nio-8090-exec-1] c.f.mapper.LoupanMapper.selectById       : ==>  Preparing: SELECT id,land_id,land_no,cover_image,project_name,short_name,district,plate,avg_unit_price,avg_unit_price_yangfang,avg_unit_price_dieshu,avg_unit_price_paiwu,min_total_price,max_total_price,price_tag,sales_address,sales_status,sales_tel,project_address,show_house_desc,delivery_date,floor_height_min,floor_height_max,building_total,floor_min,floor_max,area_min,area_max,decorate_type,property_right_year,house_type,community_facility,people_car_separate,property_fee_high,property_fee_villa,property_company,park_total,park_sell_num,park_ratio,facade_material,self_hold_rate,build_area,land_area,house_total,plot_ratio,green_rate,project_company,brand_list,land_price,land_unit_price,land_buy_date,edu_support,traffic_support,medical_support,business_support,view_support,longitude,latitude,sort,deleted,create_time,update_time FROM loupan WHERE id=? AND deleted=0
2026-09-05T18:28:17.854+08:00 DEBUG 90233 --- [fang123-backend] [nio-8090-exec-1] c.f.mapper.LoupanMapper.selectById       : ==> Parameters: 1(Long)
2026-09-05T18:28:17.855+08:00 DEBUG 90233 --- [fang123-backend] [nio-8090-exec-3] c.f.m.LoupanHuxingMapper.selectList      : <==      Total: 5
2026-09-05T18:28:17.855+08:00 DEBUG 90233 --- [fang123-backend] [nio-8090-exec-1] c.f.mapper.LoupanMapper.selectById       : <==      Total: 1
2026-09-05T18:28:20.421+08:00 DEBUG 90233 --- [fang123-backend] [nio-8090-exec-4] o.s.security.web.FilterChainProxy        : Securing GET /api/public/loupans/KjtcfZ4fS2w
2026-09-05T18:28:20.421+08:00 DEBUG 90233 --- [fang123-backend] [io-8090-exec-10] o.s.security.web.FilterChainProxy        : Securing GET /api/public/loupans/KjtcfZ4fS2w/huxings
2026-09-05T18:28:20.422+08:00 DEBUG 90233 --- [fang123-backend] [nio-8090-exec-4] o.s.s.w.a.AnonymousAuthenticationFilter  : Set SecurityContextHolder to anonymous SecurityContext
2026-09-05T18:28:20.422+08:00 DEBUG 90233 --- [fang123-backend] [io-8090-exec-10] o.s.s.w.a.AnonymousAuthenticationFilter  : Set SecurityContextHolder to anonymous SecurityContext
2026-09-05T18:28:20.422+08:00 DEBUG 90233 --- [fang123-backend] [nio-8090-exec-4] o.s.security.web.FilterChainProxy        : Secured GET /api/public/loupans/KjtcfZ4fS2w
2026-09-05T18:28:20.422+08:00 DEBUG 90233 --- [fang123-backend] [io-8090-exec-10] o.s.security.web.FilterChainProxy        : Secured GET /api/public/loupans/KjtcfZ4fS2w/huxings
2026-09-05T18:28:20.423+08:00 DEBUG 90233 --- [fang123-backend] [nio-8090-exec-4] c.f.mapper.LoupanMapper.selectById       : ==>  Preparing: SELECT id,land_id,land_no,cover_image,project_name,short_name,district,plate,avg_unit_price,avg_unit_price_yangfang,avg_unit_price_dieshu,avg_unit_price_paiwu,min_total_price,max_total_price,price_tag,sales_address,sales_status,sales_tel,project_address,show_house_desc,delivery_date,floor_height_min,floor_height_max,building_total,floor_min,floor_max,area_min,area_max,decorate_type,property_right_year,house_type,community_facility,people_car_separate,property_fee_high,property_fee_villa,property_company,park_total,park_sell_num,park_ratio,facade_material,self_hold_rate,build_area,land_area,house_total,plot_ratio,green_rate,project_company,brand_list,land_price,land_unit_price,land_buy_date,edu_support,traffic_support,medical_support,business_support,view_support,longitude,latitude,sort,deleted,create_time,update_time FROM loupan WHERE id=? AND deleted=0
2026-09-05T18:28:20.423+08:00 DEBUG 90233 --- [fang123-backend] [io-8090-exec-10] c.f.m.LoupanHuxingMapper.selectList      : ==>  Preparing: SELECT id,loupan_id,huxing_name,area,inside_area,inside_area_with_gift,room_num,hall_num,toilet_num,balcony_num,orientation,floor_type,unit_price,total_price_start,total_price_end,is_show_house,tag,sort,huxing_image,standard_huxing_image,deleted,create_time,update_time FROM loupan_huxing WHERE deleted=0 AND (loupan_id = ?) ORDER BY sort ASC
2026-09-05T18:28:20.423+08:00 DEBUG 90233 --- [fang123-backend] [nio-8090-exec-4] c.f.mapper.LoupanMapper.selectById       : ==> Parameters: 1(Long)
2026-09-05T18:28:20.423+08:00 DEBUG 90233 --- [fang123-backend] [io-8090-exec-10] c.f.m.LoupanHuxingMapper.selectList      : ==> Parameters: 1(Long)
2026-09-05T18:28:20.424+08:00 DEBUG 90233 --- [fang123-backend] [nio-8090-exec-4] c.f.mapper.LoupanMapper.selectById       : <==      Total: 1
2026-09-05T18:28:20.425+08:00 DEBUG 90233 --- [fang123-backend] [io-8090-exec-10] c.f.m.LoupanHuxingMapper.selectList      : <==      Total: 5
2026-09-05T18:28:21.439+08:00 DEBUG 90233 --- [fang123-backend] [nio-8090-exec-5] o.s.security.web.FilterChainProxy        : Securing GET /api/public/loupans/KjtcfZ4fS2w
2026-09-05T18:28:21.439+08:00 DEBUG 90233 --- [fang123-backend] [nio-8090-exec-2] o.s.security.web.FilterChainProxy        : Securing GET /api/public/loupans/KjtcfZ4fS2w/huxings
2026-09-05T18:28:21.440+08:00 DEBUG 90233 --- [fang123-backend] [nio-8090-exec-5] o.s.s.w.a.AnonymousAuthenticationFilter  : Set SecurityContextHolder to anonymous SecurityContext
2026-09-05T18:28:21.440+08:00 DEBUG 90233 --- [fang123-backend] [nio-8090-exec-5] o.s.security.web.FilterChainProxy        : Secured GET /api/public/loupans/KjtcfZ4fS2w
2026-09-05T18:28:21.440+08:00 DEBUG 90233 --- [fang123-backend] [nio-8090-exec-2] o.s.s.w.a.AnonymousAuthenticationFilter  : Set SecurityContextHolder to anonymous SecurityContext
2026-09-05T18:28:21.441+08:00 DEBUG 90233 --- [fang123-backend] [nio-8090-exec-2] o.s.security.web.FilterChainProxy        : Secured GET /api/public/loupans/KjtcfZ4fS2w/huxings
2026-09-05T18:28:21.441+08:00 DEBUG 90233 --- [fang123-backend] [nio-8090-exec-5] c.f.mapper.LoupanMapper.selectById       : ==>  Preparing: SELECT id,land_id,land_no,cover_image,project_name,short_name,district,plate,avg_unit_price,avg_unit_price_yangfang,avg_unit_price_dieshu,avg_unit_price_paiwu,min_total_price,max_total_price,price_tag,sales_address,sales_status,sales_tel,project_address,show_house_desc,delivery_date,floor_height_min,floor_height_max,building_total,floor_min,floor_max,area_min,area_max,decorate_type,property_right_year,house_type,community_facility,people_car_separate,property_fee_high,property_fee_villa,property_company,park_total,park_sell_num,park_ratio,facade_material,self_hold_rate,build_area,land_area,house_total,plot_ratio,green_rate,project_company,brand_list,land_price,land_unit_price,land_buy_date,edu_support,traffic_support,medical_support,business_support,view_support,longitude,latitude,sort,deleted,create_time,update_time FROM loupan WHERE id=? AND deleted=0
2026-09-05T18:28:21.442+08:00 DEBUG 90233 --- [fang123-backend] [nio-8090-exec-2] c.f.m.LoupanHuxingMapper.selectList      : ==>  Preparing: SELECT id,loupan_id,huxing_name,area,inside_area,inside_area_with_gift,room_num,hall_num,toilet_num,balcony_num,orientation,floor_type,unit_price,total_price_start,total_price_end,is_show_house,tag,sort,huxing_image,standard_huxing_image,deleted,create_time,update_time FROM loupan_huxing WHERE deleted=0 AND (loupan_id = ?) ORDER BY sort ASC
2026-09-05T18:28:21.442+08:00 DEBUG 90233 --- [fang123-backend] [nio-8090-exec-5] c.f.mapper.LoupanMapper.selectById       : ==> Parameters: 1(Long)
2026-09-05T18:28:21.442+08:00 DEBUG 90233 --- [fang123-backend] [nio-8090-exec-2] c.f.m.LoupanHuxingMapper.selectList      : ==> Parameters: 1(Long)
2026-09-05T18:28:21.443+08:00 DEBUG 90233 --- [fang123-backend] [nio-8090-exec-2] c.f.m.LoupanHuxingMapper.selectList      : <==      Total: 5
2026-09-05T18:28:21.443+08:00 DEBUG 90233 --- [fang123-backend] [nio-8090-exec-5] c.f.mapper.LoupanMapper.selectById       : <==      Total: 1
2026-09-05T18:28:26.632+08:00 DEBUG 90233 --- [fang123-backend] [nio-8090-exec-6] o.s.security.web.FilterChainProxy        : Securing GET /api/public/loupans/KjtcfZ4fS2w/huxings
2026-09-05T18:28:26.632+08:00 DEBUG 90233 --- [fang123-backend] [nio-8090-exec-7] o.s.security.web.FilterChainProxy        : Securing GET /api/public/loupans/KjtcfZ4fS2w
2026-09-05T18:28:26.634+08:00 DEBUG 90233 --- [fang123-backend] [nio-8090-exec-6] o.s.s.w.a.AnonymousAuthenticationFilter  : Set SecurityContextHolder to anonymous SecurityContext
2026-09-05T18:28:26.634+08:00 DEBUG 90233 --- [fang123-backend] [nio-8090-exec-7] o.s.s.w.a.AnonymousAuthenticationFilter  : Set SecurityContextHolder to anonymous SecurityContext
2026-09-05T18:28:26.634+08:00 DEBUG 90233 --- [fang123-backend] [nio-8090-exec-6] o.s.security.web.FilterChainProxy        : Secured GET /api/public/loupans/KjtcfZ4fS2w/huxings
2026-09-05T18:28:26.634+08:00 DEBUG 90233 --- [fang123-backend] [nio-8090-exec-7] o.s.security.web.FilterChainProxy        : Secured GET /api/public/loupans/KjtcfZ4fS2w
2026-09-05T18:28:26.636+08:00 DEBUG 90233 --- [fang123-backend] [nio-8090-exec-7] c.f.mapper.LoupanMapper.selectById       : ==>  Preparing: SELECT id,land_id,land_no,cover_image,project_name,short_name,district,plate,avg_unit_price,avg_unit_price_yangfang,avg_unit_price_dieshu,avg_unit_price_paiwu,min_total_price,max_total_price,price_tag,sales_address,sales_status,sales_tel,project_address,show_house_desc,delivery_date,floor_height_min,floor_height_max,building_total,floor_min,floor_max,area_min,area_max,decorate_type,property_right_year,house_type,community_facility,people_car_separate,property_fee_high,property_fee_villa,property_company,park_total,park_sell_num,park_ratio,facade_material,self_hold_rate,build_area,land_area,house_total,plot_ratio,green_rate,project_company,brand_list,land_price,land_unit_price,land_buy_date,edu_support,traffic_support,medical_support,business_support,view_support,longitude,latitude,sort,deleted,create_time,update_time FROM loupan WHERE id=? AND deleted=0
2026-09-05T18:28:26.636+08:00 DEBUG 90233 --- [fang123-backend] [nio-8090-exec-6] c.f.m.LoupanHuxingMapper.selectList      : ==>  Preparing: SELECT id,loupan_id,huxing_name,area,inside_area,inside_area_with_gift,room_num,hall_num,toilet_num,balcony_num,orientation,floor_type,unit_price,total_price_start,total_price_end,is_show_house,tag,sort,huxing_image,standard_huxing_image,deleted,create_time,update_time FROM loupan_huxing WHERE deleted=0 AND (loupan_id = ?) ORDER BY sort ASC
2026-09-05T18:28:26.636+08:00 DEBUG 90233 --- [fang123-backend] [nio-8090-exec-7] c.f.mapper.LoupanMapper.selectById       : ==> Parameters: 1(Long)
2026-09-05T18:28:26.636+08:00 DEBUG 90233 --- [fang123-backend] [nio-8090-exec-6] c.f.m.LoupanHuxingMapper.selectList      : ==> Parameters: 1(Long)
2026-09-05T18:28:26.638+08:00 DEBUG 90233 --- [fang123-backend] [nio-8090-exec-6] c.f.m.LoupanHuxingMapper.selectList      : <==      Total: 5
2026-09-05T18:28:26.638+08:00 DEBUG 90233 --- [fang123-backend] [nio-8090-exec-7] c.f.mapper.LoupanMapper.selectById       : <==      Total: 1
2026-09-05T18:28:27.325+08:00 DEBUG 90233 --- [fang123-backend] [nio-8090-exec-8] o.s.security.web.FilterChainProxy        : Securing GET /api/public/loupans/KjtcfZ4fS2w
2026-09-05T18:28:27.326+08:00 DEBUG 90233 --- [fang123-backend] [nio-8090-exec-9] o.s.security.web.FilterChainProxy        : Securing GET /api/public/loupans/KjtcfZ4fS2w/huxings
2026-09-05T18:28:27.326+08:00 DEBUG 90233 --- [fang123-backend] [nio-8090-exec-9] o.s.s.w.a.AnonymousAuthenticationFilter  : Set SecurityContextHolder to anonymous SecurityContext
2026-09-05T18:28:27.326+08:00 DEBUG 90233 --- [fang123-backend] [nio-8090-exec-8] o.s.s.w.a.AnonymousAuthenticationFilter  : Set SecurityContextHolder to anonymous SecurityContext
2026-09-05T18:28:27.326+08:00 DEBUG 90233 --- [fang123-backend] [nio-8090-exec-8] o.s.security.web.FilterChainProxy        : Secured GET /api/public/loupans/KjtcfZ4fS2w
2026-09-05T18:28:27.326+08:00 DEBUG 90233 --- [fang123-backend] [nio-8090-exec-9] o.s.security.web.FilterChainProxy        : Secured GET /api/public/loupans/KjtcfZ4fS2w/huxings
2026-09-05T18:28:27.327+08:00 DEBUG 90233 --- [fang123-backend] [nio-8090-exec-9] c.f.m.LoupanHuxingMapper.selectList      : ==>  Preparing: SELECT id,loupan_id,huxing_name,area,inside_area,inside_area_with_gift,room_num,hall_num,toilet_num,balcony_num,orientation,floor_type,unit_price,total_price_start,total_price_end,is_show_house,tag,sort,huxing_image,standard_huxing_image,deleted,create_time,update_time FROM loupan_huxing WHERE deleted=0 AND (loupan_id = ?) ORDER BY sort ASC
2026-09-05T18:28:27.327+08:00 DEBUG 90233 --- [fang123-backend] [nio-8090-exec-8] c.f.mapper.LoupanMapper.selectById       : ==>  Preparing: SELECT id,land_id,land_no,cover_image,project_name,short_name,district,plate,avg_unit_price,avg_unit_price_yangfang,avg_unit_price_dieshu,avg_unit_price_paiwu,min_total_price,max_total_price,price_tag,sales_address,sales_status,sales_tel,project_address,show_house_desc,delivery_date,floor_height_min,floor_height_max,building_total,floor_min,floor_max,area_min,area_max,decorate_type,property_right_year,house_type,community_facility,people_car_separate,property_fee_high,property_fee_villa,property_company,park_total,park_sell_num,park_ratio,facade_material,self_hold_rate,build_area,land_area,house_total,plot_ratio,green_rate,project_company,brand_list,land_price,land_unit_price,land_buy_date,edu_support,traffic_support,medical_support,business_support,view_support,longitude,latitude,sort,deleted,create_time,update_time FROM loupan WHERE id=? AND deleted=0
2026-09-05T18:28:27.327+08:00 DEBUG 90233 --- [fang123-backend] [nio-8090-exec-9] c.f.m.LoupanHuxingMapper.selectList      : ==> Parameters: 1(Long)
2026-09-05T18:28:27.327+08:00 DEBUG 90233 --- [fang123-backend] [nio-8090-exec-8] c.f.mapper.LoupanMapper.selectById       : ==> Parameters: 1(Long)
2026-09-05T18:28:27.328+08:00 DEBUG 90233 --- [fang123-backend] [nio-8090-exec-8] c.f.mapper.LoupanMapper.selectById       : <==      Total: 1
2026-09-05T18:28:27.328+08:00 DEBUG 90233 --- [fang123-backend] [nio-8090-exec-9] c.f.m.LoupanHuxingMapper.selectList      : <==      Total: 5
2026-09-05T18:28:28.202+08:00 DEBUG 90233 --- [fang123-backend] [nio-8090-exec-1] o.s.security.web.FilterChainProxy        : Securing GET /api/public/loupans/KjtcfZ4fS2w/huxings
2026-09-05T18:28:28.202+08:00 DEBUG 90233 --- [fang123-backend] [nio-8090-exec-3] o.s.security.web.FilterChainProxy        : Securing GET /api/public/loupans/KjtcfZ4fS2w
2026-09-05T18:28:28.203+08:00 DEBUG 90233 --- [fang123-backend] [nio-8090-exec-3] o.s.s.w.a.AnonymousAuthenticationFilter  : Set SecurityContextHolder to anonymous SecurityContext
2026-09-05T18:28:28.203+08:00 DEBUG 90233 --- [fang123-backend] [nio-8090-exec-1] o.s.s.w.a.AnonymousAuthenticationFilter  : Set SecurityContextHolder to anonymous SecurityContext
2026-09-05T18:28:28.203+08:00 DEBUG 90233 --- [fang123-backend] [nio-8090-exec-1] o.s.security.web.FilterChainProxy        : Secured GET /api/public/loupans/KjtcfZ4fS2w/huxings
2026-09-05T18:28:28.203+08:00 DEBUG 90233 --- [fang123-backend] [nio-8090-exec-3] o.s.security.web.FilterChainProxy        : Secured GET /api/public/loupans/KjtcfZ4fS2w
2026-09-05T18:28:28.204+08:00 DEBUG 90233 --- [fang123-backend] [nio-8090-exec-3] c.f.mapper.LoupanMapper.selectById       : ==>  Preparing: SELECT id,land_id,land_no,cover_image,project_name,short_name,district,plate,avg_unit_price,avg_unit_price_yangfang,avg_unit_price_dieshu,avg_unit_price_paiwu,min_total_price,max_total_price,price_tag,sales_address,sales_status,sales_tel,project_address,show_house_desc,delivery_date,floor_height_min,floor_height_max,building_total,floor_min,floor_max,area_min,area_max,decorate_type,property_right_year,house_type,community_facility,people_car_separate,property_fee_high,property_fee_villa,property_company,park_total,park_sell_num,park_ratio,facade_material,self_hold_rate,build_area,land_area,house_total,plot_ratio,green_rate,project_company,brand_list,land_price,land_unit_price,land_buy_date,edu_support,traffic_support,medical_support,business_support,view_support,longitude,latitude,sort,deleted,create_time,update_time FROM loupan WHERE id=? AND deleted=0
2026-09-05T18:28:28.204+08:00 DEBUG 90233 --- [fang123-backend] [nio-8090-exec-3] c.f.mapper.LoupanMapper.selectById       : ==> Parameters: 1(Long)
2026-09-05T18:28:28.204+08:00 DEBUG 90233 --- [fang123-backend] [nio-8090-exec-1] c.f.m.LoupanHuxingMapper.selectList      : ==>  Preparing: SELECT id,loupan_id,huxing_name,area,inside_area,inside_area_with_gift,room_num,hall_num,toilet_num,balcony_num,orientation,floor_type,unit_price,total_price_start,total_price_end,is_show_house,tag,sort,huxing_image,standard_huxing_image,deleted,create_time,update_time FROM loupan_huxing WHERE deleted=0 AND (loupan_id = ?) ORDER BY sort ASC
2026-09-05T18:28:28.205+08:00 DEBUG 90233 --- [fang123-backend] [nio-8090-exec-1] c.f.m.LoupanHuxingMapper.selectList      : ==> Parameters: 1(Long)
2026-09-05T18:28:28.205+08:00 DEBUG 90233 --- [fang123-backend] [nio-8090-exec-1] c.f.m.LoupanHuxingMapper.selectList      : <==      Total: 5
2026-09-05T18:28:28.206+08:00 DEBUG 90233 --- [fang123-backend] [nio-8090-exec-3] c.f.mapper.LoupanMapper.selectById       : <==      Total: 1
2026-09-05T18:28:35.420+08:00 DEBUG 90233 --- [fang123-backend] [nio-8090-exec-4] o.s.security.web.FilterChainProxy        : Securing GET /api/public/loupans/KjtcfZ4fS2w
2026-09-05T18:28:35.422+08:00 DEBUG 90233 --- [fang123-backend] [nio-8090-exec-4] o.s.s.w.a.AnonymousAuthenticationFilter  : Set SecurityContextHolder to anonymous SecurityContext
2026-09-05T18:28:35.422+08:00 DEBUG 90233 --- [fang123-backend] [nio-8090-exec-4] o.s.security.web.FilterChainProxy        : Secured GET /api/public/loupans/KjtcfZ4fS2w
2026-09-05T18:28:35.424+08:00 DEBUG 90233 --- [fang123-backend] [nio-8090-exec-4] c.f.mapper.LoupanMapper.selectById       : ==>  Preparing: SELECT id,land_id,land_no,cover_image,project_name,short_name,district,plate,avg_unit_price,avg_unit_price_yangfang,avg_unit_price_dieshu,avg_unit_price_paiwu,min_total_price,max_total_price,price_tag,sales_address,sales_status,sales_tel,project_address,show_house_desc,delivery_date,floor_height_min,floor_height_max,building_total,floor_min,floor_max,area_min,area_max,decorate_type,property_right_year,house_type,community_facility,people_car_separate,property_fee_high,property_fee_villa,property_company,park_total,park_sell_num,park_ratio,facade_material,self_hold_rate,build_area,land_area,house_total,plot_ratio,green_rate,project_company,brand_list,land_price,land_unit_price,land_buy_date,edu_support,traffic_support,medical_support,business_support,view_support,longitude,latitude,sort,deleted,create_time,update_time FROM loupan WHERE id=? AND deleted=0
2026-09-05T18:28:35.424+08:00 DEBUG 90233 --- [fang123-backend] [nio-8090-exec-4] c.f.mapper.LoupanMapper.selectById       : ==> Parameters: 1(Long)
2026-09-05T18:28:35.426+08:00 DEBUG 90233 --- [fang123-backend] [nio-8090-exec-4] c.f.mapper.LoupanMapper.selectById       : <==      Total: 1
2026-09-05T18:28:35.473+08:00 DEBUG 90233 --- [fang123-backend] [nio-8090-exec-2] o.s.security.web.FilterChainProxy        : Securing GET /api/public/loupans/KjtcfZ4fS2w/medias
2026-09-05T18:28:35.473+08:00 DEBUG 90233 --- [fang123-backend] [io-8090-exec-10] o.s.security.web.FilterChainProxy        : Securing GET /api/public/loupans/KjtcfZ4fS2w/huxings
2026-09-05T18:28:35.474+08:00 DEBUG 90233 --- [fang123-backend] [nio-8090-exec-5] o.s.security.web.FilterChainProxy        : Securing GET /api/public/loupans/KjtcfZ4fS2w/presale-permits
2026-09-05T18:28:35.475+08:00 DEBUG 90233 --- [fang123-backend] [nio-8090-exec-5] o.s.s.w.a.AnonymousAuthenticationFilter  : Set SecurityContextHolder to anonymous SecurityContext
2026-09-05T18:28:35.477+08:00 DEBUG 90233 --- [fang123-backend] [nio-8090-exec-2] o.s.s.w.a.AnonymousAuthenticationFilter  : Set SecurityContextHolder to anonymous SecurityContext
2026-09-05T18:28:35.477+08:00 DEBUG 90233 --- [fang123-backend] [nio-8090-exec-2] o.s.security.web.FilterChainProxy        : Secured GET /api/public/loupans/KjtcfZ4fS2w/medias
2026-09-05T18:28:35.476+08:00 DEBUG 90233 --- [fang123-backend] [nio-8090-exec-5] o.s.security.web.FilterChainProxy        : Secured GET /api/public/loupans/KjtcfZ4fS2w/presale-permits
2026-09-05T18:28:35.477+08:00 DEBUG 90233 --- [fang123-backend] [io-8090-exec-10] o.s.s.w.a.AnonymousAuthenticationFilter  : Set SecurityContextHolder to anonymous SecurityContext
2026-09-05T18:28:35.477+08:00 DEBUG 90233 --- [fang123-backend] [io-8090-exec-10] o.s.security.web.FilterChainProxy        : Secured GET /api/public/loupans/KjtcfZ4fS2w/huxings
2026-09-05T18:28:35.486+08:00 DEBUG 90233 --- [fang123-backend] [nio-8090-exec-2] c.f.mapper.LoupanMediaMapper.selectList  : ==>  Preparing: SELECT id,loupan_id,huxing_id,media_type,media_url,media_title,sort,deleted,create_time FROM loupan_media WHERE deleted=0 AND (loupan_id = ?) ORDER BY sort ASC
2026-09-05T18:28:35.486+08:00 DEBUG 90233 --- [fang123-backend] [nio-8090-exec-2] c.f.mapper.LoupanMediaMapper.selectList  : ==> Parameters: 1(Long)
2026-09-05T18:28:35.486+08:00 DEBUG 90233 --- [fang123-backend] [io-8090-exec-10] c.f.m.LoupanHuxingMapper.selectList      : ==>  Preparing: SELECT id,loupan_id,huxing_name,area,inside_area,inside_area_with_gift,room_num,hall_num,toilet_num,balcony_num,orientation,floor_type,unit_price,total_price_start,total_price_end,is_show_house,tag,sort,huxing_image,standard_huxing_image,deleted,create_time,update_time FROM loupan_huxing WHERE deleted=0 AND (loupan_id = ?) ORDER BY sort ASC
2026-09-05T18:28:35.487+08:00 DEBUG 90233 --- [fang123-backend] [io-8090-exec-10] c.f.m.LoupanHuxingMapper.selectList      : ==> Parameters: 1(Long)
2026-09-05T18:28:35.487+08:00 DEBUG 90233 --- [fang123-backend] [nio-8090-exec-5] c.f.m.L.selectList                       : ==>  Preparing: SELECT id,loupan_id,project_name,publicity_date,issue_date,develop_company,location,sale_address,sale_phone,online_sale_area,permit_no,permit_no_str,deleted,create_time,update_time FROM loupan_presale_permit WHERE deleted=0 AND (loupan_id = ?) ORDER BY issue_date DESC
2026-09-05T18:28:35.487+08:00 DEBUG 90233 --- [fang123-backend] [nio-8090-exec-5] c.f.m.L.selectList                       : ==> Parameters: 1(Long)
2026-09-05T18:28:35.489+08:00 DEBUG 90233 --- [fang123-backend] [nio-8090-exec-2] c.f.mapper.LoupanMediaMapper.selectList  : <==      Total: 4
2026-09-05T18:28:35.489+08:00 DEBUG 90233 --- [fang123-backend] [io-8090-exec-10] c.f.m.LoupanHuxingMapper.selectList      : <==      Total: 5
2026-09-05T18:28:35.575+08:00 DEBUG 90233 --- [fang123-backend] [nio-8090-exec-5] c.f.m.L.selectList                       : <==      Total: 2
2026-09-05T18:28:38.535+08:00 DEBUG 90233 --- [fang123-backend] [nio-8090-exec-7] o.s.security.web.FilterChainProxy        : Securing GET /api/public/loupans/KjtcfZ4fS2w
2026-09-05T18:28:38.535+08:00 DEBUG 90233 --- [fang123-backend] [nio-8090-exec-6] o.s.security.web.FilterChainProxy        : Securing GET /api/public/loupans/KjtcfZ4fS2w/huxings
2026-09-05T18:28:38.540+08:00 DEBUG 90233 --- [fang123-backend] [nio-8090-exec-6] o.s.s.w.a.AnonymousAuthenticationFilter  : Set SecurityContextHolder to anonymous SecurityContext
2026-09-05T18:28:38.540+08:00 DEBUG 90233 --- [fang123-backend] [nio-8090-exec-7] o.s.s.w.a.AnonymousAuthenticationFilter  : Set SecurityContextHolder to anonymous SecurityContext
2026-09-05T18:28:38.540+08:00 DEBUG 90233 --- [fang123-backend] [nio-8090-exec-7] o.s.security.web.FilterChainProxy        : Secured GET /api/public/loupans/KjtcfZ4fS2w
2026-09-05T18:28:38.540+08:00 DEBUG 90233 --- [fang123-backend] [nio-8090-exec-6] o.s.security.web.FilterChainProxy        : Secured GET /api/public/loupans/KjtcfZ4fS2w/huxings
2026-09-05T18:28:38.546+08:00 DEBUG 90233 --- [fang123-backend] [nio-8090-exec-7] c.f.mapper.LoupanMapper.selectById       : ==>  Preparing: SELECT id,land_id,land_no,cover_image,project_name,short_name,district,plate,avg_unit_price,avg_unit_price_yangfang,avg_unit_price_dieshu,avg_unit_price_paiwu,min_total_price,max_total_price,price_tag,sales_address,sales_status,sales_tel,project_address,show_house_desc,delivery_date,floor_height_min,floor_height_max,building_total,floor_min,floor_max,area_min,area_max,decorate_type,property_right_year,house_type,community_facility,people_car_separate,property_fee_high,property_fee_villa,property_company,park_total,park_sell_num,park_ratio,facade_material,self_hold_rate,build_area,land_area,house_total,plot_ratio,green_rate,project_company,brand_list,land_price,land_unit_price,land_buy_date,edu_support,traffic_support,medical_support,business_support,view_support,longitude,latitude,sort,deleted,create_time,update_time FROM loupan WHERE id=? AND deleted=0
2026-09-05T18:28:38.546+08:00 DEBUG 90233 --- [fang123-backend] [nio-8090-exec-6] c.f.m.LoupanHuxingMapper.selectList      : ==>  Preparing: SELECT id,loupan_id,huxing_name,area,inside_area,inside_area_with_gift,room_num,hall_num,toilet_num,balcony_num,orientation,floor_type,unit_price,total_price_start,total_price_end,is_show_house,tag,sort,huxing_image,standard_huxing_image,deleted,create_time,update_time FROM loupan_huxing WHERE deleted=0 AND (loupan_id = ?) ORDER BY sort ASC
2026-09-05T18:28:38.546+08:00 DEBUG 90233 --- [fang123-backend] [nio-8090-exec-7] c.f.mapper.LoupanMapper.selectById       : ==> Parameters: 1(Long)
2026-09-05T18:28:38.546+08:00 DEBUG 90233 --- [fang123-backend] [nio-8090-exec-6] c.f.m.LoupanHuxingMapper.selectList      : ==> Parameters: 1(Long)
2026-09-05T18:28:38.553+08:00 DEBUG 90233 --- [fang123-backend] [nio-8090-exec-7] c.f.mapper.LoupanMapper.selectById       : <==      Total: 1
2026-09-05T18:28:38.553+08:00 DEBUG 90233 --- [fang123-backend] [nio-8090-exec-6] c.f.m.LoupanHuxingMapper.selectList      : <==      Total: 5
2026-09-05T18:28:41.265+08:00 DEBUG 90233 --- [fang123-backend] [nio-8090-exec-8] o.s.security.web.FilterChainProxy        : Securing GET /api/public/loupans/KjtcfZ4fS2w
2026-09-05T18:28:41.268+08:00 DEBUG 90233 --- [fang123-backend] [nio-8090-exec-8] o.s.s.w.a.AnonymousAuthenticationFilter  : Set SecurityContextHolder to anonymous SecurityContext
2026-09-05T18:28:41.269+08:00 DEBUG 90233 --- [fang123-backend] [nio-8090-exec-8] o.s.security.web.FilterChainProxy        : Secured GET /api/public/loupans/KjtcfZ4fS2w
2026-09-05T18:28:41.270+08:00 DEBUG 90233 --- [fang123-backend] [nio-8090-exec-8] c.f.mapper.LoupanMapper.selectById       : ==>  Preparing: SELECT id,land_id,land_no,cover_image,project_name,short_name,district,plate,avg_unit_price,avg_unit_price_yangfang,avg_unit_price_dieshu,avg_unit_price_paiwu,min_total_price,max_total_price,price_tag,sales_address,sales_status,sales_tel,project_address,show_house_desc,delivery_date,floor_height_min,floor_height_max,building_total,floor_min,floor_max,area_min,area_max,decorate_type,property_right_year,house_type,community_facility,people_car_separate,property_fee_high,property_fee_villa,property_company,park_total,park_sell_num,park_ratio,facade_material,self_hold_rate,build_area,land_area,house_total,plot_ratio,green_rate,project_company,brand_list,land_price,land_unit_price,land_buy_date,edu_support,traffic_support,medical_support,business_support,view_support,longitude,latitude,sort,deleted,create_time,update_time FROM loupan WHERE id=? AND deleted=0
2026-09-05T18:28:41.270+08:00 DEBUG 90233 --- [fang123-backend] [nio-8090-exec-8] c.f.mapper.LoupanMapper.selectById       : ==> Parameters: 1(Long)
2026-09-05T18:28:41.272+08:00 DEBUG 90233 --- [fang123-backend] [nio-8090-exec-8] c.f.mapper.LoupanMapper.selectById       : <==      Total: 1
2026-09-05T18:28:41.299+08:00 DEBUG 90233 --- [fang123-backend] [nio-8090-exec-3] o.s.security.web.FilterChainProxy        : Securing GET /api/public/loupans/KjtcfZ4fS2w/medias
2026-09-05T18:28:41.299+08:00 DEBUG 90233 --- [fang123-backend] [nio-8090-exec-1] o.s.security.web.FilterChainProxy        : Securing GET /api/public/loupans/KjtcfZ4fS2w/presale-permits
2026-09-05T18:28:41.300+08:00 DEBUG 90233 --- [fang123-backend] [nio-8090-exec-9] o.s.security.web.FilterChainProxy        : Securing GET /api/public/loupans/KjtcfZ4fS2w/huxings
2026-09-05T18:28:41.300+08:00 DEBUG 90233 --- [fang123-backend] [nio-8090-exec-3] o.s.s.w.a.AnonymousAuthenticationFilter  : Set SecurityContextHolder to anonymous SecurityContext
2026-09-05T18:28:41.300+08:00 DEBUG 90233 --- [fang123-backend] [nio-8090-exec-3] o.s.security.web.FilterChainProxy        : Secured GET /api/public/loupans/KjtcfZ4fS2w/medias
2026-09-05T18:28:41.300+08:00 DEBUG 90233 --- [fang123-backend] [nio-8090-exec-1] o.s.s.w.a.AnonymousAuthenticationFilter  : Set SecurityContextHolder to anonymous SecurityContext
2026-09-05T18:28:41.300+08:00 DEBUG 90233 --- [fang123-backend] [nio-8090-exec-1] o.s.security.web.FilterChainProxy        : Secured GET /api/public/loupans/KjtcfZ4fS2w/presale-permits
2026-09-05T18:28:41.301+08:00 DEBUG 90233 --- [fang123-backend] [nio-8090-exec-3] c.f.mapper.LoupanMediaMapper.selectList  : ==>  Preparing: SELECT id,loupan_id,huxing_id,media_type,media_url,media_title,sort,deleted,create_time FROM loupan_media WHERE deleted=0 AND (loupan_id = ?) ORDER BY sort ASC
2026-09-05T18:28:41.301+08:00 DEBUG 90233 --- [fang123-backend] [nio-8090-exec-9] o.s.s.w.a.AnonymousAuthenticationFilter  : Set SecurityContextHolder to anonymous SecurityContext
2026-09-05T18:28:41.301+08:00 DEBUG 90233 --- [fang123-backend] [nio-8090-exec-9] o.s.security.web.FilterChainProxy        : Secured GET /api/public/loupans/KjtcfZ4fS2w/huxings
2026-09-05T18:28:41.301+08:00 DEBUG 90233 --- [fang123-backend] [nio-8090-exec-1] c.f.m.L.selectList                       : ==>  Preparing: SELECT id,loupan_id,project_name,publicity_date,issue_date,develop_company,location,sale_address,sale_phone,online_sale_area,permit_no,permit_no_str,deleted,create_time,update_time FROM loupan_presale_permit WHERE deleted=0 AND (loupan_id = ?) ORDER BY issue_date DESC
2026-09-05T18:28:41.301+08:00 DEBUG 90233 --- [fang123-backend] [nio-8090-exec-3] c.f.mapper.LoupanMediaMapper.selectList  : ==> Parameters: 1(Long)
2026-09-05T18:28:41.302+08:00 DEBUG 90233 --- [fang123-backend] [nio-8090-exec-1] c.f.m.L.selectList                       : ==> Parameters: 1(Long)
2026-09-05T18:28:41.302+08:00 DEBUG 90233 --- [fang123-backend] [nio-8090-exec-9] c.f.m.LoupanHuxingMapper.selectList      : ==>  Preparing: SELECT id,loupan_id,huxing_name,area,inside_area,inside_area_with_gift,room_num,hall_num,toilet_num,balcony_num,orientation,floor_type,unit_price,total_price_start,total_price_end,is_show_house,tag,sort,huxing_image,standard_huxing_image,deleted,create_time,update_time FROM loupan_huxing WHERE deleted=0 AND (loupan_id = ?) ORDER BY sort ASC
2026-09-05T18:28:41.302+08:00 DEBUG 90233 --- [fang123-backend] [nio-8090-exec-9] c.f.m.LoupanHuxingMapper.selectList      : ==> Parameters: 1(Long)
2026-09-05T18:28:41.303+08:00 DEBUG 90233 --- [fang123-backend] [nio-8090-exec-3] c.f.mapper.LoupanMediaMapper.selectList  : <==      Total: 4
2026-09-05T18:28:41.303+08:00 DEBUG 90233 --- [fang123-backend] [nio-8090-exec-9] c.f.m.LoupanHuxingMapper.selectList      : <==      Total: 5
2026-09-05T18:28:41.335+08:00 DEBUG 90233 --- [fang123-backend] [nio-8090-exec-1] c.f.m.L.selectList                       : <==      Total: 2
2026-09-05T18:28:43.529+08:00 DEBUG 90233 --- [fang123-backend] [nio-8090-exec-4] o.s.security.web.FilterChainProxy        : Securing GET /api/public/loupans/KjtcfZ4fS2w
2026-09-05T18:28:43.529+08:00 DEBUG 90233 --- [fang123-backend] [nio-8090-exec-2] o.s.security.web.FilterChainProxy        : Securing GET /api/public/loupans/KjtcfZ4fS2w/medias
2026-09-05T18:28:43.533+08:00 DEBUG 90233 --- [fang123-backend] [nio-8090-exec-2] o.s.s.w.a.AnonymousAuthenticationFilter  : Set SecurityContextHolder to anonymous SecurityContext
2026-09-05T18:28:43.533+08:00 DEBUG 90233 --- [fang123-backend] [nio-8090-exec-4] o.s.s.w.a.AnonymousAuthenticationFilter  : Set SecurityContextHolder to anonymous SecurityContext
2026-09-05T18:28:43.533+08:00 DEBUG 90233 --- [fang123-backend] [nio-8090-exec-4] o.s.security.web.FilterChainProxy        : Secured GET /api/public/loupans/KjtcfZ4fS2w
2026-09-05T18:28:43.533+08:00 DEBUG 90233 --- [fang123-backend] [nio-8090-exec-2] o.s.security.web.FilterChainProxy        : Secured GET /api/public/loupans/KjtcfZ4fS2w/medias
2026-09-05T18:28:43.536+08:00 DEBUG 90233 --- [fang123-backend] [nio-8090-exec-4] c.f.mapper.LoupanMapper.selectById       : ==>  Preparing: SELECT id,land_id,land_no,cover_image,project_name,short_name,district,plate,avg_unit_price,avg_unit_price_yangfang,avg_unit_price_dieshu,avg_unit_price_paiwu,min_total_price,max_total_price,price_tag,sales_address,sales_status,sales_tel,project_address,show_house_desc,delivery_date,floor_height_min,floor_height_max,building_total,floor_min,floor_max,area_min,area_max,decorate_type,property_right_year,house_type,community_facility,people_car_separate,property_fee_high,property_fee_villa,property_company,park_total,park_sell_num,park_ratio,facade_material,self_hold_rate,build_area,land_area,house_total,plot_ratio,green_rate,project_company,brand_list,land_price,land_unit_price,land_buy_date,edu_support,traffic_support,medical_support,business_support,view_support,longitude,latitude,sort,deleted,create_time,update_time FROM loupan WHERE id=? AND deleted=0
2026-09-05T18:28:43.537+08:00 DEBUG 90233 --- [fang123-backend] [nio-8090-exec-2] c.f.mapper.LoupanMediaMapper.selectList  : ==>  Preparing: SELECT id,loupan_id,huxing_id,media_type,media_url,media_title,sort,deleted,create_time FROM loupan_media WHERE deleted=0 AND (loupan_id = ?) ORDER BY sort ASC
2026-09-05T18:28:43.537+08:00 DEBUG 90233 --- [fang123-backend] [nio-8090-exec-2] c.f.mapper.LoupanMediaMapper.selectList  : ==> Parameters: 1(Long)
2026-09-05T18:28:43.537+08:00 DEBUG 90233 --- [fang123-backend] [nio-8090-exec-4] c.f.mapper.LoupanMapper.selectById       : ==> Parameters: 1(Long)
2026-09-05T18:28:43.540+08:00 DEBUG 90233 --- [fang123-backend] [nio-8090-exec-2] c.f.mapper.LoupanMediaMapper.selectList  : <==      Total: 4
2026-09-05T18:28:43.541+08:00 DEBUG 90233 --- [fang123-backend] [nio-8090-exec-4] c.f.mapper.LoupanMapper.selectById       : <==      Total: 1
2026-09-05T18:28:46.637+08:00 DEBUG 90233 --- [fang123-backend] [io-8090-exec-10] o.s.security.web.FilterChainProxy        : Securing GET /api/public/loupans/KjtcfZ4fS2w
2026-09-05T18:28:46.638+08:00 DEBUG 90233 --- [fang123-backend] [io-8090-exec-10] o.s.s.w.a.AnonymousAuthenticationFilter  : Set SecurityContextHolder to anonymous SecurityContext
2026-09-05T18:28:46.638+08:00 DEBUG 90233 --- [fang123-backend] [io-8090-exec-10] o.s.security.web.FilterChainProxy        : Secured GET /api/public/loupans/KjtcfZ4fS2w
2026-09-05T18:28:46.639+08:00 DEBUG 90233 --- [fang123-backend] [io-8090-exec-10] c.f.mapper.LoupanMapper.selectById       : ==>  Preparing: SELECT id,land_id,land_no,cover_image,project_name,short_name,district,plate,avg_unit_price,avg_unit_price_yangfang,avg_unit_price_dieshu,avg_unit_price_paiwu,min_total_price,max_total_price,price_tag,sales_address,sales_status,sales_tel,project_address,show_house_desc,delivery_date,floor_height_min,floor_height_max,building_total,floor_min,floor_max,area_min,area_max,decorate_type,property_right_year,house_type,community_facility,people_car_separate,property_fee_high,property_fee_villa,property_company,park_total,park_sell_num,park_ratio,facade_material,self_hold_rate,build_area,land_area,house_total,plot_ratio,green_rate,project_company,brand_list,land_price,land_unit_price,land_buy_date,edu_support,traffic_support,medical_support,business_support,view_support,longitude,latitude,sort,deleted,create_time,update_time FROM loupan WHERE id=? AND deleted=0
2026-09-05T18:28:46.639+08:00 DEBUG 90233 --- [fang123-backend] [io-8090-exec-10] c.f.mapper.LoupanMapper.selectById       : ==> Parameters: 1(Long)
2026-09-05T18:28:46.640+08:00 DEBUG 90233 --- [fang123-backend] [io-8090-exec-10] c.f.mapper.LoupanMapper.selectById       : <==      Total: 1
2026-09-05T18:28:46.670+08:00 DEBUG 90233 --- [fang123-backend] [nio-8090-exec-5] o.s.security.web.FilterChainProxy        : Securing GET /api/public/loupans/KjtcfZ4fS2w/huxings
2026-09-05T18:28:46.672+08:00 DEBUG 90233 --- [fang123-backend] [nio-8090-exec-7] o.s.security.web.FilterChainProxy        : Securing GET /api/public/loupans/KjtcfZ4fS2w/medias
2026-09-05T18:28:46.672+08:00 DEBUG 90233 --- [fang123-backend] [nio-8090-exec-6] o.s.security.web.FilterChainProxy        : Securing GET /api/public/loupans/KjtcfZ4fS2w/presale-permits
2026-09-05T18:28:46.672+08:00 DEBUG 90233 --- [fang123-backend] [nio-8090-exec-5] o.s.s.w.a.AnonymousAuthenticationFilter  : Set SecurityContextHolder to anonymous SecurityContext
2026-09-05T18:28:46.673+08:00 DEBUG 90233 --- [fang123-backend] [nio-8090-exec-5] o.s.security.web.FilterChainProxy        : Secured GET /api/public/loupans/KjtcfZ4fS2w/huxings
2026-09-05T18:28:46.673+08:00 DEBUG 90233 --- [fang123-backend] [nio-8090-exec-6] o.s.s.w.a.AnonymousAuthenticationFilter  : Set SecurityContextHolder to anonymous SecurityContext
2026-09-05T18:28:46.674+08:00 DEBUG 90233 --- [fang123-backend] [nio-8090-exec-6] o.s.security.web.FilterChainProxy        : Secured GET /api/public/loupans/KjtcfZ4fS2w/presale-permits
2026-09-05T18:28:46.676+08:00 DEBUG 90233 --- [fang123-backend] [nio-8090-exec-7] o.s.s.w.a.AnonymousAuthenticationFilter  : Set SecurityContextHolder to anonymous SecurityContext
2026-09-05T18:28:46.676+08:00 DEBUG 90233 --- [fang123-backend] [nio-8090-exec-7] o.s.security.web.FilterChainProxy        : Secured GET /api/public/loupans/KjtcfZ4fS2w/medias
2026-09-05T18:28:46.677+08:00 DEBUG 90233 --- [fang123-backend] [nio-8090-exec-5] c.f.m.LoupanHuxingMapper.selectList      : ==>  Preparing: SELECT id,loupan_id,huxing_name,area,inside_area,inside_area_with_gift,room_num,hall_num,toilet_num,balcony_num,orientation,floor_type,unit_price,total_price_start,total_price_end,is_show_house,tag,sort,huxing_image,standard_huxing_image,deleted,create_time,update_time FROM loupan_huxing WHERE deleted=0 AND (loupan_id = ?) ORDER BY sort ASC
2026-09-05T18:28:46.678+08:00 DEBUG 90233 --- [fang123-backend] [nio-8090-exec-6] c.f.m.L.selectList                       : ==>  Preparing: SELECT id,loupan_id,project_name,publicity_date,issue_date,develop_company,location,sale_address,sale_phone,online_sale_area,permit_no,permit_no_str,deleted,create_time,update_time FROM loupan_presale_permit WHERE deleted=0 AND (loupan_id = ?) ORDER BY issue_date DESC
2026-09-05T18:28:46.678+08:00 DEBUG 90233 --- [fang123-backend] [nio-8090-exec-7] c.f.mapper.LoupanMediaMapper.selectList  : ==>  Preparing: SELECT id,loupan_id,huxing_id,media_type,media_url,media_title,sort,deleted,create_time FROM loupan_media WHERE deleted=0 AND (loupan_id = ?) ORDER BY sort ASC
2026-09-05T18:28:46.678+08:00 DEBUG 90233 --- [fang123-backend] [nio-8090-exec-7] c.f.mapper.LoupanMediaMapper.selectList  : ==> Parameters: 1(Long)
2026-09-05T18:28:46.678+08:00 DEBUG 90233 --- [fang123-backend] [nio-8090-exec-6] c.f.m.L.selectList                       : ==> Parameters: 1(Long)
2026-09-05T18:28:46.678+08:00 DEBUG 90233 --- [fang123-backend] [nio-8090-exec-5] c.f.m.LoupanHuxingMapper.selectList      : ==> Parameters: 1(Long)
2026-09-05T18:28:46.680+08:00 DEBUG 90233 --- [fang123-backend] [nio-8090-exec-7] c.f.mapper.LoupanMediaMapper.selectList  : <==      Total: 4
2026-09-05T18:28:46.681+08:00 DEBUG 90233 --- [fang123-backend] [nio-8090-exec-5] c.f.m.LoupanHuxingMapper.selectList      : <==      Total: 5
2026-09-05T18:28:46.714+08:00 DEBUG 90233 --- [fang123-backend] [nio-8090-exec-6] c.f.m.L.selectList                       : <==      Total: 2
2026-09-05T18:28:49.086+08:00 DEBUG 90233 --- [fang123-backend] [nio-8090-exec-8] o.s.security.web.FilterChainProxy        : Securing GET /api/public/loupans/KjtcfZ4fS2w
2026-09-05T18:28:49.086+08:00 DEBUG 90233 --- [fang123-backend] [nio-8090-exec-3] o.s.security.web.FilterChainProxy        : Securing GET /api/public/loupans/KjtcfZ4fS2w/huxings
2026-09-05T18:28:49.090+08:00 DEBUG 90233 --- [fang123-backend] [nio-8090-exec-3] o.s.s.w.a.AnonymousAuthenticationFilter  : Set SecurityContextHolder to anonymous SecurityContext
2026-09-05T18:28:49.090+08:00 DEBUG 90233 --- [fang123-backend] [nio-8090-exec-8] o.s.s.w.a.AnonymousAuthenticationFilter  : Set SecurityContextHolder to anonymous SecurityContext
2026-09-05T18:28:49.090+08:00 DEBUG 90233 --- [fang123-backend] [nio-8090-exec-3] o.s.security.web.FilterChainProxy        : Secured GET /api/public/loupans/KjtcfZ4fS2w/huxings
2026-09-05T18:28:49.090+08:00 DEBUG 90233 --- [fang123-backend] [nio-8090-exec-8] o.s.security.web.FilterChainProxy        : Secured GET /api/public/loupans/KjtcfZ4fS2w
2026-09-05T18:28:49.095+08:00 DEBUG 90233 --- [fang123-backend] [nio-8090-exec-8] c.f.mapper.LoupanMapper.selectById       : ==>  Preparing: SELECT id,land_id,land_no,cover_image,project_name,short_name,district,plate,avg_unit_price,avg_unit_price_yangfang,avg_unit_price_dieshu,avg_unit_price_paiwu,min_total_price,max_total_price,price_tag,sales_address,sales_status,sales_tel,project_address,show_house_desc,delivery_date,floor_height_min,floor_height_max,building_total,floor_min,floor_max,area_min,area_max,decorate_type,property_right_year,house_type,community_facility,people_car_separate,property_fee_high,property_fee_villa,property_company,park_total,park_sell_num,park_ratio,facade_material,self_hold_rate,build_area,land_area,house_total,plot_ratio,green_rate,project_company,brand_list,land_price,land_unit_price,land_buy_date,edu_support,traffic_support,medical_support,business_support,view_support,longitude,latitude,sort,deleted,create_time,update_time FROM loupan WHERE id=? AND deleted=0
2026-09-05T18:28:49.096+08:00 DEBUG 90233 --- [fang123-backend] [nio-8090-exec-8] c.f.mapper.LoupanMapper.selectById       : ==> Parameters: 1(Long)
2026-09-05T18:28:49.096+08:00 DEBUG 90233 --- [fang123-backend] [nio-8090-exec-3] c.f.m.LoupanHuxingMapper.selectList      : ==>  Preparing: SELECT id,loupan_id,huxing_name,area,inside_area,inside_area_with_gift,room_num,hall_num,toilet_num,balcony_num,orientation,floor_type,unit_price,total_price_start,total_price_end,is_show_house,tag,sort,huxing_image,standard_huxing_image,deleted,create_time,update_time FROM loupan_huxing WHERE deleted=0 AND (loupan_id = ?) ORDER BY sort ASC
2026-09-05T18:28:49.096+08:00 DEBUG 90233 --- [fang123-backend] [nio-8090-exec-3] c.f.m.LoupanHuxingMapper.selectList      : ==> Parameters: 1(Long)
2026-09-05T18:28:49.098+08:00 DEBUG 90233 --- [fang123-backend] [nio-8090-exec-3] c.f.m.LoupanHuxingMapper.selectList      : <==      Total: 5
2026-09-05T18:28:49.098+08:00 DEBUG 90233 --- [fang123-backend] [nio-8090-exec-8] c.f.mapper.LoupanMapper.selectById       : <==      Total: 1
2026-09-05T18:28:50.557+08:00 DEBUG 90233 --- [fang123-backend] [nio-8090-exec-1] o.s.security.web.FilterChainProxy        : Securing GET /api/public/loupans/KjtcfZ4fS2w/huxings
2026-09-05T18:28:50.557+08:00 DEBUG 90233 --- [fang123-backend] [nio-8090-exec-9] o.s.security.web.FilterChainProxy        : Securing GET /api/public/loupans/KjtcfZ4fS2w
2026-09-05T18:28:50.558+08:00 DEBUG 90233 --- [fang123-backend] [nio-8090-exec-1] o.s.s.w.a.AnonymousAuthenticationFilter  : Set SecurityContextHolder to anonymous SecurityContext
2026-09-05T18:28:50.558+08:00 DEBUG 90233 --- [fang123-backend] [nio-8090-exec-9] o.s.s.w.a.AnonymousAuthenticationFilter  : Set SecurityContextHolder to anonymous SecurityContext
2026-09-05T18:28:50.558+08:00 DEBUG 90233 --- [fang123-backend] [nio-8090-exec-1] o.s.security.web.FilterChainProxy        : Secured GET /api/public/loupans/KjtcfZ4fS2w/huxings
2026-09-05T18:28:50.559+08:00 DEBUG 90233 --- [fang123-backend] [nio-8090-exec-9] o.s.security.web.FilterChainProxy        : Secured GET /api/public/loupans/KjtcfZ4fS2w
2026-09-05T18:28:50.559+08:00 DEBUG 90233 --- [fang123-backend] [nio-8090-exec-9] c.f.mapper.LoupanMapper.selectById       : ==>  Preparing: SELECT id,land_id,land_no,cover_image,project_name,short_name,district,plate,avg_unit_price,avg_unit_price_yangfang,avg_unit_price_dieshu,avg_unit_price_paiwu,min_total_price,max_total_price,price_tag,sales_address,sales_status,sales_tel,project_address,show_house_desc,delivery_date,floor_height_min,floor_height_max,building_total,floor_min,floor_max,area_min,area_max,decorate_type,property_right_year,house_type,community_facility,people_car_separate,property_fee_high,property_fee_villa,property_company,park_total,park_sell_num,park_ratio,facade_material,self_hold_rate,build_area,land_area,house_total,plot_ratio,green_rate,project_company,brand_list,land_price,land_unit_price,land_buy_date,edu_support,traffic_support,medical_support,business_support,view_support,longitude,latitude,sort,deleted,create_time,update_time FROM loupan WHERE id=? AND deleted=0
2026-09-05T18:28:50.560+08:00 DEBUG 90233 --- [fang123-backend] [nio-8090-exec-9] c.f.mapper.LoupanMapper.selectById       : ==> Parameters: 1(Long)
2026-09-05T18:28:50.560+08:00 DEBUG 90233 --- [fang123-backend] [nio-8090-exec-1] c.f.m.LoupanHuxingMapper.selectList      : ==>  Preparing: SELECT id,loupan_id,huxing_name,area,inside_area,inside_area_with_gift,room_num,hall_num,toilet_num,balcony_num,orientation,floor_type,unit_price,total_price_start,total_price_end,is_show_house,tag,sort,huxing_image,standard_huxing_image,deleted,create_time,update_time FROM loupan_huxing WHERE deleted=0 AND (loupan_id = ?) ORDER BY sort ASC
2026-09-05T18:28:50.560+08:00 DEBUG 90233 --- [fang123-backend] [nio-8090-exec-1] c.f.m.LoupanHuxingMapper.selectList      : ==> Parameters: 1(Long)
2026-09-05T18:28:50.561+08:00 DEBUG 90233 --- [fang123-backend] [nio-8090-exec-9] c.f.mapper.LoupanMapper.selectById       : <==      Total: 1
2026-09-05T18:28:50.562+08:00 DEBUG 90233 --- [fang123-backend] [nio-8090-exec-1] c.f.m.LoupanHuxingMapper.selectList      : <==      Total: 5
2026-09-05T18:28:51.045+08:00 DEBUG 90233 --- [fang123-backend] [nio-8090-exec-4] o.s.security.web.FilterChainProxy        : Securing GET /api/public/loupans/KjtcfZ4fS2w
2026-09-05T18:28:51.046+08:00 DEBUG 90233 --- [fang123-backend] [nio-8090-exec-4] o.s.s.w.a.AnonymousAuthenticationFilter  : Set SecurityContextHolder to anonymous SecurityContext
2026-09-05T18:28:51.046+08:00 DEBUG 90233 --- [fang123-backend] [nio-8090-exec-4] o.s.security.web.FilterChainProxy        : Secured GET /api/public/loupans/KjtcfZ4fS2w
2026-09-05T18:28:51.046+08:00 DEBUG 90233 --- [fang123-backend] [nio-8090-exec-2] o.s.security.web.FilterChainProxy        : Securing GET /api/public/loupans/KjtcfZ4fS2w/huxings
2026-09-05T18:28:51.046+08:00 DEBUG 90233 --- [fang123-backend] [nio-8090-exec-2] o.s.s.w.a.AnonymousAuthenticationFilter  : Set SecurityContextHolder to anonymous SecurityContext
2026-09-05T18:28:51.046+08:00 DEBUG 90233 --- [fang123-backend] [nio-8090-exec-2] o.s.security.web.FilterChainProxy        : Secured GET /api/public/loupans/KjtcfZ4fS2w/huxings
2026-09-05T18:28:51.046+08:00 DEBUG 90233 --- [fang123-backend] [nio-8090-exec-4] c.f.mapper.LoupanMapper.selectById       : ==>  Preparing: SELECT id,land_id,land_no,cover_image,project_name,short_name,district,plate,avg_unit_price,avg_unit_price_yangfang,avg_unit_price_dieshu,avg_unit_price_paiwu,min_total_price,max_total_price,price_tag,sales_address,sales_status,sales_tel,project_address,show_house_desc,delivery_date,floor_height_min,floor_height_max,building_total,floor_min,floor_max,area_min,area_max,decorate_type,property_right_year,house_type,community_facility,people_car_separate,property_fee_high,property_fee_villa,property_company,park_total,park_sell_num,park_ratio,facade_material,self_hold_rate,build_area,land_area,house_total,plot_ratio,green_rate,project_company,brand_list,land_price,land_unit_price,land_buy_date,edu_support,traffic_support,medical_support,business_support,view_support,longitude,latitude,sort,deleted,create_time,update_time FROM loupan WHERE id=? AND deleted=0
2026-09-05T18:28:51.047+08:00 DEBUG 90233 --- [fang123-backend] [nio-8090-exec-4] c.f.mapper.LoupanMapper.selectById       : ==> Parameters: 1(Long)
2026-09-05T18:28:51.047+08:00 DEBUG 90233 --- [fang123-backend] [nio-8090-exec-2] c.f.m.LoupanHuxingMapper.selectList      : ==>  Preparing: SELECT id,loupan_id,huxing_name,area,inside_area,inside_area_with_gift,room_num,hall_num,toilet_num,balcony_num,orientation,floor_type,unit_price,total_price_start,total_price_end,is_show_house,tag,sort,huxing_image,standard_huxing_image,deleted,create_time,update_time FROM loupan_huxing WHERE deleted=0 AND (loupan_id = ?) ORDER BY sort ASC
2026-09-05T18:28:51.047+08:00 DEBUG 90233 --- [fang123-backend] [nio-8090-exec-2] c.f.m.LoupanHuxingMapper.selectList      : ==> Parameters: 1(Long)
2026-09-05T18:28:51.048+08:00 DEBUG 90233 --- [fang123-backend] [nio-8090-exec-4] c.f.mapper.LoupanMapper.selectById       : <==      Total: 1
2026-09-05T18:28:51.048+08:00 DEBUG 90233 --- [fang123-backend] [nio-8090-exec-2] c.f.m.LoupanHuxingMapper.selectList      : <==      Total: 5
2026-09-05T18:28:58.255+08:00 DEBUG 90233 --- [fang123-backend] [io-8090-exec-10] o.s.security.web.FilterChainProxy        : Securing GET /api/admin/huxings?page=1&size=10
2026-09-05T18:28:58.259+08:00 DEBUG 90233 --- [fang123-backend] [io-8090-exec-10] o.s.security.web.FilterChainProxy        : Secured GET /api/admin/huxings?page=1&size=10
2026-09-05T18:28:58.267+08:00 DEBUG 90233 --- [fang123-backend] [io-8090-exec-10] c.f.m.L.selectList_mpCount               : ==>  Preparing: SELECT COUNT(*) AS total FROM loupan_huxing WHERE deleted = 0
2026-09-05T18:28:58.267+08:00 DEBUG 90233 --- [fang123-backend] [io-8090-exec-10] c.f.m.L.selectList_mpCount               : ==> Parameters: 
2026-09-05T18:28:58.274+08:00 DEBUG 90233 --- [fang123-backend] [io-8090-exec-10] c.f.m.L.selectList_mpCount               : <==      Total: 1
2026-09-05T18:28:58.274+08:00 DEBUG 90233 --- [fang123-backend] [io-8090-exec-10] c.f.m.LoupanHuxingMapper.selectList      : ==>  Preparing: SELECT id,loupan_id,huxing_name,area,inside_area,inside_area_with_gift,room_num,hall_num,toilet_num,balcony_num,orientation,floor_type,unit_price,total_price_start,total_price_end,is_show_house,tag,sort,huxing_image,standard_huxing_image,deleted,create_time,update_time FROM loupan_huxing WHERE deleted=0 ORDER BY id DESC LIMIT ?
2026-09-05T18:28:58.275+08:00 DEBUG 90233 --- [fang123-backend] [io-8090-exec-10] c.f.m.LoupanHuxingMapper.selectList      : ==> Parameters: 10(Long)
2026-09-05T18:28:58.276+08:00 DEBUG 90233 --- [fang123-backend] [io-8090-exec-10] c.f.m.LoupanHuxingMapper.selectList      : <==      Total: 9
2026-09-05T18:29:00.703+08:00 DEBUG 90233 --- [fang123-backend] [nio-8090-exec-7] o.s.security.web.FilterChainProxy        : Securing GET /api/admin/huxings?page=1&size=10&loupanId=1
2026-09-05T18:29:00.704+08:00 DEBUG 90233 --- [fang123-backend] [nio-8090-exec-7] o.s.security.web.FilterChainProxy        : Secured GET /api/admin/huxings?page=1&size=10&loupanId=1
2026-09-05T18:29:00.706+08:00 DEBUG 90233 --- [fang123-backend] [nio-8090-exec-7] c.f.m.L.selectList_mpCount               : ==>  Preparing: SELECT COUNT(*) AS total FROM loupan_huxing WHERE deleted = 0 AND (loupan_id = ?)
2026-09-05T18:29:00.707+08:00 DEBUG 90233 --- [fang123-backend] [nio-8090-exec-7] c.f.m.L.selectList_mpCount               : ==> Parameters: 1(Long)
2026-09-05T18:29:00.708+08:00 DEBUG 90233 --- [fang123-backend] [nio-8090-exec-7] c.f.m.L.selectList_mpCount               : <==      Total: 1
2026-09-05T18:29:00.708+08:00 DEBUG 90233 --- [fang123-backend] [nio-8090-exec-7] c.f.m.LoupanHuxingMapper.selectList      : ==>  Preparing: SELECT id,loupan_id,huxing_name,area,inside_area,inside_area_with_gift,room_num,hall_num,toilet_num,balcony_num,orientation,floor_type,unit_price,total_price_start,total_price_end,is_show_house,tag,sort,huxing_image,standard_huxing_image,deleted,create_time,update_time FROM loupan_huxing WHERE deleted=0 AND (loupan_id = ?) ORDER BY id DESC LIMIT ?
2026-09-05T18:29:00.708+08:00 DEBUG 90233 --- [fang123-backend] [nio-8090-exec-7] c.f.m.LoupanHuxingMapper.selectList      : ==> Parameters: 1(Long), 10(Long)
2026-09-05T18:29:00.709+08:00 DEBUG 90233 --- [fang123-backend] [nio-8090-exec-7] c.f.m.LoupanHuxingMapper.selectList      : <==      Total: 5
2026-09-05T18:29:07.469+08:00 DEBUG 90233 --- [fang123-backend] [nio-8090-exec-5] o.s.security.web.FilterChainProxy        : Securing GET /api/admin/medias?page=1&size=10
2026-09-05T18:29:07.474+08:00 DEBUG 90233 --- [fang123-backend] [nio-8090-exec-5] o.s.security.web.FilterChainProxy        : Secured GET /api/admin/medias?page=1&size=10
2026-09-05T18:29:07.481+08:00 DEBUG 90233 --- [fang123-backend] [nio-8090-exec-5] c.f.m.L.selectList_mpCount               : ==>  Preparing: SELECT COUNT(*) AS total FROM loupan_media WHERE deleted = 0
2026-09-05T18:29:07.481+08:00 DEBUG 90233 --- [fang123-backend] [nio-8090-exec-5] c.f.m.L.selectList_mpCount               : ==> Parameters: 
2026-09-05T18:29:07.482+08:00 DEBUG 90233 --- [fang123-backend] [nio-8090-exec-5] c.f.m.L.selectList_mpCount               : <==      Total: 1
2026-09-05T18:29:07.482+08:00 DEBUG 90233 --- [fang123-backend] [nio-8090-exec-5] c.f.mapper.LoupanMediaMapper.selectList  : ==>  Preparing: SELECT id,loupan_id,huxing_id,media_type,media_url,media_title,sort,deleted,create_time FROM loupan_media WHERE deleted=0 ORDER BY id DESC LIMIT ?
2026-09-05T18:29:07.483+08:00 DEBUG 90233 --- [fang123-backend] [nio-8090-exec-5] c.f.mapper.LoupanMediaMapper.selectList  : ==> Parameters: 10(Long)
2026-09-05T18:29:07.484+08:00 DEBUG 90233 --- [fang123-backend] [nio-8090-exec-5] c.f.mapper.LoupanMediaMapper.selectList  : <==      Total: 10
2026-09-05T18:29:13.376+08:00 DEBUG 90233 --- [fang123-backend] [nio-8090-exec-6] o.s.security.web.FilterChainProxy        : Securing PUT /api/admin/medias/22
2026-09-05T18:29:13.378+08:00 DEBUG 90233 --- [fang123-backend] [nio-8090-exec-6] o.s.security.web.FilterChainProxy        : Secured PUT /api/admin/medias/22
2026-09-05T18:29:13.384+08:00 DEBUG 90233 --- [fang123-backend] [nio-8090-exec-6] c.f.mapper.LoupanMediaMapper.selectById  : ==>  Preparing: SELECT id,loupan_id,huxing_id,media_type,media_url,media_title,sort,deleted,create_time FROM loupan_media WHERE id=? AND deleted=0
2026-09-05T18:29:13.385+08:00 DEBUG 90233 --- [fang123-backend] [nio-8090-exec-6] c.f.mapper.LoupanMediaMapper.selectById  : ==> Parameters: 22(Long)
2026-09-05T18:29:13.386+08:00 DEBUG 90233 --- [fang123-backend] [nio-8090-exec-6] c.f.mapper.LoupanMediaMapper.selectById  : <==      Total: 1
2026-09-05T18:29:13.387+08:00 DEBUG 90233 --- [fang123-backend] [nio-8090-exec-6] c.f.mapper.LoupanMediaMapper.updateById  : ==>  Preparing: UPDATE loupan_media SET loupan_id=?, huxing_id=?, media_type=?, media_url=?, media_title=?, sort=?, create_time=? WHERE id=? AND deleted=0
2026-09-05T18:29:13.387+08:00 DEBUG 90233 --- [fang123-backend] [nio-8090-exec-6] c.f.mapper.LoupanMediaMapper.updateById  : ==> Parameters: 1(Long), 3(Long), 5(Integer), https://neoimage-1251198067.cos.ap-shanghai.myqcloud.com/media/loupan/70f83823220743f5a072b18762a40a96.mp4(String), (String), 0(Integer), 2026-09-05T18:14:59(LocalDateTime), 22(Long)
2026-09-05T18:29:13.408+08:00 DEBUG 90233 --- [fang123-backend] [nio-8090-exec-6] c.f.mapper.LoupanMediaMapper.updateById  : <==    Updates: 1
2026-09-05T18:29:13.408+08:00 DEBUG 90233 --- [fang123-backend] [nio-8090-exec-6] c.f.mapper.LoupanMediaMapper.selectById  : ==>  Preparing: SELECT id,loupan_id,huxing_id,media_type,media_url,media_title,sort,deleted,create_time FROM loupan_media WHERE id=? AND deleted=0
2026-09-05T18:29:13.408+08:00 DEBUG 90233 --- [fang123-backend] [nio-8090-exec-6] c.f.mapper.LoupanMediaMapper.selectById  : ==> Parameters: 22(Long)
2026-09-05T18:29:13.409+08:00 DEBUG 90233 --- [fang123-backend] [nio-8090-exec-6] c.f.mapper.LoupanMediaMapper.selectById  : <==      Total: 1
2026-09-05T18:29:13.430+08:00 DEBUG 90233 --- [fang123-backend] [nio-8090-exec-8] o.s.security.web.FilterChainProxy        : Securing GET /api/admin/medias?page=1&size=10
2026-09-05T18:29:13.431+08:00 DEBUG 90233 --- [fang123-backend] [nio-8090-exec-8] o.s.security.web.FilterChainProxy        : Secured GET /api/admin/medias?page=1&size=10
2026-09-05T18:29:13.434+08:00 DEBUG 90233 --- [fang123-backend] [nio-8090-exec-8] c.f.m.L.selectList_mpCount               : ==>  Preparing: SELECT COUNT(*) AS total FROM loupan_media WHERE deleted = 0
2026-09-05T18:29:13.434+08:00 DEBUG 90233 --- [fang123-backend] [nio-8090-exec-8] c.f.m.L.selectList_mpCount               : ==> Parameters: 
2026-09-05T18:29:13.435+08:00 DEBUG 90233 --- [fang123-backend] [nio-8090-exec-8] c.f.m.L.selectList_mpCount               : <==      Total: 1
2026-09-05T18:29:13.435+08:00 DEBUG 90233 --- [fang123-backend] [nio-8090-exec-8] c.f.mapper.LoupanMediaMapper.selectList  : ==>  Preparing: SELECT id,loupan_id,huxing_id,media_type,media_url,media_title,sort,deleted,create_time FROM loupan_media WHERE deleted=0 ORDER BY id DESC LIMIT ?
2026-09-05T18:29:13.435+08:00 DEBUG 90233 --- [fang123-backend] [nio-8090-exec-8] c.f.mapper.LoupanMediaMapper.selectList  : ==> Parameters: 10(Long)
2026-09-05T18:29:13.436+08:00 DEBUG 90233 --- [fang123-backend] [nio-8090-exec-8] c.f.mapper.LoupanMediaMapper.selectList  : <==      Total: 10
2026-09-05T18:29:16.916+08:00 DEBUG 90233 --- [fang123-backend] [nio-8090-exec-3] o.s.security.web.FilterChainProxy        : Securing GET /api/public/loupans/KjtcfZ4fS2w
2026-09-05T18:29:16.917+08:00 DEBUG 90233 --- [fang123-backend] [nio-8090-exec-9] o.s.security.web.FilterChainProxy        : Securing GET /api/public/loupans/KjtcfZ4fS2w/huxings
2026-09-05T18:29:16.919+08:00 DEBUG 90233 --- [fang123-backend] [nio-8090-exec-9] o.s.s.w.a.AnonymousAuthenticationFilter  : Set SecurityContextHolder to anonymous SecurityContext
2026-09-05T18:29:16.919+08:00 DEBUG 90233 --- [fang123-backend] [nio-8090-exec-9] o.s.security.web.FilterChainProxy        : Secured GET /api/public/loupans/KjtcfZ4fS2w/huxings
2026-09-05T18:29:16.919+08:00 DEBUG 90233 --- [fang123-backend] [nio-8090-exec-3] o.s.s.w.a.AnonymousAuthenticationFilter  : Set SecurityContextHolder to anonymous SecurityContext
2026-09-05T18:29:16.920+08:00 DEBUG 90233 --- [fang123-backend] [nio-8090-exec-3] o.s.security.web.FilterChainProxy        : Secured GET /api/public/loupans/KjtcfZ4fS2w
2026-09-05T18:29:16.921+08:00 DEBUG 90233 --- [fang123-backend] [nio-8090-exec-3] c.f.mapper.LoupanMapper.selectById       : ==>  Preparing: SELECT id,land_id,land_no,cover_image,project_name,short_name,district,plate,avg_unit_price,avg_unit_price_yangfang,avg_unit_price_dieshu,avg_unit_price_paiwu,min_total_price,max_total_price,price_tag,sales_address,sales_status,sales_tel,project_address,show_house_desc,delivery_date,floor_height_min,floor_height_max,building_total,floor_min,floor_max,area_min,area_max,decorate_type,property_right_year,house_type,community_facility,people_car_separate,property_fee_high,property_fee_villa,property_company,park_total,park_sell_num,park_ratio,facade_material,self_hold_rate,build_area,land_area,house_total,plot_ratio,green_rate,project_company,brand_list,land_price,land_unit_price,land_buy_date,edu_support,traffic_support,medical_support,business_support,view_support,longitude,latitude,sort,deleted,create_time,update_time FROM loupan WHERE id=? AND deleted=0
2026-09-05T18:29:16.921+08:00 DEBUG 90233 --- [fang123-backend] [nio-8090-exec-3] c.f.mapper.LoupanMapper.selectById       : ==> Parameters: 1(Long)
2026-09-05T18:29:16.922+08:00 DEBUG 90233 --- [fang123-backend] [nio-8090-exec-9] c.f.m.LoupanHuxingMapper.selectList      : ==>  Preparing: SELECT id,loupan_id,huxing_name,area,inside_area,inside_area_with_gift,room_num,hall_num,toilet_num,balcony_num,orientation,floor_type,unit_price,total_price_start,total_price_end,is_show_house,tag,sort,huxing_image,standard_huxing_image,deleted,create_time,update_time FROM loupan_huxing WHERE deleted=0 AND (loupan_id = ?) ORDER BY sort ASC
2026-09-05T18:29:16.923+08:00 DEBUG 90233 --- [fang123-backend] [nio-8090-exec-9] c.f.m.LoupanHuxingMapper.selectList      : ==> Parameters: 1(Long)
2026-09-05T18:29:16.923+08:00 DEBUG 90233 --- [fang123-backend] [nio-8090-exec-3] c.f.mapper.LoupanMapper.selectById       : <==      Total: 1
2026-09-05T18:29:16.924+08:00 DEBUG 90233 --- [fang123-backend] [nio-8090-exec-9] c.f.m.LoupanHuxingMapper.selectList      : <==      Total: 5
2026-09-05T18:29:19.758+08:00 DEBUG 90233 --- [fang123-backend] [nio-8090-exec-1] o.s.security.web.FilterChainProxy        : Securing GET /api/public/loupans/KjtcfZ4fS2w
2026-09-05T18:29:19.758+08:00 DEBUG 90233 --- [fang123-backend] [nio-8090-exec-4] o.s.security.web.FilterChainProxy        : Securing GET /api/public/loupans/KjtcfZ4fS2w/huxings
2026-09-05T18:29:19.760+08:00 DEBUG 90233 --- [fang123-backend] [nio-8090-exec-1] o.s.s.w.a.AnonymousAuthenticationFilter  : Set SecurityContextHolder to anonymous SecurityContext
2026-09-05T18:29:19.760+08:00 DEBUG 90233 --- [fang123-backend] [nio-8090-exec-4] o.s.s.w.a.AnonymousAuthenticationFilter  : Set SecurityContextHolder to anonymous SecurityContext
2026-09-05T18:29:19.760+08:00 DEBUG 90233 --- [fang123-backend] [nio-8090-exec-4] o.s.security.web.FilterChainProxy        : Secured GET /api/public/loupans/KjtcfZ4fS2w/huxings
2026-09-05T18:29:19.760+08:00 DEBUG 90233 --- [fang123-backend] [nio-8090-exec-1] o.s.security.web.FilterChainProxy        : Secured GET /api/public/loupans/KjtcfZ4fS2w
2026-09-05T18:29:19.762+08:00 DEBUG 90233 --- [fang123-backend] [nio-8090-exec-1] c.f.mapper.LoupanMapper.selectById       : ==>  Preparing: SELECT id,land_id,land_no,cover_image,project_name,short_name,district,plate,avg_unit_price,avg_unit_price_yangfang,avg_unit_price_dieshu,avg_unit_price_paiwu,min_total_price,max_total_price,price_tag,sales_address,sales_status,sales_tel,project_address,show_house_desc,delivery_date,floor_height_min,floor_height_max,building_total,floor_min,floor_max,area_min,area_max,decorate_type,property_right_year,house_type,community_facility,people_car_separate,property_fee_high,property_fee_villa,property_company,park_total,park_sell_num,park_ratio,facade_material,self_hold_rate,build_area,land_area,house_total,plot_ratio,green_rate,project_company,brand_list,land_price,land_unit_price,land_buy_date,edu_support,traffic_support,medical_support,business_support,view_support,longitude,latitude,sort,deleted,create_time,update_time FROM loupan WHERE id=? AND deleted=0
2026-09-05T18:29:19.763+08:00 DEBUG 90233 --- [fang123-backend] [nio-8090-exec-1] c.f.mapper.LoupanMapper.selectById       : ==> Parameters: 1(Long)
2026-09-05T18:29:19.763+08:00 DEBUG 90233 --- [fang123-backend] [nio-8090-exec-4] c.f.m.LoupanHuxingMapper.selectList      : ==>  Preparing: SELECT id,loupan_id,huxing_name,area,inside_area,inside_area_with_gift,room_num,hall_num,toilet_num,balcony_num,orientation,floor_type,unit_price,total_price_start,total_price_end,is_show_house,tag,sort,huxing_image,standard_huxing_image,deleted,create_time,update_time FROM loupan_huxing WHERE deleted=0 AND (loupan_id = ?) ORDER BY sort ASC
2026-09-05T18:29:19.763+08:00 DEBUG 90233 --- [fang123-backend] [nio-8090-exec-4] c.f.m.LoupanHuxingMapper.selectList      : ==> Parameters: 1(Long)
2026-09-05T18:29:19.764+08:00 DEBUG 90233 --- [fang123-backend] [nio-8090-exec-1] c.f.mapper.LoupanMapper.selectById       : <==      Total: 1
2026-09-05T18:29:19.765+08:00 DEBUG 90233 --- [fang123-backend] [nio-8090-exec-4] c.f.m.LoupanHuxingMapper.selectList      : <==      Total: 5
2026-09-05T18:29:20.229+08:00 DEBUG 90233 --- [fang123-backend] [nio-8090-exec-2] o.s.security.web.FilterChainProxy        : Securing GET /api/public/loupans/KjtcfZ4fS2w
2026-09-05T18:29:20.229+08:00 DEBUG 90233 --- [fang123-backend] [io-8090-exec-10] o.s.security.web.FilterChainProxy        : Securing GET /api/public/loupans/KjtcfZ4fS2w/huxings
2026-09-05T18:29:20.231+08:00 DEBUG 90233 --- [fang123-backend] [nio-8090-exec-2] o.s.s.w.a.AnonymousAuthenticationFilter  : Set SecurityContextHolder to anonymous SecurityContext
2026-09-05T18:29:20.231+08:00 DEBUG 90233 --- [fang123-backend] [io-8090-exec-10] o.s.s.w.a.AnonymousAuthenticationFilter  : Set SecurityContextHolder to anonymous SecurityContext
2026-09-05T18:29:20.231+08:00 DEBUG 90233 --- [fang123-backend] [nio-8090-exec-2] o.s.security.web.FilterChainProxy        : Secured GET /api/public/loupans/KjtcfZ4fS2w
2026-09-05T18:29:20.231+08:00 DEBUG 90233 --- [fang123-backend] [io-8090-exec-10] o.s.security.web.FilterChainProxy        : Secured GET /api/public/loupans/KjtcfZ4fS2w/huxings
2026-09-05T18:29:20.232+08:00 DEBUG 90233 --- [fang123-backend] [nio-8090-exec-2] c.f.mapper.LoupanMapper.selectById       : ==>  Preparing: SELECT id,land_id,land_no,cover_image,project_name,short_name,district,plate,avg_unit_price,avg_unit_price_yangfang,avg_unit_price_dieshu,avg_unit_price_paiwu,min_total_price,max_total_price,price_tag,sales_address,sales_status,sales_tel,project_address,show_house_desc,delivery_date,floor_height_min,floor_height_max,building_total,floor_min,floor_max,area_min,area_max,decorate_type,property_right_year,house_type,community_facility,people_car_separate,property_fee_high,property_fee_villa,property_company,park_total,park_sell_num,park_ratio,facade_material,self_hold_rate,build_area,land_area,house_total,plot_ratio,green_rate,project_company,brand_list,land_price,land_unit_price,land_buy_date,edu_support,traffic_support,medical_support,business_support,view_support,longitude,latitude,sort,deleted,create_time,update_time FROM loupan WHERE id=? AND deleted=0
2026-09-05T18:29:20.232+08:00 DEBUG 90233 --- [fang123-backend] [io-8090-exec-10] c.f.m.LoupanHuxingMapper.selectList      : ==>  Preparing: SELECT id,loupan_id,huxing_name,area,inside_area,inside_area_with_gift,room_num,hall_num,toilet_num,balcony_num,orientation,floor_type,unit_price,total_price_start,total_price_end,is_show_house,tag,sort,huxing_image,standard_huxing_image,deleted,create_time,update_time FROM loupan_huxing WHERE deleted=0 AND (loupan_id = ?) ORDER BY sort ASC
2026-09-05T18:29:20.232+08:00 DEBUG 90233 --- [fang123-backend] [io-8090-exec-10] c.f.m.LoupanHuxingMapper.selectList      : ==> Parameters: 1(Long)
2026-09-05T18:29:20.232+08:00 DEBUG 90233 --- [fang123-backend] [nio-8090-exec-2] c.f.mapper.LoupanMapper.selectById       : ==> Parameters: 1(Long)
2026-09-05T18:29:20.235+08:00 DEBUG 90233 --- [fang123-backend] [nio-8090-exec-2] c.f.mapper.LoupanMapper.selectById       : <==      Total: 1
2026-09-05T18:29:20.235+08:00 DEBUG 90233 --- [fang123-backend] [io-8090-exec-10] c.f.m.LoupanHuxingMapper.selectList      : <==      Total: 5
2026-09-05T18:29:20.652+08:00 DEBUG 90233 --- [fang123-backend] [nio-8090-exec-5] o.s.security.web.FilterChainProxy        : Securing GET /api/public/loupans/KjtcfZ4fS2w/huxings
2026-09-05T18:29:20.652+08:00 DEBUG 90233 --- [fang123-backend] [nio-8090-exec-7] o.s.security.web.FilterChainProxy        : Securing GET /api/public/loupans/KjtcfZ4fS2w
2026-09-05T18:29:20.653+08:00 DEBUG 90233 --- [fang123-backend] [nio-8090-exec-7] o.s.s.w.a.AnonymousAuthenticationFilter  : Set SecurityContextHolder to anonymous SecurityContext
2026-09-05T18:29:20.653+08:00 DEBUG 90233 --- [fang123-backend] [nio-8090-exec-7] o.s.security.web.FilterChainProxy        : Secured GET /api/public/loupans/KjtcfZ4fS2w
2026-09-05T18:29:20.653+08:00 DEBUG 90233 --- [fang123-backend] [nio-8090-exec-5] o.s.s.w.a.AnonymousAuthenticationFilter  : Set SecurityContextHolder to anonymous SecurityContext
2026-09-05T18:29:20.653+08:00 DEBUG 90233 --- [fang123-backend] [nio-8090-exec-5] o.s.security.web.FilterChainProxy        : Secured GET /api/public/loupans/KjtcfZ4fS2w/huxings
2026-09-05T18:29:20.654+08:00 DEBUG 90233 --- [fang123-backend] [nio-8090-exec-7] c.f.mapper.LoupanMapper.selectById       : ==>  Preparing: SELECT id,land_id,land_no,cover_image,project_name,short_name,district,plate,avg_unit_price,avg_unit_price_yangfang,avg_unit_price_dieshu,avg_unit_price_paiwu,min_total_price,max_total_price,price_tag,sales_address,sales_status,sales_tel,project_address,show_house_desc,delivery_date,floor_height_min,floor_height_max,building_total,floor_min,floor_max,area_min,area_max,decorate_type,property_right_year,house_type,community_facility,people_car_separate,property_fee_high,property_fee_villa,property_company,park_total,park_sell_num,park_ratio,facade_material,self_hold_rate,build_area,land_area,house_total,plot_ratio,green_rate,project_company,brand_list,land_price,land_unit_price,land_buy_date,edu_support,traffic_support,medical_support,business_support,view_support,longitude,latitude,sort,deleted,create_time,update_time FROM loupan WHERE id=? AND deleted=0
2026-09-05T18:29:20.655+08:00 DEBUG 90233 --- [fang123-backend] [nio-8090-exec-7] c.f.mapper.LoupanMapper.selectById       : ==> Parameters: 1(Long)
2026-09-05T18:29:20.655+08:00 DEBUG 90233 --- [fang123-backend] [nio-8090-exec-5] c.f.m.LoupanHuxingMapper.selectList      : ==>  Preparing: SELECT id,loupan_id,huxing_name,area,inside_area,inside_area_with_gift,room_num,hall_num,toilet_num,balcony_num,orientation,floor_type,unit_price,total_price_start,total_price_end,is_show_house,tag,sort,huxing_image,standard_huxing_image,deleted,create_time,update_time FROM loupan_huxing WHERE deleted=0 AND (loupan_id = ?) ORDER BY sort ASC
2026-09-05T18:29:20.655+08:00 DEBUG 90233 --- [fang123-backend] [nio-8090-exec-5] c.f.m.LoupanHuxingMapper.selectList      : ==> Parameters: 1(Long)
2026-09-05T18:29:20.656+08:00 DEBUG 90233 --- [fang123-backend] [nio-8090-exec-5] c.f.m.LoupanHuxingMapper.selectList      : <==      Total: 5
2026-09-05T18:29:20.656+08:00 DEBUG 90233 --- [fang123-backend] [nio-8090-exec-7] c.f.mapper.LoupanMapper.selectById       : <==      Total: 1
2026-09-05T18:29:26.854+08:00 DEBUG 90233 --- [fang123-backend] [nio-8090-exec-6] o.s.security.web.FilterChainProxy        : Securing GET /api/admin/medias?page=1&size=10
2026-09-05T18:29:26.856+08:00 DEBUG 90233 --- [fang123-backend] [nio-8090-exec-6] o.s.security.web.FilterChainProxy        : Secured GET /api/admin/medias?page=1&size=10
2026-09-05T18:29:26.861+08:00 DEBUG 90233 --- [fang123-backend] [nio-8090-exec-6] c.f.m.L.selectList_mpCount               : ==>  Preparing: SELECT COUNT(*) AS total FROM loupan_media WHERE deleted = 0
2026-09-05T18:29:26.861+08:00 DEBUG 90233 --- [fang123-backend] [nio-8090-exec-6] c.f.m.L.selectList_mpCount               : ==> Parameters: 
2026-09-05T18:29:26.862+08:00 DEBUG 90233 --- [fang123-backend] [nio-8090-exec-6] c.f.m.L.selectList_mpCount               : <==      Total: 1
2026-09-05T18:29:26.862+08:00 DEBUG 90233 --- [fang123-backend] [nio-8090-exec-6] c.f.mapper.LoupanMediaMapper.selectList  : ==>  Preparing: SELECT id,loupan_id,huxing_id,media_type,media_url,media_title,sort,deleted,create_time FROM loupan_media WHERE deleted=0 ORDER BY id DESC LIMIT ?
2026-09-05T18:29:26.863+08:00 DEBUG 90233 --- [fang123-backend] [nio-8090-exec-6] c.f.mapper.LoupanMediaMapper.selectList  : ==> Parameters: 10(Long)
2026-09-05T18:29:26.864+08:00 DEBUG 90233 --- [fang123-backend] [nio-8090-exec-6] c.f.mapper.LoupanMediaMapper.selectList  : <==      Total: 10
2026-09-05T18:29:31.614+08:00 DEBUG 90233 --- [fang123-backend] [nio-8090-exec-8] o.s.security.web.FilterChainProxy        : Securing GET /api/admin/loupans?page=1&size=10
2026-09-05T18:29:31.618+08:00 DEBUG 90233 --- [fang123-backend] [nio-8090-exec-8] o.s.security.web.FilterChainProxy        : Secured GET /api/admin/loupans?page=1&size=10
2026-09-05T18:29:31.630+08:00 DEBUG 90233 --- [fang123-backend] [nio-8090-exec-8] c.f.m.LoupanMapper.selectList_mpCount    : ==>  Preparing: SELECT COUNT(*) AS total FROM loupan WHERE deleted = 0
2026-09-05T18:29:31.630+08:00 DEBUG 90233 --- [fang123-backend] [nio-8090-exec-8] c.f.m.LoupanMapper.selectList_mpCount    : ==> Parameters: 
2026-09-05T18:29:31.632+08:00 DEBUG 90233 --- [fang123-backend] [nio-8090-exec-8] c.f.m.LoupanMapper.selectList_mpCount    : <==      Total: 1
2026-09-05T18:29:31.633+08:00 DEBUG 90233 --- [fang123-backend] [nio-8090-exec-8] c.f.mapper.LoupanMapper.selectList       : ==>  Preparing: SELECT id,land_id,land_no,cover_image,project_name,short_name,district,plate,avg_unit_price,avg_unit_price_yangfang,avg_unit_price_dieshu,avg_unit_price_paiwu,min_total_price,max_total_price,price_tag,sales_address,sales_status,sales_tel,project_address,show_house_desc,delivery_date,floor_height_min,floor_height_max,building_total,floor_min,floor_max,area_min,area_max,decorate_type,property_right_year,house_type,community_facility,people_car_separate,property_fee_high,property_fee_villa,property_company,park_total,park_sell_num,park_ratio,facade_material,self_hold_rate,build_area,land_area,house_total,plot_ratio,green_rate,project_company,brand_list,land_price,land_unit_price,land_buy_date,edu_support,traffic_support,medical_support,business_support,view_support,longitude,latitude,sort,deleted,create_time,update_time FROM loupan WHERE deleted=0 ORDER BY id DESC LIMIT ?
2026-09-05T18:29:31.633+08:00 DEBUG 90233 --- [fang123-backend] [nio-8090-exec-8] c.f.mapper.LoupanMapper.selectList       : ==> Parameters: 10(Long)
2026-09-05T18:29:31.634+08:00 DEBUG 90233 --- [fang123-backend] [nio-8090-exec-8] c.f.mapper.LoupanMapper.selectList       : <==      Total: 3
2026-09-05T18:29:33.701+08:00 DEBUG 90233 --- [fang123-backend] [nio-8090-exec-3] o.s.security.web.FilterChainProxy        : Securing GET /api/admin/huxings?page=1&size=10
2026-09-05T18:29:33.703+08:00 DEBUG 90233 --- [fang123-backend] [nio-8090-exec-3] o.s.security.web.FilterChainProxy        : Secured GET /api/admin/huxings?page=1&size=10
2026-09-05T18:29:33.707+08:00 DEBUG 90233 --- [fang123-backend] [nio-8090-exec-3] c.f.m.L.selectList_mpCount               : ==>  Preparing: SELECT COUNT(*) AS total FROM loupan_huxing WHERE deleted = 0
2026-09-05T18:29:33.708+08:00 DEBUG 90233 --- [fang123-backend] [nio-8090-exec-3] c.f.m.L.selectList_mpCount               : ==> Parameters: 
2026-09-05T18:29:33.709+08:00 DEBUG 90233 --- [fang123-backend] [nio-8090-exec-3] c.f.m.L.selectList_mpCount               : <==      Total: 1
2026-09-05T18:29:33.709+08:00 DEBUG 90233 --- [fang123-backend] [nio-8090-exec-3] c.f.m.LoupanHuxingMapper.selectList      : ==>  Preparing: SELECT id,loupan_id,huxing_name,area,inside_area,inside_area_with_gift,room_num,hall_num,toilet_num,balcony_num,orientation,floor_type,unit_price,total_price_start,total_price_end,is_show_house,tag,sort,huxing_image,standard_huxing_image,deleted,create_time,update_time FROM loupan_huxing WHERE deleted=0 ORDER BY id DESC LIMIT ?
2026-09-05T18:29:33.709+08:00 DEBUG 90233 --- [fang123-backend] [nio-8090-exec-3] c.f.m.LoupanHuxingMapper.selectList      : ==> Parameters: 10(Long)
2026-09-05T18:29:33.710+08:00 DEBUG 90233 --- [fang123-backend] [nio-8090-exec-3] c.f.m.LoupanHuxingMapper.selectList      : <==      Total: 9
2026-09-05T18:29:35.787+08:00 DEBUG 90233 --- [fang123-backend] [nio-8090-exec-9] o.s.security.web.FilterChainProxy        : Securing GET /api/admin/huxings?page=1&size=10&loupanId=1
2026-09-05T18:29:35.789+08:00 DEBUG 90233 --- [fang123-backend] [nio-8090-exec-9] o.s.security.web.FilterChainProxy        : Secured GET /api/admin/huxings?page=1&size=10&loupanId=1
2026-09-05T18:29:35.793+08:00 DEBUG 90233 --- [fang123-backend] [nio-8090-exec-9] c.f.m.L.selectList_mpCount               : ==>  Preparing: SELECT COUNT(*) AS total FROM loupan_huxing WHERE deleted = 0 AND (loupan_id = ?)
2026-09-05T18:29:35.794+08:00 DEBUG 90233 --- [fang123-backend] [nio-8090-exec-9] c.f.m.L.selectList_mpCount               : ==> Parameters: 1(Long)
2026-09-05T18:29:35.795+08:00 DEBUG 90233 --- [fang123-backend] [nio-8090-exec-9] c.f.m.L.selectList_mpCount               : <==      Total: 1
2026-09-05T18:29:35.796+08:00 DEBUG 90233 --- [fang123-backend] [nio-8090-exec-9] c.f.m.LoupanHuxingMapper.selectList      : ==>  Preparing: SELECT id,loupan_id,huxing_name,area,inside_area,inside_area_with_gift,room_num,hall_num,toilet_num,balcony_num,orientation,floor_type,unit_price,total_price_start,total_price_end,is_show_house,tag,sort,huxing_image,standard_huxing_image,deleted,create_time,update_time FROM loupan_huxing WHERE deleted=0 AND (loupan_id = ?) ORDER BY id DESC LIMIT ?
2026-09-05T18:29:35.796+08:00 DEBUG 90233 --- [fang123-backend] [nio-8090-exec-9] c.f.m.LoupanHuxingMapper.selectList      : ==> Parameters: 1(Long), 10(Long)
2026-09-05T18:29:35.798+08:00 DEBUG 90233 --- [fang123-backend] [nio-8090-exec-9] c.f.m.LoupanHuxingMapper.selectList      : <==      Total: 5
2026-09-05T18:29:40.296+08:00 DEBUG 90233 --- [fang123-backend] [nio-8090-exec-1] o.s.security.web.FilterChainProxy        : Securing GET /api/admin/medias?page=1&size=10
2026-09-05T18:29:40.299+08:00 DEBUG 90233 --- [fang123-backend] [nio-8090-exec-1] o.s.security.web.FilterChainProxy        : Secured GET /api/admin/medias?page=1&size=10
2026-09-05T18:29:40.302+08:00 DEBUG 90233 --- [fang123-backend] [nio-8090-exec-1] c.f.m.L.selectList_mpCount               : ==>  Preparing: SELECT COUNT(*) AS total FROM loupan_media WHERE deleted = 0
2026-09-05T18:29:40.302+08:00 DEBUG 90233 --- [fang123-backend] [nio-8090-exec-1] c.f.m.L.selectList_mpCount               : ==> Parameters: 
2026-09-05T18:29:40.303+08:00 DEBUG 90233 --- [fang123-backend] [nio-8090-exec-1] c.f.m.L.selectList_mpCount               : <==      Total: 1
2026-09-05T18:29:40.304+08:00 DEBUG 90233 --- [fang123-backend] [nio-8090-exec-1] c.f.mapper.LoupanMediaMapper.selectList  : ==>  Preparing: SELECT id,loupan_id,huxing_id,media_type,media_url,media_title,sort,deleted,create_time FROM loupan_media WHERE deleted=0 ORDER BY id DESC LIMIT ?
2026-09-05T18:29:40.304+08:00 DEBUG 90233 --- [fang123-backend] [nio-8090-exec-1] c.f.mapper.LoupanMediaMapper.selectList  : ==> Parameters: 10(Long)
2026-09-05T18:29:40.305+08:00 DEBUG 90233 --- [fang123-backend] [nio-8090-exec-1] c.f.mapper.LoupanMediaMapper.selectList  : <==      Total: 10
2026-09-05T18:29:47.147+08:00 DEBUG 90233 --- [fang123-backend] [nio-8090-exec-4] o.s.security.web.FilterChainProxy        : Securing PUT /api/admin/medias/22
2026-09-05T18:29:47.153+08:00 DEBUG 90233 --- [fang123-backend] [nio-8090-exec-4] o.s.security.web.FilterChainProxy        : Secured PUT /api/admin/medias/22
2026-09-05T18:29:47.162+08:00 DEBUG 90233 --- [fang123-backend] [nio-8090-exec-4] c.f.mapper.LoupanMediaMapper.selectById  : ==>  Preparing: SELECT id,loupan_id,huxing_id,media_type,media_url,media_title,sort,deleted,create_time FROM loupan_media WHERE id=? AND deleted=0
2026-09-05T18:29:47.163+08:00 DEBUG 90233 --- [fang123-backend] [nio-8090-exec-4] c.f.mapper.LoupanMediaMapper.selectById  : ==> Parameters: 22(Long)
2026-09-05T18:29:47.166+08:00 DEBUG 90233 --- [fang123-backend] [nio-8090-exec-4] c.f.mapper.LoupanMediaMapper.selectById  : <==      Total: 1
2026-09-05T18:29:47.168+08:00 DEBUG 90233 --- [fang123-backend] [nio-8090-exec-4] c.f.mapper.LoupanMediaMapper.updateById  : ==>  Preparing: UPDATE loupan_media SET loupan_id=?, huxing_id=?, media_type=?, media_url=?, media_title=?, sort=?, create_time=? WHERE id=? AND deleted=0
2026-09-05T18:29:47.168+08:00 DEBUG 90233 --- [fang123-backend] [nio-8090-exec-4] c.f.mapper.LoupanMediaMapper.updateById  : ==> Parameters: 1(Long), 5(Long), 5(Integer), https://neoimage-1251198067.cos.ap-shanghai.myqcloud.com/media/loupan/70f83823220743f5a072b18762a40a96.mp4(String), (String), 0(Integer), 2026-09-05T18:14:59(LocalDateTime), 22(Long)
2026-09-05T18:29:47.172+08:00 DEBUG 90233 --- [fang123-backend] [nio-8090-exec-4] c.f.mapper.LoupanMediaMapper.updateById  : <==    Updates: 1
2026-09-05T18:29:47.172+08:00 DEBUG 90233 --- [fang123-backend] [nio-8090-exec-4] c.f.mapper.LoupanMediaMapper.selectById  : ==>  Preparing: SELECT id,loupan_id,huxing_id,media_type,media_url,media_title,sort,deleted,create_time FROM loupan_media WHERE id=? AND deleted=0
2026-09-05T18:29:47.172+08:00 DEBUG 90233 --- [fang123-backend] [nio-8090-exec-4] c.f.mapper.LoupanMediaMapper.selectById  : ==> Parameters: 22(Long)
2026-09-05T18:29:47.173+08:00 DEBUG 90233 --- [fang123-backend] [nio-8090-exec-4] c.f.mapper.LoupanMediaMapper.selectById  : <==      Total: 1
2026-09-05T18:29:47.193+08:00 DEBUG 90233 --- [fang123-backend] [io-8090-exec-10] o.s.security.web.FilterChainProxy        : Securing GET /api/admin/medias?page=1&size=10
2026-09-05T18:29:47.194+08:00 DEBUG 90233 --- [fang123-backend] [io-8090-exec-10] o.s.security.web.FilterChainProxy        : Secured GET /api/admin/medias?page=1&size=10
2026-09-05T18:29:47.206+08:00 DEBUG 90233 --- [fang123-backend] [io-8090-exec-10] c.f.m.L.selectList_mpCount               : ==>  Preparing: SELECT COUNT(*) AS total FROM loupan_media WHERE deleted = 0
2026-09-05T18:29:47.206+08:00 DEBUG 90233 --- [fang123-backend] [io-8090-exec-10] c.f.m.L.selectList_mpCount               : ==> Parameters: 
2026-09-05T18:29:47.211+08:00 DEBUG 90233 --- [fang123-backend] [io-8090-exec-10] c.f.m.L.selectList_mpCount               : <==      Total: 1
2026-09-05T18:29:47.215+08:00 DEBUG 90233 --- [fang123-backend] [io-8090-exec-10] c.f.mapper.LoupanMediaMapper.selectList  : ==>  Preparing: SELECT id,loupan_id,huxing_id,media_type,media_url,media_title,sort,deleted,create_time FROM loupan_media WHERE deleted=0 ORDER BY id DESC LIMIT ?
2026-09-05T18:29:47.215+08:00 DEBUG 90233 --- [fang123-backend] [io-8090-exec-10] c.f.mapper.LoupanMediaMapper.selectList  : ==> Parameters: 10(Long)
2026-09-05T18:29:47.221+08:00 DEBUG 90233 --- [fang123-backend] [io-8090-exec-10] c.f.mapper.LoupanMediaMapper.selectList  : <==      Total: 10
2026-09-05T18:29:50.486+08:00 DEBUG 90233 --- [fang123-backend] [nio-8090-exec-7] o.s.security.web.FilterChainProxy        : Securing GET /api/public/loupans/KjtcfZ4fS2w/huxings
2026-09-05T18:29:50.486+08:00 DEBUG 90233 --- [fang123-backend] [nio-8090-exec-2] o.s.security.web.FilterChainProxy        : Securing GET /api/public/loupans/KjtcfZ4fS2w
2026-09-05T18:29:50.488+08:00 DEBUG 90233 --- [fang123-backend] [nio-8090-exec-7] o.s.s.w.a.AnonymousAuthenticationFilter  : Set SecurityContextHolder to anonymous SecurityContext
2026-09-05T18:29:50.488+08:00 DEBUG 90233 --- [fang123-backend] [nio-8090-exec-2] o.s.s.w.a.AnonymousAuthenticationFilter  : Set SecurityContextHolder to anonymous SecurityContext
2026-09-05T18:29:50.489+08:00 DEBUG 90233 --- [fang123-backend] [nio-8090-exec-2] o.s.security.web.FilterChainProxy        : Secured GET /api/public/loupans/KjtcfZ4fS2w
2026-09-05T18:29:50.489+08:00 DEBUG 90233 --- [fang123-backend] [nio-8090-exec-7] o.s.security.web.FilterChainProxy        : Secured GET /api/public/loupans/KjtcfZ4fS2w/huxings
2026-09-05T18:29:50.492+08:00 DEBUG 90233 --- [fang123-backend] [nio-8090-exec-2] c.f.mapper.LoupanMapper.selectById       : ==>  Preparing: SELECT id,land_id,land_no,cover_image,project_name,short_name,district,plate,avg_unit_price,avg_unit_price_yangfang,avg_unit_price_dieshu,avg_unit_price_paiwu,min_total_price,max_total_price,price_tag,sales_address,sales_status,sales_tel,project_address,show_house_desc,delivery_date,floor_height_min,floor_height_max,building_total,floor_min,floor_max,area_min,area_max,decorate_type,property_right_year,house_type,community_facility,people_car_separate,property_fee_high,property_fee_villa,property_company,park_total,park_sell_num,park_ratio,facade_material,self_hold_rate,build_area,land_area,house_total,plot_ratio,green_rate,project_company,brand_list,land_price,land_unit_price,land_buy_date,edu_support,traffic_support,medical_support,business_support,view_support,longitude,latitude,sort,deleted,create_time,update_time FROM loupan WHERE id=? AND deleted=0
2026-09-05T18:29:50.492+08:00 DEBUG 90233 --- [fang123-backend] [nio-8090-exec-7] c.f.m.LoupanHuxingMapper.selectList      : ==>  Preparing: SELECT id,loupan_id,huxing_name,area,inside_area,inside_area_with_gift,room_num,hall_num,toilet_num,balcony_num,orientation,floor_type,unit_price,total_price_start,total_price_end,is_show_house,tag,sort,huxing_image,standard_huxing_image,deleted,create_time,update_time FROM loupan_huxing WHERE deleted=0 AND (loupan_id = ?) ORDER BY sort ASC
2026-09-05T18:29:50.492+08:00 DEBUG 90233 --- [fang123-backend] [nio-8090-exec-2] c.f.mapper.LoupanMapper.selectById       : ==> Parameters: 1(Long)
2026-09-05T18:29:50.493+08:00 DEBUG 90233 --- [fang123-backend] [nio-8090-exec-7] c.f.m.LoupanHuxingMapper.selectList      : ==> Parameters: 1(Long)
2026-09-05T18:29:50.494+08:00 DEBUG 90233 --- [fang123-backend] [nio-8090-exec-2] c.f.mapper.LoupanMapper.selectById       : <==      Total: 1
2026-09-05T18:29:50.495+08:00 DEBUG 90233 --- [fang123-backend] [nio-8090-exec-7] c.f.m.LoupanHuxingMapper.selectList      : <==      Total: 5
2026-09-05T18:29:51.489+08:00 DEBUG 90233 --- [fang123-backend] [nio-8090-exec-6] o.s.security.web.FilterChainProxy        : Securing GET /api/public/loupans/KjtcfZ4fS2w
2026-09-05T18:29:51.489+08:00 DEBUG 90233 --- [fang123-backend] [nio-8090-exec-5] o.s.security.web.FilterChainProxy        : Securing GET /api/public/loupans/KjtcfZ4fS2w/huxings
2026-09-05T18:29:51.490+08:00 DEBUG 90233 --- [fang123-backend] [nio-8090-exec-5] o.s.s.w.a.AnonymousAuthenticationFilter  : Set SecurityContextHolder to anonymous SecurityContext
2026-09-05T18:29:51.490+08:00 DEBUG 90233 --- [fang123-backend] [nio-8090-exec-6] o.s.s.w.a.AnonymousAuthenticationFilter  : Set SecurityContextHolder to anonymous SecurityContext
2026-09-05T18:29:51.490+08:00 DEBUG 90233 --- [fang123-backend] [nio-8090-exec-5] o.s.security.web.FilterChainProxy        : Secured GET /api/public/loupans/KjtcfZ4fS2w/huxings
2026-09-05T18:29:51.490+08:00 DEBUG 90233 --- [fang123-backend] [nio-8090-exec-6] o.s.security.web.FilterChainProxy        : Secured GET /api/public/loupans/KjtcfZ4fS2w
2026-09-05T18:29:51.492+08:00 DEBUG 90233 --- [fang123-backend] [nio-8090-exec-6] c.f.mapper.LoupanMapper.selectById       : ==>  Preparing: SELECT id,land_id,land_no,cover_image,project_name,short_name,district,plate,avg_unit_price,avg_unit_price_yangfang,avg_unit_price_dieshu,avg_unit_price_paiwu,min_total_price,max_total_price,price_tag,sales_address,sales_status,sales_tel,project_address,show_house_desc,delivery_date,floor_height_min,floor_height_max,building_total,floor_min,floor_max,area_min,area_max,decorate_type,property_right_year,house_type,community_facility,people_car_separate,property_fee_high,property_fee_villa,property_company,park_total,park_sell_num,park_ratio,facade_material,self_hold_rate,build_area,land_area,house_total,plot_ratio,green_rate,project_company,brand_list,land_price,land_unit_price,land_buy_date,edu_support,traffic_support,medical_support,business_support,view_support,longitude,latitude,sort,deleted,create_time,update_time FROM loupan WHERE id=? AND deleted=0
2026-09-05T18:29:51.493+08:00 DEBUG 90233 --- [fang123-backend] [nio-8090-exec-6] c.f.mapper.LoupanMapper.selectById       : ==> Parameters: 1(Long)
2026-09-05T18:29:51.493+08:00 DEBUG 90233 --- [fang123-backend] [nio-8090-exec-5] c.f.m.LoupanHuxingMapper.selectList      : ==>  Preparing: SELECT id,loupan_id,huxing_name,area,inside_area,inside_area_with_gift,room_num,hall_num,toilet_num,balcony_num,orientation,floor_type,unit_price,total_price_start,total_price_end,is_show_house,tag,sort,huxing_image,standard_huxing_image,deleted,create_time,update_time FROM loupan_huxing WHERE deleted=0 AND (loupan_id = ?) ORDER BY sort ASC
2026-09-05T18:29:51.493+08:00 DEBUG 90233 --- [fang123-backend] [nio-8090-exec-5] c.f.m.LoupanHuxingMapper.selectList      : ==> Parameters: 1(Long)
2026-09-05T18:29:51.495+08:00 DEBUG 90233 --- [fang123-backend] [nio-8090-exec-6] c.f.mapper.LoupanMapper.selectById       : <==      Total: 1
2026-09-05T18:29:51.496+08:00 DEBUG 90233 --- [fang123-backend] [nio-8090-exec-5] c.f.m.LoupanHuxingMapper.selectList      : <==      Total: 5
2026-09-05T18:29:51.875+08:00 DEBUG 90233 --- [fang123-backend] [nio-8090-exec-8] o.s.security.web.FilterChainProxy        : Securing GET /api/public/loupans/KjtcfZ4fS2w/huxings
2026-09-05T18:29:51.875+08:00 DEBUG 90233 --- [fang123-backend] [nio-8090-exec-3] o.s.security.web.FilterChainProxy        : Securing GET /api/public/loupans/KjtcfZ4fS2w
2026-09-05T18:29:51.877+08:00 DEBUG 90233 --- [fang123-backend] [nio-8090-exec-3] o.s.s.w.a.AnonymousAuthenticationFilter  : Set SecurityContextHolder to anonymous SecurityContext
2026-09-05T18:29:51.877+08:00 DEBUG 90233 --- [fang123-backend] [nio-8090-exec-3] o.s.security.web.FilterChainProxy        : Secured GET /api/public/loupans/KjtcfZ4fS2w
2026-09-05T18:29:51.878+08:00 DEBUG 90233 --- [fang123-backend] [nio-8090-exec-8] o.s.s.w.a.AnonymousAuthenticationFilter  : Set SecurityContextHolder to anonymous SecurityContext
2026-09-05T18:29:51.878+08:00 DEBUG 90233 --- [fang123-backend] [nio-8090-exec-8] o.s.security.web.FilterChainProxy        : Secured GET /api/public/loupans/KjtcfZ4fS2w/huxings
2026-09-05T18:29:51.880+08:00 DEBUG 90233 --- [fang123-backend] [nio-8090-exec-8] c.f.m.LoupanHuxingMapper.selectList      : ==>  Preparing: SELECT id,loupan_id,huxing_name,area,inside_area,inside_area_with_gift,room_num,hall_num,toilet_num,balcony_num,orientation,floor_type,unit_price,total_price_start,total_price_end,is_show_house,tag,sort,huxing_image,standard_huxing_image,deleted,create_time,update_time FROM loupan_huxing WHERE deleted=0 AND (loupan_id = ?) ORDER BY sort ASC
2026-09-05T18:29:51.880+08:00 DEBUG 90233 --- [fang123-backend] [nio-8090-exec-3] c.f.mapper.LoupanMapper.selectById       : ==>  Preparing: SELECT id,land_id,land_no,cover_image,project_name,short_name,district,plate,avg_unit_price,avg_unit_price_yangfang,avg_unit_price_dieshu,avg_unit_price_paiwu,min_total_price,max_total_price,price_tag,sales_address,sales_status,sales_tel,project_address,show_house_desc,delivery_date,floor_height_min,floor_height_max,building_total,floor_min,floor_max,area_min,area_max,decorate_type,property_right_year,house_type,community_facility,people_car_separate,property_fee_high,property_fee_villa,property_company,park_total,park_sell_num,park_ratio,facade_material,self_hold_rate,build_area,land_area,house_total,plot_ratio,green_rate,project_company,brand_list,land_price,land_unit_price,land_buy_date,edu_support,traffic_support,medical_support,business_support,view_support,longitude,latitude,sort,deleted,create_time,update_time FROM loupan WHERE id=? AND deleted=0
2026-09-05T18:29:51.881+08:00 DEBUG 90233 --- [fang123-backend] [nio-8090-exec-8] c.f.m.LoupanHuxingMapper.selectList      : ==> Parameters: 1(Long)
2026-09-05T18:29:51.881+08:00 DEBUG 90233 --- [fang123-backend] [nio-8090-exec-3] c.f.mapper.LoupanMapper.selectById       : ==> Parameters: 1(Long)
2026-09-05T18:29:51.884+08:00 DEBUG 90233 --- [fang123-backend] [nio-8090-exec-3] c.f.mapper.LoupanMapper.selectById       : <==      Total: 1
2026-09-05T18:29:51.887+08:00 DEBUG 90233 --- [fang123-backend] [nio-8090-exec-8] c.f.m.LoupanHuxingMapper.selectList      : <==      Total: 5
2026-09-05T18:29:52.111+08:00 DEBUG 90233 --- [fang123-backend] [nio-8090-exec-1] o.s.security.web.FilterChainProxy        : Securing GET /api/public/loupans/KjtcfZ4fS2w/huxings
2026-09-05T18:29:52.111+08:00 DEBUG 90233 --- [fang123-backend] [nio-8090-exec-9] o.s.security.web.FilterChainProxy        : Securing GET /api/public/loupans/KjtcfZ4fS2w
2026-09-05T18:29:52.112+08:00 DEBUG 90233 --- [fang123-backend] [nio-8090-exec-1] o.s.s.w.a.AnonymousAuthenticationFilter  : Set SecurityContextHolder to anonymous SecurityContext
2026-09-05T18:29:52.112+08:00 DEBUG 90233 --- [fang123-backend] [nio-8090-exec-9] o.s.s.w.a.AnonymousAuthenticationFilter  : Set SecurityContextHolder to anonymous SecurityContext
2026-09-05T18:29:52.112+08:00 DEBUG 90233 --- [fang123-backend] [nio-8090-exec-1] o.s.security.web.FilterChainProxy        : Secured GET /api/public/loupans/KjtcfZ4fS2w/huxings
2026-09-05T18:29:52.112+08:00 DEBUG 90233 --- [fang123-backend] [nio-8090-exec-9] o.s.security.web.FilterChainProxy        : Secured GET /api/public/loupans/KjtcfZ4fS2w
2026-09-05T18:29:52.113+08:00 DEBUG 90233 --- [fang123-backend] [nio-8090-exec-9] c.f.mapper.LoupanMapper.selectById       : ==>  Preparing: SELECT id,land_id,land_no,cover_image,project_name,short_name,district,plate,avg_unit_price,avg_unit_price_yangfang,avg_unit_price_dieshu,avg_unit_price_paiwu,min_total_price,max_total_price,price_tag,sales_address,sales_status,sales_tel,project_address,show_house_desc,delivery_date,floor_height_min,floor_height_max,building_total,floor_min,floor_max,area_min,area_max,decorate_type,property_right_year,house_type,community_facility,people_car_separate,property_fee_high,property_fee_villa,property_company,park_total,park_sell_num,park_ratio,facade_material,self_hold_rate,build_area,land_area,house_total,plot_ratio,green_rate,project_company,brand_list,land_price,land_unit_price,land_buy_date,edu_support,traffic_support,medical_support,business_support,view_support,longitude,latitude,sort,deleted,create_time,update_time FROM loupan WHERE id=? AND deleted=0
2026-09-05T18:29:52.113+08:00 DEBUG 90233 --- [fang123-backend] [nio-8090-exec-1] c.f.m.LoupanHuxingMapper.selectList      : ==>  Preparing: SELECT id,loupan_id,huxing_name,area,inside_area,inside_area_with_gift,room_num,hall_num,toilet_num,balcony_num,orientation,floor_type,unit_price,total_price_start,total_price_end,is_show_house,tag,sort,huxing_image,standard_huxing_image,deleted,create_time,update_time FROM loupan_huxing WHERE deleted=0 AND (loupan_id = ?) ORDER BY sort ASC
2026-09-05T18:29:52.114+08:00 DEBUG 90233 --- [fang123-backend] [nio-8090-exec-9] c.f.mapper.LoupanMapper.selectById       : ==> Parameters: 1(Long)
2026-09-05T18:29:52.114+08:00 DEBUG 90233 --- [fang123-backend] [nio-8090-exec-1] c.f.m.LoupanHuxingMapper.selectList      : ==> Parameters: 1(Long)
2026-09-05T18:29:52.115+08:00 DEBUG 90233 --- [fang123-backend] [nio-8090-exec-9] c.f.mapper.LoupanMapper.selectById       : <==      Total: 1
2026-09-05T18:29:52.115+08:00 DEBUG 90233 --- [fang123-backend] [nio-8090-exec-1] c.f.m.LoupanHuxingMapper.selectList      : <==      Total: 5
2026-09-05T18:29:53.952+08:00 DEBUG 90233 --- [fang123-backend] [io-8090-exec-10] o.s.security.web.FilterChainProxy        : Securing GET /api/public/loupans/KjtcfZ4fS2w/huxings
2026-09-05T18:29:53.952+08:00 DEBUG 90233 --- [fang123-backend] [nio-8090-exec-4] o.s.security.web.FilterChainProxy        : Securing GET /api/public/loupans/KjtcfZ4fS2w
2026-09-05T18:29:53.953+08:00 DEBUG 90233 --- [fang123-backend] [nio-8090-exec-4] o.s.s.w.a.AnonymousAuthenticationFilter  : Set SecurityContextHolder to anonymous SecurityContext
2026-09-05T18:29:53.954+08:00 DEBUG 90233 --- [fang123-backend] [nio-8090-exec-4] o.s.security.web.FilterChainProxy        : Secured GET /api/public/loupans/KjtcfZ4fS2w
2026-09-05T18:29:53.953+08:00 DEBUG 90233 --- [fang123-backend] [io-8090-exec-10] o.s.s.w.a.AnonymousAuthenticationFilter  : Set SecurityContextHolder to anonymous SecurityContext
2026-09-05T18:29:53.954+08:00 DEBUG 90233 --- [fang123-backend] [io-8090-exec-10] o.s.security.web.FilterChainProxy        : Secured GET /api/public/loupans/KjtcfZ4fS2w/huxings
2026-09-05T18:29:53.955+08:00 DEBUG 90233 --- [fang123-backend] [nio-8090-exec-4] c.f.mapper.LoupanMapper.selectById       : ==>  Preparing: SELECT id,land_id,land_no,cover_image,project_name,short_name,district,plate,avg_unit_price,avg_unit_price_yangfang,avg_unit_price_dieshu,avg_unit_price_paiwu,min_total_price,max_total_price,price_tag,sales_address,sales_status,sales_tel,project_address,show_house_desc,delivery_date,floor_height_min,floor_height_max,building_total,floor_min,floor_max,area_min,area_max,decorate_type,property_right_year,house_type,community_facility,people_car_separate,property_fee_high,property_fee_villa,property_company,park_total,park_sell_num,park_ratio,facade_material,self_hold_rate,build_area,land_area,house_total,plot_ratio,green_rate,project_company,brand_list,land_price,land_unit_price,land_buy_date,edu_support,traffic_support,medical_support,business_support,view_support,longitude,latitude,sort,deleted,create_time,update_time FROM loupan WHERE id=? AND deleted=0
2026-09-05T18:29:53.955+08:00 DEBUG 90233 --- [fang123-backend] [nio-8090-exec-4] c.f.mapper.LoupanMapper.selectById       : ==> Parameters: 1(Long)
2026-09-05T18:29:53.956+08:00 DEBUG 90233 --- [fang123-backend] [io-8090-exec-10] c.f.m.LoupanHuxingMapper.selectList      : ==>  Preparing: SELECT id,loupan_id,huxing_name,area,inside_area,inside_area_with_gift,room_num,hall_num,toilet_num,balcony_num,orientation,floor_type,unit_price,total_price_start,total_price_end,is_show_house,tag,sort,huxing_image,standard_huxing_image,deleted,create_time,update_time FROM loupan_huxing WHERE deleted=0 AND (loupan_id = ?) ORDER BY sort ASC
2026-09-05T18:29:53.956+08:00 DEBUG 90233 --- [fang123-backend] [io-8090-exec-10] c.f.m.LoupanHuxingMapper.selectList      : ==> Parameters: 1(Long)
2026-09-05T18:29:53.957+08:00 DEBUG 90233 --- [fang123-backend] [nio-8090-exec-4] c.f.mapper.LoupanMapper.selectById       : <==      Total: 1
2026-09-05T18:29:53.958+08:00 DEBUG 90233 --- [fang123-backend] [io-8090-exec-10] c.f.m.LoupanHuxingMapper.selectList      : <==      Total: 5
2026-09-05T18:29:54.156+08:00 DEBUG 90233 --- [fang123-backend] [nio-8090-exec-2] o.s.security.web.FilterChainProxy        : Securing GET /api/public/loupans/KjtcfZ4fS2w/huxings
2026-09-05T18:29:54.156+08:00 DEBUG 90233 --- [fang123-backend] [nio-8090-exec-7] o.s.security.web.FilterChainProxy        : Securing GET /api/public/loupans/KjtcfZ4fS2w
2026-09-05T18:29:54.158+08:00 DEBUG 90233 --- [fang123-backend] [nio-8090-exec-2] o.s.s.w.a.AnonymousAuthenticationFilter  : Set SecurityContextHolder to anonymous SecurityContext
2026-09-05T18:29:54.158+08:00 DEBUG 90233 --- [fang123-backend] [nio-8090-exec-7] o.s.s.w.a.AnonymousAuthenticationFilter  : Set SecurityContextHolder to anonymous SecurityContext
2026-09-05T18:29:54.158+08:00 DEBUG 90233 --- [fang123-backend] [nio-8090-exec-7] o.s.security.web.FilterChainProxy        : Secured GET /api/public/loupans/KjtcfZ4fS2w
2026-09-05T18:29:54.158+08:00 DEBUG 90233 --- [fang123-backend] [nio-8090-exec-2] o.s.security.web.FilterChainProxy        : Secured GET /api/public/loupans/KjtcfZ4fS2w/huxings
2026-09-05T18:29:54.159+08:00 DEBUG 90233 --- [fang123-backend] [nio-8090-exec-7] c.f.mapper.LoupanMapper.selectById       : ==>  Preparing: SELECT id,land_id,land_no,cover_image,project_name,short_name,district,plate,avg_unit_price,avg_unit_price_yangfang,avg_unit_price_dieshu,avg_unit_price_paiwu,min_total_price,max_total_price,price_tag,sales_address,sales_status,sales_tel,project_address,show_house_desc,delivery_date,floor_height_min,floor_height_max,building_total,floor_min,floor_max,area_min,area_max,decorate_type,property_right_year,house_type,community_facility,people_car_separate,property_fee_high,property_fee_villa,property_company,park_total,park_sell_num,park_ratio,facade_material,self_hold_rate,build_area,land_area,house_total,plot_ratio,green_rate,project_company,brand_list,land_price,land_unit_price,land_buy_date,edu_support,traffic_support,medical_support,business_support,view_support,longitude,latitude,sort,deleted,create_time,update_time FROM loupan WHERE id=? AND deleted=0
2026-09-05T18:29:54.159+08:00 DEBUG 90233 --- [fang123-backend] [nio-8090-exec-2] c.f.m.LoupanHuxingMapper.selectList      : ==>  Preparing: SELECT id,loupan_id,huxing_name,area,inside_area,inside_area_with_gift,room_num,hall_num,toilet_num,balcony_num,orientation,floor_type,unit_price,total_price_start,total_price_end,is_show_house,tag,sort,huxing_image,standard_huxing_image,deleted,create_time,update_time FROM loupan_huxing WHERE deleted=0 AND (loupan_id = ?) ORDER BY sort ASC
2026-09-05T18:29:54.159+08:00 DEBUG 90233 --- [fang123-backend] [nio-8090-exec-7] c.f.mapper.LoupanMapper.selectById       : ==> Parameters: 1(Long)
2026-09-05T18:29:54.159+08:00 DEBUG 90233 --- [fang123-backend] [nio-8090-exec-2] c.f.m.LoupanHuxingMapper.selectList      : ==> Parameters: 1(Long)
2026-09-05T18:29:54.161+08:00 DEBUG 90233 --- [fang123-backend] [nio-8090-exec-2] c.f.m.LoupanHuxingMapper.selectList      : <==      Total: 5
2026-09-05T18:29:54.161+08:00 DEBUG 90233 --- [fang123-backend] [nio-8090-exec-7] c.f.mapper.LoupanMapper.selectById       : <==      Total: 1
2026-09-05T18:29:54.482+08:00 DEBUG 90233 --- [fang123-backend] [nio-8090-exec-5] o.s.security.web.FilterChainProxy        : Securing GET /api/public/loupans/KjtcfZ4fS2w
2026-09-05T18:29:54.482+08:00 DEBUG 90233 --- [fang123-backend] [nio-8090-exec-6] o.s.security.web.FilterChainProxy        : Securing GET /api/public/loupans/KjtcfZ4fS2w/huxings
2026-09-05T18:29:54.484+08:00 DEBUG 90233 --- [fang123-backend] [nio-8090-exec-5] o.s.s.w.a.AnonymousAuthenticationFilter  : Set SecurityContextHolder to anonymous SecurityContext
2026-09-05T18:29:54.484+08:00 DEBUG 90233 --- [fang123-backend] [nio-8090-exec-5] o.s.security.web.FilterChainProxy        : Secured GET /api/public/loupans/KjtcfZ4fS2w
2026-09-05T18:29:54.484+08:00 DEBUG 90233 --- [fang123-backend] [nio-8090-exec-6] o.s.s.w.a.AnonymousAuthenticationFilter  : Set SecurityContextHolder to anonymous SecurityContext
2026-09-05T18:29:54.485+08:00 DEBUG 90233 --- [fang123-backend] [nio-8090-exec-6] o.s.security.web.FilterChainProxy        : Secured GET /api/public/loupans/KjtcfZ4fS2w/huxings
2026-09-05T18:29:54.486+08:00 DEBUG 90233 --- [fang123-backend] [nio-8090-exec-5] c.f.mapper.LoupanMapper.selectById       : ==>  Preparing: SELECT id,land_id,land_no,cover_image,project_name,short_name,district,plate,avg_unit_price,avg_unit_price_yangfang,avg_unit_price_dieshu,avg_unit_price_paiwu,min_total_price,max_total_price,price_tag,sales_address,sales_status,sales_tel,project_address,show_house_desc,delivery_date,floor_height_min,floor_height_max,building_total,floor_min,floor_max,area_min,area_max,decorate_type,property_right_year,house_type,community_facility,people_car_separate,property_fee_high,property_fee_villa,property_company,park_total,park_sell_num,park_ratio,facade_material,self_hold_rate,build_area,land_area,house_total,plot_ratio,green_rate,project_company,brand_list,land_price,land_unit_price,land_buy_date,edu_support,traffic_support,medical_support,business_support,view_support,longitude,latitude,sort,deleted,create_time,update_time FROM loupan WHERE id=? AND deleted=0
2026-09-05T18:29:54.486+08:00 DEBUG 90233 --- [fang123-backend] [nio-8090-exec-6] c.f.m.LoupanHuxingMapper.selectList      : ==>  Preparing: SELECT id,loupan_id,huxing_name,area,inside_area,inside_area_with_gift,room_num,hall_num,toilet_num,balcony_num,orientation,floor_type,unit_price,total_price_start,total_price_end,is_show_house,tag,sort,huxing_image,standard_huxing_image,deleted,create_time,update_time FROM loupan_huxing WHERE deleted=0 AND (loupan_id = ?) ORDER BY sort ASC
2026-09-05T18:29:54.486+08:00 DEBUG 90233 --- [fang123-backend] [nio-8090-exec-5] c.f.mapper.LoupanMapper.selectById       : ==> Parameters: 1(Long)
2026-09-05T18:29:54.487+08:00 DEBUG 90233 --- [fang123-backend] [nio-8090-exec-6] c.f.m.LoupanHuxingMapper.selectList      : ==> Parameters: 1(Long)
2026-09-05T18:29:54.489+08:00 DEBUG 90233 --- [fang123-backend] [nio-8090-exec-5] c.f.mapper.LoupanMapper.selectById       : <==      Total: 1
2026-09-05T18:29:54.489+08:00 DEBUG 90233 --- [fang123-backend] [nio-8090-exec-6] c.f.m.LoupanHuxingMapper.selectList      : <==      Total: 5
2026-09-05T18:29:58.599+08:00 DEBUG 90233 --- [fang123-backend] [nio-8090-exec-3] o.s.security.web.FilterChainProxy        : Securing GET /api/public/loupans/KjtcfZ4fS2w/huxings
2026-09-05T18:29:58.600+08:00 DEBUG 90233 --- [fang123-backend] [nio-8090-exec-3] o.s.s.w.a.AnonymousAuthenticationFilter  : Set SecurityContextHolder to anonymous SecurityContext
2026-09-05T18:29:58.600+08:00 DEBUG 90233 --- [fang123-backend] [nio-8090-exec-3] o.s.security.web.FilterChainProxy        : Secured GET /api/public/loupans/KjtcfZ4fS2w/huxings
2026-09-05T18:29:58.602+08:00 DEBUG 90233 --- [fang123-backend] [nio-8090-exec-3] c.f.m.LoupanHuxingMapper.selectList      : ==>  Preparing: SELECT id,loupan_id,huxing_name,area,inside_area,inside_area_with_gift,room_num,hall_num,toilet_num,balcony_num,orientation,floor_type,unit_price,total_price_start,total_price_end,is_show_house,tag,sort,huxing_image,standard_huxing_image,deleted,create_time,update_time FROM loupan_huxing WHERE deleted=0 AND (loupan_id = ?) ORDER BY sort ASC
2026-09-05T18:29:58.602+08:00 DEBUG 90233 --- [fang123-backend] [nio-8090-exec-3] c.f.m.LoupanHuxingMapper.selectList      : ==> Parameters: 1(Long)
2026-09-05T18:29:58.603+08:00 DEBUG 90233 --- [fang123-backend] [nio-8090-exec-3] c.f.m.LoupanHuxingMapper.selectList      : <==      Total: 5
2026-09-05T18:29:58.689+08:00 DEBUG 90233 --- [fang123-backend] [nio-8090-exec-9] o.s.security.web.FilterChainProxy        : Securing GET /api/public/loupans/KjtcfZ4fS2w/medias
2026-09-05T18:29:58.690+08:00 DEBUG 90233 --- [fang123-backend] [nio-8090-exec-9] o.s.s.w.a.AnonymousAuthenticationFilter  : Set SecurityContextHolder to anonymous SecurityContext
2026-09-05T18:29:58.690+08:00 DEBUG 90233 --- [fang123-backend] [nio-8090-exec-9] o.s.security.web.FilterChainProxy        : Secured GET /api/public/loupans/KjtcfZ4fS2w/medias
2026-09-05T18:29:58.691+08:00 DEBUG 90233 --- [fang123-backend] [nio-8090-exec-9] c.f.mapper.LoupanMediaMapper.selectList  : ==>  Preparing: SELECT id,loupan_id,huxing_id,media_type,media_url,media_title,sort,deleted,create_time FROM loupan_media WHERE deleted=0 AND (loupan_id = ?) ORDER BY sort ASC
2026-09-05T18:29:58.691+08:00 DEBUG 90233 --- [fang123-backend] [nio-8090-exec-9] c.f.mapper.LoupanMediaMapper.selectList  : ==> Parameters: 1(Long)
2026-09-05T18:29:58.692+08:00 DEBUG 90233 --- [fang123-backend] [nio-8090-exec-9] c.f.mapper.LoupanMediaMapper.selectList  : <==      Total: 4
2026-09-05T18:30:05.624+08:00 DEBUG 90233 --- [fang123-backend] [nio-8090-exec-4] o.s.security.web.FilterChainProxy        : Securing GET /api/public/loupans/KjtcfZ4fS2w
2026-09-05T18:30:05.624+08:00 DEBUG 90233 --- [fang123-backend] [io-8090-exec-10] o.s.security.web.FilterChainProxy        : Securing GET /api/public/loupans/KjtcfZ4fS2w/huxings
2026-09-05T18:30:05.628+08:00 DEBUG 90233 --- [fang123-backend] [io-8090-exec-10] o.s.s.w.a.AnonymousAuthenticationFilter  : Set SecurityContextHolder to anonymous SecurityContext
2026-09-05T18:30:05.628+08:00 DEBUG 90233 --- [fang123-backend] [nio-8090-exec-4] o.s.s.w.a.AnonymousAuthenticationFilter  : Set SecurityContextHolder to anonymous SecurityContext
2026-09-05T18:30:05.628+08:00 DEBUG 90233 --- [fang123-backend] [nio-8090-exec-4] o.s.security.web.FilterChainProxy        : Secured GET /api/public/loupans/KjtcfZ4fS2w
2026-09-05T18:30:05.628+08:00 DEBUG 90233 --- [fang123-backend] [io-8090-exec-10] o.s.security.web.FilterChainProxy        : Secured GET /api/public/loupans/KjtcfZ4fS2w/huxings
2026-09-05T18:30:05.640+08:00 DEBUG 90233 --- [fang123-backend] [io-8090-exec-10] c.f.m.LoupanHuxingMapper.selectList      : ==>  Preparing: SELECT id,loupan_id,huxing_name,area,inside_area,inside_area_with_gift,room_num,hall_num,toilet_num,balcony_num,orientation,floor_type,unit_price,total_price_start,total_price_end,is_show_house,tag,sort,huxing_image,standard_huxing_image,deleted,create_time,update_time FROM loupan_huxing WHERE deleted=0 AND (loupan_id = ?) ORDER BY sort ASC
2026-09-05T18:30:05.640+08:00 DEBUG 90233 --- [fang123-backend] [nio-8090-exec-4] c.f.mapper.LoupanMapper.selectById       : ==>  Preparing: SELECT id,land_id,land_no,cover_image,project_name,short_name,district,plate,avg_unit_price,avg_unit_price_yangfang,avg_unit_price_dieshu,avg_unit_price_paiwu,min_total_price,max_total_price,price_tag,sales_address,sales_status,sales_tel,project_address,show_house_desc,delivery_date,floor_height_min,floor_height_max,building_total,floor_min,floor_max,area_min,area_max,decorate_type,property_right_year,house_type,community_facility,people_car_separate,property_fee_high,property_fee_villa,property_company,park_total,park_sell_num,park_ratio,facade_material,self_hold_rate,build_area,land_area,house_total,plot_ratio,green_rate,project_company,brand_list,land_price,land_unit_price,land_buy_date,edu_support,traffic_support,medical_support,business_support,view_support,longitude,latitude,sort,deleted,create_time,update_time FROM loupan WHERE id=? AND deleted=0
2026-09-05T18:30:05.641+08:00 DEBUG 90233 --- [fang123-backend] [io-8090-exec-10] c.f.m.LoupanHuxingMapper.selectList      : ==> Parameters: 1(Long)
2026-09-05T18:30:05.641+08:00 DEBUG 90233 --- [fang123-backend] [nio-8090-exec-4] c.f.mapper.LoupanMapper.selectById       : ==> Parameters: 1(Long)
2026-09-05T18:30:05.643+08:00 DEBUG 90233 --- [fang123-backend] [io-8090-exec-10] c.f.m.LoupanHuxingMapper.selectList      : <==      Total: 5
2026-09-05T18:30:05.643+08:00 DEBUG 90233 --- [fang123-backend] [nio-8090-exec-4] c.f.mapper.LoupanMapper.selectById       : <==      Total: 1
2026-09-05T18:30:06.145+08:00 DEBUG 90233 --- [fang123-backend] [nio-8090-exec-2] o.s.security.web.FilterChainProxy        : Securing GET /api/public/loupans/KjtcfZ4fS2w
2026-09-05T18:30:06.145+08:00 DEBUG 90233 --- [fang123-backend] [nio-8090-exec-7] o.s.security.web.FilterChainProxy        : Securing GET /api/public/loupans/KjtcfZ4fS2w/huxings
2026-09-05T18:30:06.146+08:00 DEBUG 90233 --- [fang123-backend] [nio-8090-exec-2] o.s.s.w.a.AnonymousAuthenticationFilter  : Set SecurityContextHolder to anonymous SecurityContext
2026-09-05T18:30:06.146+08:00 DEBUG 90233 --- [fang123-backend] [nio-8090-exec-7] o.s.s.w.a.AnonymousAuthenticationFilter  : Set SecurityContextHolder to anonymous SecurityContext
2026-09-05T18:30:06.146+08:00 DEBUG 90233 --- [fang123-backend] [nio-8090-exec-7] o.s.security.web.FilterChainProxy        : Secured GET /api/public/loupans/KjtcfZ4fS2w/huxings
2026-09-05T18:30:06.146+08:00 DEBUG 90233 --- [fang123-backend] [nio-8090-exec-2] o.s.security.web.FilterChainProxy        : Secured GET /api/public/loupans/KjtcfZ4fS2w
2026-09-05T18:30:06.147+08:00 DEBUG 90233 --- [fang123-backend] [nio-8090-exec-2] c.f.mapper.LoupanMapper.selectById       : ==>  Preparing: SELECT id,land_id,land_no,cover_image,project_name,short_name,district,plate,avg_unit_price,avg_unit_price_yangfang,avg_unit_price_dieshu,avg_unit_price_paiwu,min_total_price,max_total_price,price_tag,sales_address,sales_status,sales_tel,project_address,show_house_desc,delivery_date,floor_height_min,floor_height_max,building_total,floor_min,floor_max,area_min,area_max,decorate_type,property_right_year,house_type,community_facility,people_car_separate,property_fee_high,property_fee_villa,property_company,park_total,park_sell_num,park_ratio,facade_material,self_hold_rate,build_area,land_area,house_total,plot_ratio,green_rate,project_company,brand_list,land_price,land_unit_price,land_buy_date,edu_support,traffic_support,medical_support,business_support,view_support,longitude,latitude,sort,deleted,create_time,update_time FROM loupan WHERE id=? AND deleted=0
2026-09-05T18:30:06.147+08:00 DEBUG 90233 --- [fang123-backend] [nio-8090-exec-7] c.f.m.LoupanHuxingMapper.selectList      : ==>  Preparing: SELECT id,loupan_id,huxing_name,area,inside_area,inside_area_with_gift,room_num,hall_num,toilet_num,balcony_num,orientation,floor_type,unit_price,total_price_start,total_price_end,is_show_house,tag,sort,huxing_image,standard_huxing_image,deleted,create_time,update_time FROM loupan_huxing WHERE deleted=0 AND (loupan_id = ?) ORDER BY sort ASC
2026-09-05T18:30:06.147+08:00 DEBUG 90233 --- [fang123-backend] [nio-8090-exec-2] c.f.mapper.LoupanMapper.selectById       : ==> Parameters: 1(Long)
2026-09-05T18:30:06.147+08:00 DEBUG 90233 --- [fang123-backend] [nio-8090-exec-7] c.f.m.LoupanHuxingMapper.selectList      : ==> Parameters: 1(Long)
2026-09-05T18:30:06.149+08:00 DEBUG 90233 --- [fang123-backend] [nio-8090-exec-2] c.f.mapper.LoupanMapper.selectById       : <==      Total: 1
2026-09-05T18:30:06.149+08:00 DEBUG 90233 --- [fang123-backend] [nio-8090-exec-7] c.f.m.LoupanHuxingMapper.selectList      : <==      Total: 5
2026-09-05T18:30:06.658+08:00 DEBUG 90233 --- [fang123-backend] [nio-8090-exec-6] o.s.security.web.FilterChainProxy        : Securing GET /api/public/loupans/KjtcfZ4fS2w
2026-09-05T18:30:06.658+08:00 DEBUG 90233 --- [fang123-backend] [nio-8090-exec-5] o.s.security.web.FilterChainProxy        : Securing GET /api/public/loupans/KjtcfZ4fS2w/huxings
2026-09-05T18:30:06.659+08:00 DEBUG 90233 --- [fang123-backend] [nio-8090-exec-5] o.s.s.w.a.AnonymousAuthenticationFilter  : Set SecurityContextHolder to anonymous SecurityContext
2026-09-05T18:30:06.659+08:00 DEBUG 90233 --- [fang123-backend] [nio-8090-exec-5] o.s.security.web.FilterChainProxy        : Secured GET /api/public/loupans/KjtcfZ4fS2w/huxings
2026-09-05T18:30:06.658+08:00 DEBUG 90233 --- [fang123-backend] [nio-8090-exec-6] o.s.s.w.a.AnonymousAuthenticationFilter  : Set SecurityContextHolder to anonymous SecurityContext
2026-09-05T18:30:06.659+08:00 DEBUG 90233 --- [fang123-backend] [nio-8090-exec-6] o.s.security.web.FilterChainProxy        : Secured GET /api/public/loupans/KjtcfZ4fS2w
2026-09-05T18:30:06.659+08:00 DEBUG 90233 --- [fang123-backend] [nio-8090-exec-6] c.f.mapper.LoupanMapper.selectById       : ==>  Preparing: SELECT id,land_id,land_no,cover_image,project_name,short_name,district,plate,avg_unit_price,avg_unit_price_yangfang,avg_unit_price_dieshu,avg_unit_price_paiwu,min_total_price,max_total_price,price_tag,sales_address,sales_status,sales_tel,project_address,show_house_desc,delivery_date,floor_height_min,floor_height_max,building_total,floor_min,floor_max,area_min,area_max,decorate_type,property_right_year,house_type,community_facility,people_car_separate,property_fee_high,property_fee_villa,property_company,park_total,park_sell_num,park_ratio,facade_material,self_hold_rate,build_area,land_area,house_total,plot_ratio,green_rate,project_company,brand_list,land_price,land_unit_price,land_buy_date,edu_support,traffic_support,medical_support,business_support,view_support,longitude,latitude,sort,deleted,create_time,update_time FROM loupan WHERE id=? AND deleted=0
2026-09-05T18:30:06.660+08:00 DEBUG 90233 --- [fang123-backend] [nio-8090-exec-6] c.f.mapper.LoupanMapper.selectById       : ==> Parameters: 1(Long)
2026-09-05T18:30:06.660+08:00 DEBUG 90233 --- [fang123-backend] [nio-8090-exec-5] c.f.m.LoupanHuxingMapper.selectList      : ==>  Preparing: SELECT id,loupan_id,huxing_name,area,inside_area,inside_area_with_gift,room_num,hall_num,toilet_num,balcony_num,orientation,floor_type,unit_price,total_price_start,total_price_end,is_show_house,tag,sort,huxing_image,standard_huxing_image,deleted,create_time,update_time FROM loupan_huxing WHERE deleted=0 AND (loupan_id = ?) ORDER BY sort ASC
2026-09-05T18:30:06.660+08:00 DEBUG 90233 --- [fang123-backend] [nio-8090-exec-5] c.f.m.LoupanHuxingMapper.selectList      : ==> Parameters: 1(Long)
2026-09-05T18:30:06.661+08:00 DEBUG 90233 --- [fang123-backend] [nio-8090-exec-5] c.f.m.LoupanHuxingMapper.selectList      : <==      Total: 5
2026-09-05T18:30:06.662+08:00 DEBUG 90233 --- [fang123-backend] [nio-8090-exec-6] c.f.mapper.LoupanMapper.selectById       : <==      Total: 1
2026-09-05T18:30:06.902+08:00 DEBUG 90233 --- [fang123-backend] [nio-8090-exec-8] o.s.security.web.FilterChainProxy        : Securing GET /api/public/loupans/KjtcfZ4fS2w/huxings
2026-09-05T18:30:06.902+08:00 DEBUG 90233 --- [fang123-backend] [nio-8090-exec-3] o.s.security.web.FilterChainProxy        : Securing GET /api/public/loupans/KjtcfZ4fS2w
2026-09-05T18:30:06.903+08:00 DEBUG 90233 --- [fang123-backend] [nio-8090-exec-3] o.s.s.w.a.AnonymousAuthenticationFilter  : Set SecurityContextHolder to anonymous SecurityContext
2026-09-05T18:30:06.903+08:00 DEBUG 90233 --- [fang123-backend] [nio-8090-exec-8] o.s.s.w.a.AnonymousAuthenticationFilter  : Set SecurityContextHolder to anonymous SecurityContext
2026-09-05T18:30:06.903+08:00 DEBUG 90233 --- [fang123-backend] [nio-8090-exec-3] o.s.security.web.FilterChainProxy        : Secured GET /api/public/loupans/KjtcfZ4fS2w
2026-09-05T18:30:06.903+08:00 DEBUG 90233 --- [fang123-backend] [nio-8090-exec-8] o.s.security.web.FilterChainProxy        : Secured GET /api/public/loupans/KjtcfZ4fS2w/huxings
2026-09-05T18:30:06.904+08:00 DEBUG 90233 --- [fang123-backend] [nio-8090-exec-3] c.f.mapper.LoupanMapper.selectById       : ==>  Preparing: SELECT id,land_id,land_no,cover_image,project_name,short_name,district,plate,avg_unit_price,avg_unit_price_yangfang,avg_unit_price_dieshu,avg_unit_price_paiwu,min_total_price,max_total_price,price_tag,sales_address,sales_status,sales_tel,project_address,show_house_desc,delivery_date,floor_height_min,floor_height_max,building_total,floor_min,floor_max,area_min,area_max,decorate_type,property_right_year,house_type,community_facility,people_car_separate,property_fee_high,property_fee_villa,property_company,park_total,park_sell_num,park_ratio,facade_material,self_hold_rate,build_area,land_area,house_total,plot_ratio,green_rate,project_company,brand_list,land_price,land_unit_price,land_buy_date,edu_support,traffic_support,medical_support,business_support,view_support,longitude,latitude,sort,deleted,create_time,update_time FROM loupan WHERE id=? AND deleted=0
2026-09-05T18:30:06.905+08:00 DEBUG 90233 --- [fang123-backend] [nio-8090-exec-8] c.f.m.LoupanHuxingMapper.selectList      : ==>  Preparing: SELECT id,loupan_id,huxing_name,area,inside_area,inside_area_with_gift,room_num,hall_num,toilet_num,balcony_num,orientation,floor_type,unit_price,total_price_start,total_price_end,is_show_house,tag,sort,huxing_image,standard_huxing_image,deleted,create_time,update_time FROM loupan_huxing WHERE deleted=0 AND (loupan_id = ?) ORDER BY sort ASC
2026-09-05T18:30:06.905+08:00 DEBUG 90233 --- [fang123-backend] [nio-8090-exec-3] c.f.mapper.LoupanMapper.selectById       : ==> Parameters: 1(Long)
2026-09-05T18:30:06.905+08:00 DEBUG 90233 --- [fang123-backend] [nio-8090-exec-8] c.f.m.LoupanHuxingMapper.selectList      : ==> Parameters: 1(Long)
2026-09-05T18:30:06.906+08:00 DEBUG 90233 --- [fang123-backend] [nio-8090-exec-3] c.f.mapper.LoupanMapper.selectById       : <==      Total: 1
2026-09-05T18:30:06.907+08:00 DEBUG 90233 --- [fang123-backend] [nio-8090-exec-8] c.f.m.LoupanHuxingMapper.selectList      : <==      Total: 5
2026-09-05T18:30:07.177+08:00 DEBUG 90233 --- [fang123-backend] [nio-8090-exec-1] o.s.security.web.FilterChainProxy        : Securing GET /api/public/loupans/KjtcfZ4fS2w/huxings
2026-09-05T18:30:07.177+08:00 DEBUG 90233 --- [fang123-backend] [nio-8090-exec-9] o.s.security.web.FilterChainProxy        : Securing GET /api/public/loupans/KjtcfZ4fS2w
2026-09-05T18:30:07.178+08:00 DEBUG 90233 --- [fang123-backend] [nio-8090-exec-1] o.s.s.w.a.AnonymousAuthenticationFilter  : Set SecurityContextHolder to anonymous SecurityContext
2026-09-05T18:30:07.178+08:00 DEBUG 90233 --- [fang123-backend] [nio-8090-exec-1] o.s.security.web.FilterChainProxy        : Secured GET /api/public/loupans/KjtcfZ4fS2w/huxings
2026-09-05T18:30:07.178+08:00 DEBUG 90233 --- [fang123-backend] [nio-8090-exec-9] o.s.s.w.a.AnonymousAuthenticationFilter  : Set SecurityContextHolder to anonymous SecurityContext
2026-09-05T18:30:07.178+08:00 DEBUG 90233 --- [fang123-backend] [nio-8090-exec-9] o.s.security.web.FilterChainProxy        : Secured GET /api/public/loupans/KjtcfZ4fS2w
2026-09-05T18:30:07.220+08:00 DEBUG 90233 --- [fang123-backend] [nio-8090-exec-1] c.f.m.LoupanHuxingMapper.selectList      : ==>  Preparing: SELECT id,loupan_id,huxing_name,area,inside_area,inside_area_with_gift,room_num,hall_num,toilet_num,balcony_num,orientation,floor_type,unit_price,total_price_start,total_price_end,is_show_house,tag,sort,huxing_image,standard_huxing_image,deleted,create_time,update_time FROM loupan_huxing WHERE deleted=0 AND (loupan_id = ?) ORDER BY sort ASC
2026-09-05T18:30:07.220+08:00 DEBUG 90233 --- [fang123-backend] [nio-8090-exec-1] c.f.m.LoupanHuxingMapper.selectList      : ==> Parameters: 1(Long)
2026-09-05T18:30:07.220+08:00 DEBUG 90233 --- [fang123-backend] [nio-8090-exec-9] c.f.mapper.LoupanMapper.selectById       : ==>  Preparing: SELECT id,land_id,land_no,cover_image,project_name,short_name,district,plate,avg_unit_price,avg_unit_price_yangfang,avg_unit_price_dieshu,avg_unit_price_paiwu,min_total_price,max_total_price,price_tag,sales_address,sales_status,sales_tel,project_address,show_house_desc,delivery_date,floor_height_min,floor_height_max,building_total,floor_min,floor_max,area_min,area_max,decorate_type,property_right_year,house_type,community_facility,people_car_separate,property_fee_high,property_fee_villa,property_company,park_total,park_sell_num,park_ratio,facade_material,self_hold_rate,build_area,land_area,house_total,plot_ratio,green_rate,project_company,brand_list,land_price,land_unit_price,land_buy_date,edu_support,traffic_support,medical_support,business_support,view_support,longitude,latitude,sort,deleted,create_time,update_time FROM loupan WHERE id=? AND deleted=0
2026-09-05T18:30:07.220+08:00 DEBUG 90233 --- [fang123-backend] [nio-8090-exec-9] c.f.mapper.LoupanMapper.selectById       : ==> Parameters: 1(Long)
2026-09-05T18:30:07.221+08:00 DEBUG 90233 --- [fang123-backend] [nio-8090-exec-1] c.f.m.LoupanHuxingMapper.selectList      : <==      Total: 5
2026-09-05T18:30:07.221+08:00 DEBUG 90233 --- [fang123-backend] [nio-8090-exec-9] c.f.mapper.LoupanMapper.selectById       : <==      Total: 1
2026-09-05T18:30:07.623+08:00 DEBUG 90233 --- [fang123-backend] [io-8090-exec-10] o.s.security.web.FilterChainProxy        : Securing GET /api/public/loupans/KjtcfZ4fS2w
2026-09-05T18:30:07.623+08:00 DEBUG 90233 --- [fang123-backend] [nio-8090-exec-4] o.s.security.web.FilterChainProxy        : Securing GET /api/public/loupans/KjtcfZ4fS2w/huxings
2026-09-05T18:30:07.624+08:00 DEBUG 90233 --- [fang123-backend] [io-8090-exec-10] o.s.s.w.a.AnonymousAuthenticationFilter  : Set SecurityContextHolder to anonymous SecurityContext
2026-09-05T18:30:07.624+08:00 DEBUG 90233 --- [fang123-backend] [nio-8090-exec-4] o.s.s.w.a.AnonymousAuthenticationFilter  : Set SecurityContextHolder to anonymous SecurityContext
2026-09-05T18:30:07.624+08:00 DEBUG 90233 --- [fang123-backend] [io-8090-exec-10] o.s.security.web.FilterChainProxy        : Secured GET /api/public/loupans/KjtcfZ4fS2w
2026-09-05T18:30:07.624+08:00 DEBUG 90233 --- [fang123-backend] [nio-8090-exec-4] o.s.security.web.FilterChainProxy        : Secured GET /api/public/loupans/KjtcfZ4fS2w/huxings
2026-09-05T18:30:07.624+08:00 DEBUG 90233 --- [fang123-backend] [io-8090-exec-10] c.f.mapper.LoupanMapper.selectById       : ==>  Preparing: SELECT id,land_id,land_no,cover_image,project_name,short_name,district,plate,avg_unit_price,avg_unit_price_yangfang,avg_unit_price_dieshu,avg_unit_price_paiwu,min_total_price,max_total_price,price_tag,sales_address,sales_status,sales_tel,project_address,show_house_desc,delivery_date,floor_height_min,floor_height_max,building_total,floor_min,floor_max,area_min,area_max,decorate_type,property_right_year,house_type,community_facility,people_car_separate,property_fee_high,property_fee_villa,property_company,park_total,park_sell_num,park_ratio,facade_material,self_hold_rate,build_area,land_area,house_total,plot_ratio,green_rate,project_company,brand_list,land_price,land_unit_price,land_buy_date,edu_support,traffic_support,medical_support,business_support,view_support,longitude,latitude,sort,deleted,create_time,update_time FROM loupan WHERE id=? AND deleted=0
2026-09-05T18:30:07.624+08:00 DEBUG 90233 --- [fang123-backend] [nio-8090-exec-4] c.f.m.LoupanHuxingMapper.selectList      : ==>  Preparing: SELECT id,loupan_id,huxing_name,area,inside_area,inside_area_with_gift,room_num,hall_num,toilet_num,balcony_num,orientation,floor_type,unit_price,total_price_start,total_price_end,is_show_house,tag,sort,huxing_image,standard_huxing_image,deleted,create_time,update_time FROM loupan_huxing WHERE deleted=0 AND (loupan_id = ?) ORDER BY sort ASC
2026-09-05T18:30:07.624+08:00 DEBUG 90233 --- [fang123-backend] [io-8090-exec-10] c.f.mapper.LoupanMapper.selectById       : ==> Parameters: 1(Long)
2026-09-05T18:30:07.624+08:00 DEBUG 90233 --- [fang123-backend] [nio-8090-exec-4] c.f.m.LoupanHuxingMapper.selectList      : ==> Parameters: 1(Long)
2026-09-05T18:30:07.625+08:00 DEBUG 90233 --- [fang123-backend] [nio-8090-exec-4] c.f.m.LoupanHuxingMapper.selectList      : <==      Total: 5
2026-09-05T18:30:07.625+08:00 DEBUG 90233 --- [fang123-backend] [io-8090-exec-10] c.f.mapper.LoupanMapper.selectById       : <==      Total: 1
2026-09-05T18:30:07.830+08:00 DEBUG 90233 --- [fang123-backend] [nio-8090-exec-7] o.s.security.web.FilterChainProxy        : Securing GET /api/public/loupans/KjtcfZ4fS2w/huxings
2026-09-05T18:30:07.830+08:00 DEBUG 90233 --- [fang123-backend] [nio-8090-exec-2] o.s.security.web.FilterChainProxy        : Securing GET /api/public/loupans/KjtcfZ4fS2w
2026-09-05T18:30:07.831+08:00 DEBUG 90233 --- [fang123-backend] [nio-8090-exec-2] o.s.s.w.a.AnonymousAuthenticationFilter  : Set SecurityContextHolder to anonymous SecurityContext
2026-09-05T18:30:07.831+08:00 DEBUG 90233 --- [fang123-backend] [nio-8090-exec-7] o.s.s.w.a.AnonymousAuthenticationFilter  : Set SecurityContextHolder to anonymous SecurityContext
2026-09-05T18:30:07.831+08:00 DEBUG 90233 --- [fang123-backend] [nio-8090-exec-2] o.s.security.web.FilterChainProxy        : Secured GET /api/public/loupans/KjtcfZ4fS2w
2026-09-05T18:30:07.831+08:00 DEBUG 90233 --- [fang123-backend] [nio-8090-exec-7] o.s.security.web.FilterChainProxy        : Secured GET /api/public/loupans/KjtcfZ4fS2w/huxings
2026-09-05T18:30:07.831+08:00 DEBUG 90233 --- [fang123-backend] [nio-8090-exec-2] c.f.mapper.LoupanMapper.selectById       : ==>  Preparing: SELECT id,land_id,land_no,cover_image,project_name,short_name,district,plate,avg_unit_price,avg_unit_price_yangfang,avg_unit_price_dieshu,avg_unit_price_paiwu,min_total_price,max_total_price,price_tag,sales_address,sales_status,sales_tel,project_address,show_house_desc,delivery_date,floor_height_min,floor_height_max,building_total,floor_min,floor_max,area_min,area_max,decorate_type,property_right_year,house_type,community_facility,people_car_separate,property_fee_high,property_fee_villa,property_company,park_total,park_sell_num,park_ratio,facade_material,self_hold_rate,build_area,land_area,house_total,plot_ratio,green_rate,project_company,brand_list,land_price,land_unit_price,land_buy_date,edu_support,traffic_support,medical_support,business_support,view_support,longitude,latitude,sort,deleted,create_time,update_time FROM loupan WHERE id=? AND deleted=0
2026-09-05T18:30:07.831+08:00 DEBUG 90233 --- [fang123-backend] [nio-8090-exec-7] c.f.m.LoupanHuxingMapper.selectList      : ==>  Preparing: SELECT id,loupan_id,huxing_name,area,inside_area,inside_area_with_gift,room_num,hall_num,toilet_num,balcony_num,orientation,floor_type,unit_price,total_price_start,total_price_end,is_show_house,tag,sort,huxing_image,standard_huxing_image,deleted,create_time,update_time FROM loupan_huxing WHERE deleted=0 AND (loupan_id = ?) ORDER BY sort ASC
2026-09-05T18:30:07.831+08:00 DEBUG 90233 --- [fang123-backend] [nio-8090-exec-2] c.f.mapper.LoupanMapper.selectById       : ==> Parameters: 1(Long)
2026-09-05T18:30:07.831+08:00 DEBUG 90233 --- [fang123-backend] [nio-8090-exec-7] c.f.m.LoupanHuxingMapper.selectList      : ==> Parameters: 1(Long)
2026-09-05T18:30:07.833+08:00 DEBUG 90233 --- [fang123-backend] [nio-8090-exec-7] c.f.m.LoupanHuxingMapper.selectList      : <==      Total: 5
2026-09-05T18:30:07.833+08:00 DEBUG 90233 --- [fang123-backend] [nio-8090-exec-2] c.f.mapper.LoupanMapper.selectById       : <==      Total: 1
2026-09-05T18:30:12.287+08:00 DEBUG 90233 --- [fang123-backend] [nio-8090-exec-5] o.s.security.web.FilterChainProxy        : Securing GET /api/public/loupans/KjtcfZ4fS2w
2026-09-05T18:30:12.287+08:00 DEBUG 90233 --- [fang123-backend] [nio-8090-exec-6] o.s.security.web.FilterChainProxy        : Securing GET /api/public/loupans/KjtcfZ4fS2w/huxings
2026-09-05T18:30:12.297+08:00 DEBUG 90233 --- [fang123-backend] [nio-8090-exec-5] o.s.s.w.a.AnonymousAuthenticationFilter  : Set SecurityContextHolder to anonymous SecurityContext
2026-09-05T18:30:12.297+08:00 DEBUG 90233 --- [fang123-backend] [nio-8090-exec-5] o.s.security.web.FilterChainProxy        : Secured GET /api/public/loupans/KjtcfZ4fS2w
2026-09-05T18:30:12.297+08:00 DEBUG 90233 --- [fang123-backend] [nio-8090-exec-6] o.s.s.w.a.AnonymousAuthenticationFilter  : Set SecurityContextHolder to anonymous SecurityContext
2026-09-05T18:30:12.298+08:00 DEBUG 90233 --- [fang123-backend] [nio-8090-exec-6] o.s.security.web.FilterChainProxy        : Secured GET /api/public/loupans/KjtcfZ4fS2w/huxings
2026-09-05T18:30:12.310+08:00 DEBUG 90233 --- [fang123-backend] [nio-8090-exec-5] c.f.mapper.LoupanMapper.selectById       : ==>  Preparing: SELECT id,land_id,land_no,cover_image,project_name,short_name,district,plate,avg_unit_price,avg_unit_price_yangfang,avg_unit_price_dieshu,avg_unit_price_paiwu,min_total_price,max_total_price,price_tag,sales_address,sales_status,sales_tel,project_address,show_house_desc,delivery_date,floor_height_min,floor_height_max,building_total,floor_min,floor_max,area_min,area_max,decorate_type,property_right_year,house_type,community_facility,people_car_separate,property_fee_high,property_fee_villa,property_company,park_total,park_sell_num,park_ratio,facade_material,self_hold_rate,build_area,land_area,house_total,plot_ratio,green_rate,project_company,brand_list,land_price,land_unit_price,land_buy_date,edu_support,traffic_support,medical_support,business_support,view_support,longitude,latitude,sort,deleted,create_time,update_time FROM loupan WHERE id=? AND deleted=0
2026-09-05T18:30:12.310+08:00 DEBUG 90233 --- [fang123-backend] [nio-8090-exec-6] c.f.m.LoupanHuxingMapper.selectList      : ==>  Preparing: SELECT id,loupan_id,huxing_name,area,inside_area,inside_area_with_gift,room_num,hall_num,toilet_num,balcony_num,orientation,floor_type,unit_price,total_price_start,total_price_end,is_show_house,tag,sort,huxing_image,standard_huxing_image,deleted,create_time,update_time FROM loupan_huxing WHERE deleted=0 AND (loupan_id = ?) ORDER BY sort ASC
2026-09-05T18:30:12.311+08:00 DEBUG 90233 --- [fang123-backend] [nio-8090-exec-5] c.f.mapper.LoupanMapper.selectById       : ==> Parameters: 1(Long)
2026-09-05T18:30:12.311+08:00 DEBUG 90233 --- [fang123-backend] [nio-8090-exec-6] c.f.m.LoupanHuxingMapper.selectList      : ==> Parameters: 1(Long)
2026-09-05T18:30:12.323+08:00 DEBUG 90233 --- [fang123-backend] [nio-8090-exec-6] c.f.m.LoupanHuxingMapper.selectList      : <==      Total: 5
2026-09-05T18:30:12.323+08:00 DEBUG 90233 --- [fang123-backend] [nio-8090-exec-5] c.f.mapper.LoupanMapper.selectById       : <==      Total: 1
2026-09-05T18:30:12.936+08:00 DEBUG 90233 --- [fang123-backend] [nio-8090-exec-3] o.s.security.web.FilterChainProxy        : Securing GET /api/public/loupans/KjtcfZ4fS2w
2026-09-05T18:30:12.936+08:00 DEBUG 90233 --- [fang123-backend] [nio-8090-exec-8] o.s.security.web.FilterChainProxy        : Securing GET /api/public/loupans/KjtcfZ4fS2w/huxings
2026-09-05T18:30:12.938+08:00 DEBUG 90233 --- [fang123-backend] [nio-8090-exec-8] o.s.s.w.a.AnonymousAuthenticationFilter  : Set SecurityContextHolder to anonymous SecurityContext
2026-09-05T18:30:12.938+08:00 DEBUG 90233 --- [fang123-backend] [nio-8090-exec-8] o.s.security.web.FilterChainProxy        : Secured GET /api/public/loupans/KjtcfZ4fS2w/huxings
2026-09-05T18:30:12.938+08:00 DEBUG 90233 --- [fang123-backend] [nio-8090-exec-3] o.s.s.w.a.AnonymousAuthenticationFilter  : Set SecurityContextHolder to anonymous SecurityContext
2026-09-05T18:30:12.938+08:00 DEBUG 90233 --- [fang123-backend] [nio-8090-exec-3] o.s.security.web.FilterChainProxy        : Secured GET /api/public/loupans/KjtcfZ4fS2w
2026-09-05T18:30:12.942+08:00 DEBUG 90233 --- [fang123-backend] [nio-8090-exec-3] c.f.mapper.LoupanMapper.selectById       : ==>  Preparing: SELECT id,land_id,land_no,cover_image,project_name,short_name,district,plate,avg_unit_price,avg_unit_price_yangfang,avg_unit_price_dieshu,avg_unit_price_paiwu,min_total_price,max_total_price,price_tag,sales_address,sales_status,sales_tel,project_address,show_house_desc,delivery_date,floor_height_min,floor_height_max,building_total,floor_min,floor_max,area_min,area_max,decorate_type,property_right_year,house_type,community_facility,people_car_separate,property_fee_high,property_fee_villa,property_company,park_total,park_sell_num,park_ratio,facade_material,self_hold_rate,build_area,land_area,house_total,plot_ratio,green_rate,project_company,brand_list,land_price,land_unit_price,land_buy_date,edu_support,traffic_support,medical_support,business_support,view_support,longitude,latitude,sort,deleted,create_time,update_time FROM loupan WHERE id=? AND deleted=0
2026-09-05T18:30:12.942+08:00 DEBUG 90233 --- [fang123-backend] [nio-8090-exec-8] c.f.m.LoupanHuxingMapper.selectList      : ==>  Preparing: SELECT id,loupan_id,huxing_name,area,inside_area,inside_area_with_gift,room_num,hall_num,toilet_num,balcony_num,orientation,floor_type,unit_price,total_price_start,total_price_end,is_show_house,tag,sort,huxing_image,standard_huxing_image,deleted,create_time,update_time FROM loupan_huxing WHERE deleted=0 AND (loupan_id = ?) ORDER BY sort ASC
2026-09-05T18:30:12.942+08:00 DEBUG 90233 --- [fang123-backend] [nio-8090-exec-8] c.f.m.LoupanHuxingMapper.selectList      : ==> Parameters: 1(Long)
2026-09-05T18:30:12.942+08:00 DEBUG 90233 --- [fang123-backend] [nio-8090-exec-3] c.f.mapper.LoupanMapper.selectById       : ==> Parameters: 1(Long)
2026-09-05T18:30:12.945+08:00 DEBUG 90233 --- [fang123-backend] [nio-8090-exec-3] c.f.mapper.LoupanMapper.selectById       : <==      Total: 1
2026-09-05T18:30:12.945+08:00 DEBUG 90233 --- [fang123-backend] [nio-8090-exec-8] c.f.m.LoupanHuxingMapper.selectList      : <==      Total: 5
2026-09-05T18:30:13.166+08:00 DEBUG 90233 --- [fang123-backend] [nio-8090-exec-9] o.s.security.web.FilterChainProxy        : Securing GET /api/public/loupans/KjtcfZ4fS2w/huxings
2026-09-05T18:30:13.166+08:00 DEBUG 90233 --- [fang123-backend] [nio-8090-exec-1] o.s.security.web.FilterChainProxy        : Securing GET /api/public/loupans/KjtcfZ4fS2w
2026-09-05T18:30:13.168+08:00 DEBUG 90233 --- [fang123-backend] [nio-8090-exec-9] o.s.s.w.a.AnonymousAuthenticationFilter  : Set SecurityContextHolder to anonymous SecurityContext
2026-09-05T18:30:13.168+08:00 DEBUG 90233 --- [fang123-backend] [nio-8090-exec-1] o.s.s.w.a.AnonymousAuthenticationFilter  : Set SecurityContextHolder to anonymous SecurityContext
2026-09-05T18:30:13.168+08:00 DEBUG 90233 --- [fang123-backend] [nio-8090-exec-9] o.s.security.web.FilterChainProxy        : Secured GET /api/public/loupans/KjtcfZ4fS2w/huxings
2026-09-05T18:30:13.168+08:00 DEBUG 90233 --- [fang123-backend] [nio-8090-exec-1] o.s.security.web.FilterChainProxy        : Secured GET /api/public/loupans/KjtcfZ4fS2w
2026-09-05T18:30:13.169+08:00 DEBUG 90233 --- [fang123-backend] [nio-8090-exec-1] c.f.mapper.LoupanMapper.selectById       : ==>  Preparing: SELECT id,land_id,land_no,cover_image,project_name,short_name,district,plate,avg_unit_price,avg_unit_price_yangfang,avg_unit_price_dieshu,avg_unit_price_paiwu,min_total_price,max_total_price,price_tag,sales_address,sales_status,sales_tel,project_address,show_house_desc,delivery_date,floor_height_min,floor_height_max,building_total,floor_min,floor_max,area_min,area_max,decorate_type,property_right_year,house_type,community_facility,people_car_separate,property_fee_high,property_fee_villa,property_company,park_total,park_sell_num,park_ratio,facade_material,self_hold_rate,build_area,land_area,house_total,plot_ratio,green_rate,project_company,brand_list,land_price,land_unit_price,land_buy_date,edu_support,traffic_support,medical_support,business_support,view_support,longitude,latitude,sort,deleted,create_time,update_time FROM loupan WHERE id=? AND deleted=0
2026-09-05T18:30:13.169+08:00 DEBUG 90233 --- [fang123-backend] [nio-8090-exec-1] c.f.mapper.LoupanMapper.selectById       : ==> Parameters: 1(Long)
2026-09-05T18:30:13.171+08:00 DEBUG 90233 --- [fang123-backend] [nio-8090-exec-9] c.f.m.LoupanHuxingMapper.selectList      : ==>  Preparing: SELECT id,loupan_id,huxing_name,area,inside_area,inside_area_with_gift,room_num,hall_num,toilet_num,balcony_num,orientation,floor_type,unit_price,total_price_start,total_price_end,is_show_house,tag,sort,huxing_image,standard_huxing_image,deleted,create_time,update_time FROM loupan_huxing WHERE deleted=0 AND (loupan_id = ?) ORDER BY sort ASC
2026-09-05T18:30:13.171+08:00 DEBUG 90233 --- [fang123-backend] [nio-8090-exec-1] c.f.mapper.LoupanMapper.selectById       : <==      Total: 1
2026-09-05T18:30:13.171+08:00 DEBUG 90233 --- [fang123-backend] [nio-8090-exec-9] c.f.m.LoupanHuxingMapper.selectList      : ==> Parameters: 1(Long)
2026-09-05T18:30:13.174+08:00 DEBUG 90233 --- [fang123-backend] [nio-8090-exec-9] c.f.m.LoupanHuxingMapper.selectList      : <==      Total: 5
2026-09-05T18:30:13.412+08:00 DEBUG 90233 --- [fang123-backend] [io-8090-exec-10] o.s.security.web.FilterChainProxy        : Securing GET /api/public/loupans/KjtcfZ4fS2w
2026-09-05T18:30:13.412+08:00 DEBUG 90233 --- [fang123-backend] [nio-8090-exec-4] o.s.security.web.FilterChainProxy        : Securing GET /api/public/loupans/KjtcfZ4fS2w/huxings
2026-09-05T18:30:13.413+08:00 DEBUG 90233 --- [fang123-backend] [nio-8090-exec-4] o.s.s.w.a.AnonymousAuthenticationFilter  : Set SecurityContextHolder to anonymous SecurityContext
2026-09-05T18:30:13.413+08:00 DEBUG 90233 --- [fang123-backend] [io-8090-exec-10] o.s.s.w.a.AnonymousAuthenticationFilter  : Set SecurityContextHolder to anonymous SecurityContext
2026-09-05T18:30:13.413+08:00 DEBUG 90233 --- [fang123-backend] [nio-8090-exec-4] o.s.security.web.FilterChainProxy        : Secured GET /api/public/loupans/KjtcfZ4fS2w/huxings
2026-09-05T18:30:13.413+08:00 DEBUG 90233 --- [fang123-backend] [io-8090-exec-10] o.s.security.web.FilterChainProxy        : Secured GET /api/public/loupans/KjtcfZ4fS2w
2026-09-05T18:30:13.414+08:00 DEBUG 90233 --- [fang123-backend] [io-8090-exec-10] c.f.mapper.LoupanMapper.selectById       : ==>  Preparing: SELECT id,land_id,land_no,cover_image,project_name,short_name,district,plate,avg_unit_price,avg_unit_price_yangfang,avg_unit_price_dieshu,avg_unit_price_paiwu,min_total_price,max_total_price,price_tag,sales_address,sales_status,sales_tel,project_address,show_house_desc,delivery_date,floor_height_min,floor_height_max,building_total,floor_min,floor_max,area_min,area_max,decorate_type,property_right_year,house_type,community_facility,people_car_separate,property_fee_high,property_fee_villa,property_company,park_total,park_sell_num,park_ratio,facade_material,self_hold_rate,build_area,land_area,house_total,plot_ratio,green_rate,project_company,brand_list,land_price,land_unit_price,land_buy_date,edu_support,traffic_support,medical_support,business_support,view_support,longitude,latitude,sort,deleted,create_time,update_time FROM loupan WHERE id=? AND deleted=0
2026-09-05T18:30:13.414+08:00 DEBUG 90233 --- [fang123-backend] [io-8090-exec-10] c.f.mapper.LoupanMapper.selectById       : ==> Parameters: 1(Long)
2026-09-05T18:30:13.414+08:00 DEBUG 90233 --- [fang123-backend] [nio-8090-exec-4] c.f.m.LoupanHuxingMapper.selectList      : ==>  Preparing: SELECT id,loupan_id,huxing_name,area,inside_area,inside_area_with_gift,room_num,hall_num,toilet_num,balcony_num,orientation,floor_type,unit_price,total_price_start,total_price_end,is_show_house,tag,sort,huxing_image,standard_huxing_image,deleted,create_time,update_time FROM loupan_huxing WHERE deleted=0 AND (loupan_id = ?) ORDER BY sort ASC
2026-09-05T18:30:13.414+08:00 DEBUG 90233 --- [fang123-backend] [nio-8090-exec-4] c.f.m.LoupanHuxingMapper.selectList      : ==> Parameters: 1(Long)
2026-09-05T18:30:13.415+08:00 DEBUG 90233 --- [fang123-backend] [nio-8090-exec-4] c.f.m.LoupanHuxingMapper.selectList      : <==      Total: 5
2026-09-05T18:30:13.415+08:00 DEBUG 90233 --- [fang123-backend] [io-8090-exec-10] c.f.mapper.LoupanMapper.selectById       : <==      Total: 1
2026-09-05T18:30:36.604+08:00 DEBUG 90233 --- [fang123-backend] [nio-8090-exec-2] o.s.security.web.FilterChainProxy        : Securing GET /api/public/loupans/KjtcfZ4fS2w
2026-09-05T18:30:36.604+08:00 DEBUG 90233 --- [fang123-backend] [nio-8090-exec-7] o.s.security.web.FilterChainProxy        : Securing GET /api/public/loupans/KjtcfZ4fS2w/huxings
2026-09-05T18:30:36.607+08:00 DEBUG 90233 --- [fang123-backend] [nio-8090-exec-2] o.s.s.w.a.AnonymousAuthenticationFilter  : Set SecurityContextHolder to anonymous SecurityContext
2026-09-05T18:30:36.607+08:00 DEBUG 90233 --- [fang123-backend] [nio-8090-exec-7] o.s.s.w.a.AnonymousAuthenticationFilter  : Set SecurityContextHolder to anonymous SecurityContext
2026-09-05T18:30:36.607+08:00 DEBUG 90233 --- [fang123-backend] [nio-8090-exec-2] o.s.security.web.FilterChainProxy        : Secured GET /api/public/loupans/KjtcfZ4fS2w
2026-09-05T18:30:36.607+08:00 DEBUG 90233 --- [fang123-backend] [nio-8090-exec-7] o.s.security.web.FilterChainProxy        : Secured GET /api/public/loupans/KjtcfZ4fS2w/huxings
2026-09-05T18:30:36.613+08:00 DEBUG 90233 --- [fang123-backend] [nio-8090-exec-2] c.f.mapper.LoupanMapper.selectById       : ==>  Preparing: SELECT id,land_id,land_no,cover_image,project_name,short_name,district,plate,avg_unit_price,avg_unit_price_yangfang,avg_unit_price_dieshu,avg_unit_price_paiwu,min_total_price,max_total_price,price_tag,sales_address,sales_status,sales_tel,project_address,show_house_desc,delivery_date,floor_height_min,floor_height_max,building_total,floor_min,floor_max,area_min,area_max,decorate_type,property_right_year,house_type,community_facility,people_car_separate,property_fee_high,property_fee_villa,property_company,park_total,park_sell_num,park_ratio,facade_material,self_hold_rate,build_area,land_area,house_total,plot_ratio,green_rate,project_company,brand_list,land_price,land_unit_price,land_buy_date,edu_support,traffic_support,medical_support,business_support,view_support,longitude,latitude,sort,deleted,create_time,update_time FROM loupan WHERE id=? AND deleted=0
2026-09-05T18:30:36.613+08:00 DEBUG 90233 --- [fang123-backend] [nio-8090-exec-7] c.f.m.LoupanHuxingMapper.selectList      : ==>  Preparing: SELECT id,loupan_id,huxing_name,area,inside_area,inside_area_with_gift,room_num,hall_num,toilet_num,balcony_num,orientation,floor_type,unit_price,total_price_start,total_price_end,is_show_house,tag,sort,huxing_image,standard_huxing_image,deleted,create_time,update_time FROM loupan_huxing WHERE deleted=0 AND (loupan_id = ?) ORDER BY sort ASC
2026-09-05T18:30:36.613+08:00 DEBUG 90233 --- [fang123-backend] [nio-8090-exec-7] c.f.m.LoupanHuxingMapper.selectList      : ==> Parameters: 1(Long)
2026-09-05T18:30:36.613+08:00 DEBUG 90233 --- [fang123-backend] [nio-8090-exec-2] c.f.mapper.LoupanMapper.selectById       : ==> Parameters: 1(Long)
2026-09-05T18:30:36.617+08:00 DEBUG 90233 --- [fang123-backend] [nio-8090-exec-7] c.f.m.LoupanHuxingMapper.selectList      : <==      Total: 5
2026-09-05T18:30:36.617+08:00 DEBUG 90233 --- [fang123-backend] [nio-8090-exec-2] c.f.mapper.LoupanMapper.selectById       : <==      Total: 1
2026-09-05T18:30:44.181+08:00 DEBUG 90233 --- [fang123-backend] [nio-8090-exec-5] o.s.security.web.FilterChainProxy        : Securing GET /api/public/loupans/KjtcfZ4fS2w/huxings
2026-09-05T18:30:44.182+08:00 DEBUG 90233 --- [fang123-backend] [nio-8090-exec-6] o.s.security.web.FilterChainProxy        : Securing GET /api/public/loupans/KjtcfZ4fS2w
2026-09-05T18:30:44.188+08:00 DEBUG 90233 --- [fang123-backend] [nio-8090-exec-5] o.s.s.w.a.AnonymousAuthenticationFilter  : Set SecurityContextHolder to anonymous SecurityContext
2026-09-05T18:30:44.188+08:00 DEBUG 90233 --- [fang123-backend] [nio-8090-exec-5] o.s.security.web.FilterChainProxy        : Secured GET /api/public/loupans/KjtcfZ4fS2w/huxings
2026-09-05T18:30:44.193+08:00 DEBUG 90233 --- [fang123-backend] [nio-8090-exec-6] o.s.s.w.a.AnonymousAuthenticationFilter  : Set SecurityContextHolder to anonymous SecurityContext
2026-09-05T18:30:44.193+08:00 DEBUG 90233 --- [fang123-backend] [nio-8090-exec-6] o.s.security.web.FilterChainProxy        : Secured GET /api/public/loupans/KjtcfZ4fS2w
2026-09-05T18:30:44.195+08:00 DEBUG 90233 --- [fang123-backend] [nio-8090-exec-5] c.f.m.LoupanHuxingMapper.selectList      : ==>  Preparing: SELECT id,loupan_id,huxing_name,area,inside_area,inside_area_with_gift,room_num,hall_num,toilet_num,balcony_num,orientation,floor_type,unit_price,total_price_start,total_price_end,is_show_house,tag,sort,huxing_image,standard_huxing_image,deleted,create_time,update_time FROM loupan_huxing WHERE deleted=0 AND (loupan_id = ?) ORDER BY sort ASC
2026-09-05T18:30:44.196+08:00 DEBUG 90233 --- [fang123-backend] [nio-8090-exec-5] c.f.m.LoupanHuxingMapper.selectList      : ==> Parameters: 1(Long)
2026-09-05T18:30:44.196+08:00 DEBUG 90233 --- [fang123-backend] [nio-8090-exec-6] c.f.mapper.LoupanMapper.selectById       : ==>  Preparing: SELECT id,land_id,land_no,cover_image,project_name,short_name,district,plate,avg_unit_price,avg_unit_price_yangfang,avg_unit_price_dieshu,avg_unit_price_paiwu,min_total_price,max_total_price,price_tag,sales_address,sales_status,sales_tel,project_address,show_house_desc,delivery_date,floor_height_min,floor_height_max,building_total,floor_min,floor_max,area_min,area_max,decorate_type,property_right_year,house_type,community_facility,people_car_separate,property_fee_high,property_fee_villa,property_company,park_total,park_sell_num,park_ratio,facade_material,self_hold_rate,build_area,land_area,house_total,plot_ratio,green_rate,project_company,brand_list,land_price,land_unit_price,land_buy_date,edu_support,traffic_support,medical_support,business_support,view_support,longitude,latitude,sort,deleted,create_time,update_time FROM loupan WHERE id=? AND deleted=0
2026-09-05T18:30:44.197+08:00 DEBUG 90233 --- [fang123-backend] [nio-8090-exec-6] c.f.mapper.LoupanMapper.selectById       : ==> Parameters: 1(Long)
2026-09-05T18:30:44.201+08:00 DEBUG 90233 --- [fang123-backend] [nio-8090-exec-5] c.f.m.LoupanHuxingMapper.selectList      : <==      Total: 5
2026-09-05T18:30:44.206+08:00 DEBUG 90233 --- [fang123-backend] [nio-8090-exec-6] c.f.mapper.LoupanMapper.selectById       : <==      Total: 1
2026-09-05T18:30:48.026+08:00 DEBUG 90233 --- [fang123-backend] [nio-8090-exec-3] o.s.security.web.FilterChainProxy        : Securing GET /api/public/loupans/KjtcfZ4fS2w
2026-09-05T18:30:48.026+08:00 DEBUG 90233 --- [fang123-backend] [nio-8090-exec-8] o.s.security.web.FilterChainProxy        : Securing GET /api/public/loupans/KjtcfZ4fS2w/huxings
2026-09-05T18:30:48.031+08:00 DEBUG 90233 --- [fang123-backend] [nio-8090-exec-8] o.s.s.w.a.AnonymousAuthenticationFilter  : Set SecurityContextHolder to anonymous SecurityContext
2026-09-05T18:30:48.031+08:00 DEBUG 90233 --- [fang123-backend] [nio-8090-exec-3] o.s.s.w.a.AnonymousAuthenticationFilter  : Set SecurityContextHolder to anonymous SecurityContext
2026-09-05T18:30:48.032+08:00 DEBUG 90233 --- [fang123-backend] [nio-8090-exec-8] o.s.security.web.FilterChainProxy        : Secured GET /api/public/loupans/KjtcfZ4fS2w/huxings
2026-09-05T18:30:48.032+08:00 DEBUG 90233 --- [fang123-backend] [nio-8090-exec-3] o.s.security.web.FilterChainProxy        : Secured GET /api/public/loupans/KjtcfZ4fS2w
2026-09-05T18:30:48.039+08:00 DEBUG 90233 --- [fang123-backend] [nio-8090-exec-8] c.f.m.LoupanHuxingMapper.selectList      : ==>  Preparing: SELECT id,loupan_id,huxing_name,area,inside_area,inside_area_with_gift,room_num,hall_num,toilet_num,balcony_num,orientation,floor_type,unit_price,total_price_start,total_price_end,is_show_house,tag,sort,huxing_image,standard_huxing_image,deleted,create_time,update_time FROM loupan_huxing WHERE deleted=0 AND (loupan_id = ?) ORDER BY sort ASC
2026-09-05T18:30:48.039+08:00 DEBUG 90233 --- [fang123-backend] [nio-8090-exec-3] c.f.mapper.LoupanMapper.selectById       : ==>  Preparing: SELECT id,land_id,land_no,cover_image,project_name,short_name,district,plate,avg_unit_price,avg_unit_price_yangfang,avg_unit_price_dieshu,avg_unit_price_paiwu,min_total_price,max_total_price,price_tag,sales_address,sales_status,sales_tel,project_address,show_house_desc,delivery_date,floor_height_min,floor_height_max,building_total,floor_min,floor_max,area_min,area_max,decorate_type,property_right_year,house_type,community_facility,people_car_separate,property_fee_high,property_fee_villa,property_company,park_total,park_sell_num,park_ratio,facade_material,self_hold_rate,build_area,land_area,house_total,plot_ratio,green_rate,project_company,brand_list,land_price,land_unit_price,land_buy_date,edu_support,traffic_support,medical_support,business_support,view_support,longitude,latitude,sort,deleted,create_time,update_time FROM loupan WHERE id=? AND deleted=0
2026-09-05T18:30:48.043+08:00 DEBUG 90233 --- [fang123-backend] [nio-8090-exec-8] c.f.m.LoupanHuxingMapper.selectList      : ==> Parameters: 1(Long)
2026-09-05T18:30:48.043+08:00 DEBUG 90233 --- [fang123-backend] [nio-8090-exec-3] c.f.mapper.LoupanMapper.selectById       : ==> Parameters: 1(Long)
2026-09-05T18:30:48.046+08:00 DEBUG 90233 --- [fang123-backend] [nio-8090-exec-3] c.f.mapper.LoupanMapper.selectById       : <==      Total: 1
2026-09-05T18:30:48.046+08:00 DEBUG 90233 --- [fang123-backend] [nio-8090-exec-8] c.f.m.LoupanHuxingMapper.selectList      : <==      Total: 5
2026-09-05T18:30:48.725+08:00 DEBUG 90233 --- [fang123-backend] [nio-8090-exec-1] o.s.security.web.FilterChainProxy        : Securing GET /api/public/loupans/KjtcfZ4fS2w
2026-09-05T18:30:48.725+08:00 DEBUG 90233 --- [fang123-backend] [nio-8090-exec-9] o.s.security.web.FilterChainProxy        : Securing GET /api/public/loupans/KjtcfZ4fS2w/huxings
2026-09-05T18:30:48.726+08:00 DEBUG 90233 --- [fang123-backend] [nio-8090-exec-1] o.s.s.w.a.AnonymousAuthenticationFilter  : Set SecurityContextHolder to anonymous SecurityContext
2026-09-05T18:30:48.726+08:00 DEBUG 90233 --- [fang123-backend] [nio-8090-exec-9] o.s.s.w.a.AnonymousAuthenticationFilter  : Set SecurityContextHolder to anonymous SecurityContext
2026-09-05T18:30:48.726+08:00 DEBUG 90233 --- [fang123-backend] [nio-8090-exec-1] o.s.security.web.FilterChainProxy        : Secured GET /api/public/loupans/KjtcfZ4fS2w
2026-09-05T18:30:48.726+08:00 DEBUG 90233 --- [fang123-backend] [nio-8090-exec-9] o.s.security.web.FilterChainProxy        : Secured GET /api/public/loupans/KjtcfZ4fS2w/huxings
2026-09-05T18:30:48.727+08:00 DEBUG 90233 --- [fang123-backend] [nio-8090-exec-1] c.f.mapper.LoupanMapper.selectById       : ==>  Preparing: SELECT id,land_id,land_no,cover_image,project_name,short_name,district,plate,avg_unit_price,avg_unit_price_yangfang,avg_unit_price_dieshu,avg_unit_price_paiwu,min_total_price,max_total_price,price_tag,sales_address,sales_status,sales_tel,project_address,show_house_desc,delivery_date,floor_height_min,floor_height_max,building_total,floor_min,floor_max,area_min,area_max,decorate_type,property_right_year,house_type,community_facility,people_car_separate,property_fee_high,property_fee_villa,property_company,park_total,park_sell_num,park_ratio,facade_material,self_hold_rate,build_area,land_area,house_total,plot_ratio,green_rate,project_company,brand_list,land_price,land_unit_price,land_buy_date,edu_support,traffic_support,medical_support,business_support,view_support,longitude,latitude,sort,deleted,create_time,update_time FROM loupan WHERE id=? AND deleted=0
2026-09-05T18:30:48.727+08:00 DEBUG 90233 --- [fang123-backend] [nio-8090-exec-1] c.f.mapper.LoupanMapper.selectById       : ==> Parameters: 1(Long)
2026-09-05T18:30:48.727+08:00 DEBUG 90233 --- [fang123-backend] [nio-8090-exec-9] c.f.m.LoupanHuxingMapper.selectList      : ==>  Preparing: SELECT id,loupan_id,huxing_name,area,inside_area,inside_area_with_gift,room_num,hall_num,toilet_num,balcony_num,orientation,floor_type,unit_price,total_price_start,total_price_end,is_show_house,tag,sort,huxing_image,standard_huxing_image,deleted,create_time,update_time FROM loupan_huxing WHERE deleted=0 AND (loupan_id = ?) ORDER BY sort ASC
2026-09-05T18:30:48.728+08:00 DEBUG 90233 --- [fang123-backend] [nio-8090-exec-9] c.f.m.LoupanHuxingMapper.selectList      : ==> Parameters: 1(Long)
2026-09-05T18:30:48.729+08:00 DEBUG 90233 --- [fang123-backend] [nio-8090-exec-1] c.f.mapper.LoupanMapper.selectById       : <==      Total: 1
2026-09-05T18:30:48.729+08:00 DEBUG 90233 --- [fang123-backend] [nio-8090-exec-9] c.f.m.LoupanHuxingMapper.selectList      : <==      Total: 5
2026-09-05T18:31:13.429+08:00 DEBUG 90233 --- [fang123-backend] [io-8090-exec-10] o.s.security.web.FilterChainProxy        : Securing GET /api/public/loupans/KjtcfZ4fS2w
2026-09-05T18:31:13.429+08:00 DEBUG 90233 --- [fang123-backend] [nio-8090-exec-4] o.s.security.web.FilterChainProxy        : Securing GET /api/public/loupans/KjtcfZ4fS2w/huxings
2026-09-05T18:31:13.437+08:00 DEBUG 90233 --- [fang123-backend] [nio-8090-exec-4] o.s.s.w.a.AnonymousAuthenticationFilter  : Set SecurityContextHolder to anonymous SecurityContext
2026-09-05T18:31:13.437+08:00 DEBUG 90233 --- [fang123-backend] [io-8090-exec-10] o.s.s.w.a.AnonymousAuthenticationFilter  : Set SecurityContextHolder to anonymous SecurityContext
2026-09-05T18:31:13.437+08:00 DEBUG 90233 --- [fang123-backend] [nio-8090-exec-4] o.s.security.web.FilterChainProxy        : Secured GET /api/public/loupans/KjtcfZ4fS2w/huxings
2026-09-05T18:31:13.437+08:00 DEBUG 90233 --- [fang123-backend] [io-8090-exec-10] o.s.security.web.FilterChainProxy        : Secured GET /api/public/loupans/KjtcfZ4fS2w
2026-09-05T18:31:13.446+08:00 DEBUG 90233 --- [fang123-backend] [nio-8090-exec-4] c.f.m.LoupanHuxingMapper.selectList      : ==>  Preparing: SELECT id,loupan_id,huxing_name,area,inside_area,inside_area_with_gift,room_num,hall_num,toilet_num,balcony_num,orientation,floor_type,unit_price,total_price_start,total_price_end,is_show_house,tag,sort,huxing_image,standard_huxing_image,deleted,create_time,update_time FROM loupan_huxing WHERE deleted=0 AND (loupan_id = ?) ORDER BY sort ASC
2026-09-05T18:31:13.446+08:00 DEBUG 90233 --- [fang123-backend] [io-8090-exec-10] c.f.mapper.LoupanMapper.selectById       : ==>  Preparing: SELECT id,land_id,land_no,cover_image,project_name,short_name,district,plate,avg_unit_price,avg_unit_price_yangfang,avg_unit_price_dieshu,avg_unit_price_paiwu,min_total_price,max_total_price,price_tag,sales_address,sales_status,sales_tel,project_address,show_house_desc,delivery_date,floor_height_min,floor_height_max,building_total,floor_min,floor_max,area_min,area_max,decorate_type,property_right_year,house_type,community_facility,people_car_separate,property_fee_high,property_fee_villa,property_company,park_total,park_sell_num,park_ratio,facade_material,self_hold_rate,build_area,land_area,house_total,plot_ratio,green_rate,project_company,brand_list,land_price,land_unit_price,land_buy_date,edu_support,traffic_support,medical_support,business_support,view_support,longitude,latitude,sort,deleted,create_time,update_time FROM loupan WHERE id=? AND deleted=0
2026-09-05T18:31:13.446+08:00 DEBUG 90233 --- [fang123-backend] [io-8090-exec-10] c.f.mapper.LoupanMapper.selectById       : ==> Parameters: 1(Long)
2026-09-05T18:31:13.446+08:00 DEBUG 90233 --- [fang123-backend] [nio-8090-exec-4] c.f.m.LoupanHuxingMapper.selectList      : ==> Parameters: 1(Long)
2026-09-05T18:31:13.452+08:00 DEBUG 90233 --- [fang123-backend] [io-8090-exec-10] c.f.mapper.LoupanMapper.selectById       : <==      Total: 1
2026-09-05T18:31:13.452+08:00 DEBUG 90233 --- [fang123-backend] [nio-8090-exec-4] c.f.m.LoupanHuxingMapper.selectList      : <==      Total: 5
2026-09-05T18:31:15.596+08:00 DEBUG 90233 --- [fang123-backend] [nio-8090-exec-7] o.s.security.web.FilterChainProxy        : Securing GET /api/public/loupans/KjtcfZ4fS2w/huxings
2026-09-05T18:31:15.596+08:00 DEBUG 90233 --- [fang123-backend] [nio-8090-exec-2] o.s.security.web.FilterChainProxy        : Securing GET /api/public/loupans/KjtcfZ4fS2w
2026-09-05T18:31:15.604+08:00 DEBUG 90233 --- [fang123-backend] [nio-8090-exec-2] o.s.s.w.a.AnonymousAuthenticationFilter  : Set SecurityContextHolder to anonymous SecurityContext
2026-09-05T18:31:15.604+08:00 DEBUG 90233 --- [fang123-backend] [nio-8090-exec-7] o.s.s.w.a.AnonymousAuthenticationFilter  : Set SecurityContextHolder to anonymous SecurityContext
2026-09-05T18:31:15.604+08:00 DEBUG 90233 --- [fang123-backend] [nio-8090-exec-2] o.s.security.web.FilterChainProxy        : Secured GET /api/public/loupans/KjtcfZ4fS2w
2026-09-05T18:31:15.604+08:00 DEBUG 90233 --- [fang123-backend] [nio-8090-exec-7] o.s.security.web.FilterChainProxy        : Secured GET /api/public/loupans/KjtcfZ4fS2w/huxings
2026-09-05T18:31:15.616+08:00 DEBUG 90233 --- [fang123-backend] [nio-8090-exec-2] c.f.mapper.LoupanMapper.selectById       : ==>  Preparing: SELECT id,land_id,land_no,cover_image,project_name,short_name,district,plate,avg_unit_price,avg_unit_price_yangfang,avg_unit_price_dieshu,avg_unit_price_paiwu,min_total_price,max_total_price,price_tag,sales_address,sales_status,sales_tel,project_address,show_house_desc,delivery_date,floor_height_min,floor_height_max,building_total,floor_min,floor_max,area_min,area_max,decorate_type,property_right_year,house_type,community_facility,people_car_separate,property_fee_high,property_fee_villa,property_company,park_total,park_sell_num,park_ratio,facade_material,self_hold_rate,build_area,land_area,house_total,plot_ratio,green_rate,project_company,brand_list,land_price,land_unit_price,land_buy_date,edu_support,traffic_support,medical_support,business_support,view_support,longitude,latitude,sort,deleted,create_time,update_time FROM loupan WHERE id=? AND deleted=0
2026-09-05T18:31:15.618+08:00 DEBUG 90233 --- [fang123-backend] [nio-8090-exec-7] c.f.m.LoupanHuxingMapper.selectList      : ==>  Preparing: SELECT id,loupan_id,huxing_name,area,inside_area,inside_area_with_gift,room_num,hall_num,toilet_num,balcony_num,orientation,floor_type,unit_price,total_price_start,total_price_end,is_show_house,tag,sort,huxing_image,standard_huxing_image,deleted,create_time,update_time FROM loupan_huxing WHERE deleted=0 AND (loupan_id = ?) ORDER BY sort ASC
2026-09-05T18:31:15.620+08:00 DEBUG 90233 --- [fang123-backend] [nio-8090-exec-7] c.f.m.LoupanHuxingMapper.selectList      : ==> Parameters: 1(Long)
2026-09-05T18:31:15.620+08:00 DEBUG 90233 --- [fang123-backend] [nio-8090-exec-2] c.f.mapper.LoupanMapper.selectById       : ==> Parameters: 1(Long)
2026-09-05T18:31:15.625+08:00 DEBUG 90233 --- [fang123-backend] [nio-8090-exec-7] c.f.m.LoupanHuxingMapper.selectList      : <==      Total: 5
2026-09-05T18:31:15.625+08:00 DEBUG 90233 --- [fang123-backend] [nio-8090-exec-2] c.f.mapper.LoupanMapper.selectById       : <==      Total: 1
2026-09-05T18:31:16.103+08:00 DEBUG 90233 --- [fang123-backend] [nio-8090-exec-8] o.s.security.web.FilterChainProxy        : Securing GET /api/public/loupans/KjtcfZ4fS2w/huxings
2026-09-05T18:31:16.103+08:00 DEBUG 90233 --- [fang123-backend] [nio-8090-exec-5] o.s.security.web.FilterChainProxy        : Securing GET /api/public/loupans/KjtcfZ4fS2w
2026-09-05T18:31:16.103+08:00 DEBUG 90233 --- [fang123-backend] [nio-8090-exec-6] o.s.security.web.FilterChainProxy        : Securing GET /api/public/loupans/KjtcfZ4fS2w/medias
2026-09-05T18:31:16.103+08:00 DEBUG 90233 --- [fang123-backend] [nio-8090-exec-6] o.s.s.w.a.AnonymousAuthenticationFilter  : Set SecurityContextHolder to anonymous SecurityContext
2026-09-05T18:31:16.103+08:00 DEBUG 90233 --- [fang123-backend] [nio-8090-exec-8] o.s.s.w.a.AnonymousAuthenticationFilter  : Set SecurityContextHolder to anonymous SecurityContext
2026-09-05T18:31:16.103+08:00 DEBUG 90233 --- [fang123-backend] [nio-8090-exec-6] o.s.security.web.FilterChainProxy        : Secured GET /api/public/loupans/KjtcfZ4fS2w/medias
2026-09-05T18:31:16.103+08:00 DEBUG 90233 --- [fang123-backend] [nio-8090-exec-5] o.s.s.w.a.AnonymousAuthenticationFilter  : Set SecurityContextHolder to anonymous SecurityContext
2026-09-05T18:31:16.103+08:00 DEBUG 90233 --- [fang123-backend] [nio-8090-exec-8] o.s.security.web.FilterChainProxy        : Secured GET /api/public/loupans/KjtcfZ4fS2w/huxings
2026-09-05T18:31:16.103+08:00 DEBUG 90233 --- [fang123-backend] [nio-8090-exec-5] o.s.security.web.FilterChainProxy        : Secured GET /api/public/loupans/KjtcfZ4fS2w
2026-09-05T18:31:16.104+08:00 DEBUG 90233 --- [fang123-backend] [nio-8090-exec-8] c.f.m.LoupanHuxingMapper.selectList      : ==>  Preparing: SELECT id,loupan_id,huxing_name,area,inside_area,inside_area_with_gift,room_num,hall_num,toilet_num,balcony_num,orientation,floor_type,unit_price,total_price_start,total_price_end,is_show_house,tag,sort,huxing_image,standard_huxing_image,deleted,create_time,update_time FROM loupan_huxing WHERE deleted=0 AND (loupan_id = ?) ORDER BY sort ASC
2026-09-05T18:31:16.104+08:00 DEBUG 90233 --- [fang123-backend] [nio-8090-exec-5] c.f.mapper.LoupanMapper.selectById       : ==>  Preparing: SELECT id,land_id,land_no,cover_image,project_name,short_name,district,plate,avg_unit_price,avg_unit_price_yangfang,avg_unit_price_dieshu,avg_unit_price_paiwu,min_total_price,max_total_price,price_tag,sales_address,sales_status,sales_tel,project_address,show_house_desc,delivery_date,floor_height_min,floor_height_max,building_total,floor_min,floor_max,area_min,area_max,decorate_type,property_right_year,house_type,community_facility,people_car_separate,property_fee_high,property_fee_villa,property_company,park_total,park_sell_num,park_ratio,facade_material,self_hold_rate,build_area,land_area,house_total,plot_ratio,green_rate,project_company,brand_list,land_price,land_unit_price,land_buy_date,edu_support,traffic_support,medical_support,business_support,view_support,longitude,latitude,sort,deleted,create_time,update_time FROM loupan WHERE id=? AND deleted=0
2026-09-05T18:31:16.104+08:00 DEBUG 90233 --- [fang123-backend] [nio-8090-exec-6] c.f.mapper.LoupanMediaMapper.selectList  : ==>  Preparing: SELECT id,loupan_id,huxing_id,media_type,media_url,media_title,sort,deleted,create_time FROM loupan_media WHERE deleted=0 AND (loupan_id = ?) ORDER BY sort ASC
2026-09-05T18:31:16.104+08:00 DEBUG 90233 --- [fang123-backend] [nio-8090-exec-8] c.f.m.LoupanHuxingMapper.selectList      : ==> Parameters: 1(Long)
2026-09-05T18:31:16.104+08:00 DEBUG 90233 --- [fang123-backend] [nio-8090-exec-5] c.f.mapper.LoupanMapper.selectById       : ==> Parameters: 1(Long)
2026-09-05T18:31:16.104+08:00 DEBUG 90233 --- [fang123-backend] [nio-8090-exec-6] c.f.mapper.LoupanMediaMapper.selectList  : ==> Parameters: 1(Long)
2026-09-05T18:31:16.105+08:00 DEBUG 90233 --- [fang123-backend] [nio-8090-exec-6] c.f.mapper.LoupanMediaMapper.selectList  : <==      Total: 4
2026-09-05T18:31:16.105+08:00 DEBUG 90233 --- [fang123-backend] [nio-8090-exec-5] c.f.mapper.LoupanMapper.selectById       : <==      Total: 1
2026-09-05T18:31:16.105+08:00 DEBUG 90233 --- [fang123-backend] [nio-8090-exec-8] c.f.m.LoupanHuxingMapper.selectList      : <==      Total: 5
2026-09-05T18:31:55.489+08:00 DEBUG 90233 --- [fang123-backend] [nio-8090-exec-1] o.s.security.web.FilterChainProxy        : Securing GET /api/public/loupans/KjtcfZ4fS2w
2026-09-05T18:31:55.489+08:00 DEBUG 90233 --- [fang123-backend] [nio-8090-exec-3] o.s.security.web.FilterChainProxy        : Securing GET /api/public/loupans/KjtcfZ4fS2w/medias
2026-09-05T18:31:55.489+08:00 DEBUG 90233 --- [fang123-backend] [nio-8090-exec-9] o.s.security.web.FilterChainProxy        : Securing GET /api/public/loupans/KjtcfZ4fS2w/huxings
2026-09-05T18:31:55.492+08:00 DEBUG 90233 --- [fang123-backend] [nio-8090-exec-3] o.s.s.w.a.AnonymousAuthenticationFilter  : Set SecurityContextHolder to anonymous SecurityContext
2026-09-05T18:31:55.492+08:00 DEBUG 90233 --- [fang123-backend] [nio-8090-exec-9] o.s.s.w.a.AnonymousAuthenticationFilter  : Set SecurityContextHolder to anonymous SecurityContext
2026-09-05T18:31:55.492+08:00 DEBUG 90233 --- [fang123-backend] [nio-8090-exec-1] o.s.s.w.a.AnonymousAuthenticationFilter  : Set SecurityContextHolder to anonymous SecurityContext
2026-09-05T18:31:55.492+08:00 DEBUG 90233 --- [fang123-backend] [nio-8090-exec-3] o.s.security.web.FilterChainProxy        : Secured GET /api/public/loupans/KjtcfZ4fS2w/medias
2026-09-05T18:31:55.492+08:00 DEBUG 90233 --- [fang123-backend] [nio-8090-exec-9] o.s.security.web.FilterChainProxy        : Secured GET /api/public/loupans/KjtcfZ4fS2w/huxings
2026-09-05T18:31:55.492+08:00 DEBUG 90233 --- [fang123-backend] [nio-8090-exec-1] o.s.security.web.FilterChainProxy        : Secured GET /api/public/loupans/KjtcfZ4fS2w
2026-09-05T18:31:55.504+08:00 DEBUG 90233 --- [fang123-backend] [nio-8090-exec-1] c.f.mapper.LoupanMapper.selectById       : ==>  Preparing: SELECT id,land_id,land_no,cover_image,project_name,short_name,district,plate,avg_unit_price,avg_unit_price_yangfang,avg_unit_price_dieshu,avg_unit_price_paiwu,min_total_price,max_total_price,price_tag,sales_address,sales_status,sales_tel,project_address,show_house_desc,delivery_date,floor_height_min,floor_height_max,building_total,floor_min,floor_max,area_min,area_max,decorate_type,property_right_year,house_type,community_facility,people_car_separate,property_fee_high,property_fee_villa,property_company,park_total,park_sell_num,park_ratio,facade_material,self_hold_rate,build_area,land_area,house_total,plot_ratio,green_rate,project_company,brand_list,land_price,land_unit_price,land_buy_date,edu_support,traffic_support,medical_support,business_support,view_support,longitude,latitude,sort,deleted,create_time,update_time FROM loupan WHERE id=? AND deleted=0
2026-09-05T18:31:55.505+08:00 DEBUG 90233 --- [fang123-backend] [nio-8090-exec-9] c.f.m.LoupanHuxingMapper.selectList      : ==>  Preparing: SELECT id,loupan_id,huxing_name,area,inside_area,inside_area_with_gift,room_num,hall_num,toilet_num,balcony_num,orientation,floor_type,unit_price,total_price_start,total_price_end,is_show_house,tag,sort,huxing_image,standard_huxing_image,deleted,create_time,update_time FROM loupan_huxing WHERE deleted=0 AND (loupan_id = ?) ORDER BY sort ASC
2026-09-05T18:31:55.505+08:00 DEBUG 90233 --- [fang123-backend] [nio-8090-exec-9] c.f.m.LoupanHuxingMapper.selectList      : ==> Parameters: 1(Long)
2026-09-05T18:31:55.505+08:00 DEBUG 90233 --- [fang123-backend] [nio-8090-exec-1] c.f.mapper.LoupanMapper.selectById       : ==> Parameters: 1(Long)
2026-09-05T18:31:55.507+08:00 DEBUG 90233 --- [fang123-backend] [nio-8090-exec-3] c.f.mapper.LoupanMediaMapper.selectList  : ==>  Preparing: SELECT id,loupan_id,huxing_id,media_type,media_url,media_title,sort,deleted,create_time FROM loupan_media WHERE deleted=0 AND (loupan_id = ?) ORDER BY sort ASC
2026-09-05T18:31:55.508+08:00 DEBUG 90233 --- [fang123-backend] [nio-8090-exec-3] c.f.mapper.LoupanMediaMapper.selectList  : ==> Parameters: 1(Long)
2026-09-05T18:31:55.510+08:00 DEBUG 90233 --- [fang123-backend] [nio-8090-exec-3] c.f.mapper.LoupanMediaMapper.selectList  : <==      Total: 4
2026-09-05T18:31:55.510+08:00 DEBUG 90233 --- [fang123-backend] [nio-8090-exec-9] c.f.m.LoupanHuxingMapper.selectList      : <==      Total: 5
2026-09-05T18:31:55.521+08:00 DEBUG 90233 --- [fang123-backend] [nio-8090-exec-1] c.f.mapper.LoupanMapper.selectById       : <==      Total: 1
2026-09-05T18:37:10.543+08:00 DEBUG 90233 --- [fang123-backend] [nio-8090-exec-7] o.s.security.web.FilterChainProxy        : Securing GET /api/public/loupans/KjtcfZ4fS2w
2026-09-05T18:37:10.543+08:00 DEBUG 90233 --- [fang123-backend] [nio-8090-exec-4] o.s.security.web.FilterChainProxy        : Securing GET /api/public/loupans/KjtcfZ4fS2w/medias
2026-09-05T18:37:10.543+08:00 DEBUG 90233 --- [fang123-backend] [io-8090-exec-10] o.s.security.web.FilterChainProxy        : Securing GET /api/public/loupans/KjtcfZ4fS2w/huxings
2026-09-05T18:37:10.547+08:00 DEBUG 90233 --- [fang123-backend] [nio-8090-exec-7] o.s.s.w.a.AnonymousAuthenticationFilter  : Set SecurityContextHolder to anonymous SecurityContext
2026-09-05T18:37:10.547+08:00 DEBUG 90233 --- [fang123-backend] [nio-8090-exec-4] o.s.s.w.a.AnonymousAuthenticationFilter  : Set SecurityContextHolder to anonymous SecurityContext
2026-09-05T18:37:10.547+08:00 DEBUG 90233 --- [fang123-backend] [io-8090-exec-10] o.s.s.w.a.AnonymousAuthenticationFilter  : Set SecurityContextHolder to anonymous SecurityContext
2026-09-05T18:37:10.547+08:00 DEBUG 90233 --- [fang123-backend] [nio-8090-exec-4] o.s.security.web.FilterChainProxy        : Secured GET /api/public/loupans/KjtcfZ4fS2w/medias
2026-09-05T18:37:10.547+08:00 DEBUG 90233 --- [fang123-backend] [io-8090-exec-10] o.s.security.web.FilterChainProxy        : Secured GET /api/public/loupans/KjtcfZ4fS2w/huxings
2026-09-05T18:37:10.547+08:00 DEBUG 90233 --- [fang123-backend] [nio-8090-exec-7] o.s.security.web.FilterChainProxy        : Secured GET /api/public/loupans/KjtcfZ4fS2w
2026-09-05T18:37:10.562+08:00 DEBUG 90233 --- [fang123-backend] [nio-8090-exec-4] c.f.mapper.LoupanMediaMapper.selectList  : ==>  Preparing: SELECT id,loupan_id,huxing_id,media_type,media_url,media_title,sort,deleted,create_time FROM loupan_media WHERE deleted=0 AND (loupan_id = ?) ORDER BY sort ASC
2026-09-05T18:37:10.562+08:00 DEBUG 90233 --- [fang123-backend] [nio-8090-exec-7] c.f.mapper.LoupanMapper.selectById       : ==>  Preparing: SELECT id,land_id,land_no,cover_image,project_name,short_name,district,plate,avg_unit_price,avg_unit_price_yangfang,avg_unit_price_dieshu,avg_unit_price_paiwu,min_total_price,max_total_price,price_tag,sales_address,sales_status,sales_tel,project_address,show_house_desc,delivery_date,floor_height_min,floor_height_max,building_total,floor_min,floor_max,area_min,area_max,decorate_type,property_right_year,house_type,community_facility,people_car_separate,property_fee_high,property_fee_villa,property_company,park_total,park_sell_num,park_ratio,facade_material,self_hold_rate,build_area,land_area,house_total,plot_ratio,green_rate,project_company,brand_list,land_price,land_unit_price,land_buy_date,edu_support,traffic_support,medical_support,business_support,view_support,longitude,latitude,sort,deleted,create_time,update_time FROM loupan WHERE id=? AND deleted=0
2026-09-05T18:37:10.562+08:00 DEBUG 90233 --- [fang123-backend] [io-8090-exec-10] c.f.m.LoupanHuxingMapper.selectList      : ==>  Preparing: SELECT id,loupan_id,huxing_name,area,inside_area,inside_area_with_gift,room_num,hall_num,toilet_num,balcony_num,orientation,floor_type,unit_price,total_price_start,total_price_end,is_show_house,tag,sort,huxing_image,standard_huxing_image,deleted,create_time,update_time FROM loupan_huxing WHERE deleted=0 AND (loupan_id = ?) ORDER BY sort ASC
2026-09-05T18:37:10.562+08:00 DEBUG 90233 --- [fang123-backend] [nio-8090-exec-4] c.f.mapper.LoupanMediaMapper.selectList  : ==> Parameters: 1(Long)
2026-09-05T18:37:10.562+08:00 DEBUG 90233 --- [fang123-backend] [nio-8090-exec-7] c.f.mapper.LoupanMapper.selectById       : ==> Parameters: 1(Long)
2026-09-05T18:37:10.562+08:00 DEBUG 90233 --- [fang123-backend] [io-8090-exec-10] c.f.m.LoupanHuxingMapper.selectList      : ==> Parameters: 1(Long)
2026-09-05T18:37:10.601+08:00 DEBUG 90233 --- [fang123-backend] [io-8090-exec-10] c.f.m.LoupanHuxingMapper.selectList      : <==      Total: 5
2026-09-05T18:37:10.601+08:00 DEBUG 90233 --- [fang123-backend] [nio-8090-exec-4] c.f.mapper.LoupanMediaMapper.selectList  : <==      Total: 4
2026-09-05T18:37:10.601+08:00 DEBUG 90233 --- [fang123-backend] [nio-8090-exec-7] c.f.mapper.LoupanMapper.selectById       : <==      Total: 1
2026-09-05T18:37:20.826+08:00 DEBUG 90233 --- [fang123-backend] [nio-8090-exec-5] o.s.security.web.FilterChainProxy        : Securing GET /api/public/loupan-filters
2026-09-05T18:37:20.826+08:00 DEBUG 90233 --- [fang123-backend] [nio-8090-exec-2] o.s.security.web.FilterChainProxy        : Securing GET /api/public/loupans?page=1&size=12&salesStatus=1
2026-09-05T18:37:20.834+08:00 DEBUG 90233 --- [fang123-backend] [nio-8090-exec-5] o.s.s.w.a.AnonymousAuthenticationFilter  : Set SecurityContextHolder to anonymous SecurityContext
2026-09-05T18:37:20.834+08:00 DEBUG 90233 --- [fang123-backend] [nio-8090-exec-2] o.s.s.w.a.AnonymousAuthenticationFilter  : Set SecurityContextHolder to anonymous SecurityContext
2026-09-05T18:37:20.834+08:00 DEBUG 90233 --- [fang123-backend] [nio-8090-exec-2] o.s.security.web.FilterChainProxy        : Secured GET /api/public/loupans?page=1&size=12&salesStatus=1
2026-09-05T18:37:20.834+08:00 DEBUG 90233 --- [fang123-backend] [nio-8090-exec-5] o.s.security.web.FilterChainProxy        : Secured GET /api/public/loupan-filters
2026-09-05T18:37:20.848+08:00 DEBUG 90233 --- [fang123-backend] [nio-8090-exec-5] c.f.mapper.LoupanMapper.selectList       : ==>  Preparing: SELECT id,land_id,land_no,cover_image,project_name,short_name,district,plate,avg_unit_price,avg_unit_price_yangfang,avg_unit_price_dieshu,avg_unit_price_paiwu,min_total_price,max_total_price,price_tag,sales_address,sales_status,sales_tel,project_address,show_house_desc,delivery_date,floor_height_min,floor_height_max,building_total,floor_min,floor_max,area_min,area_max,decorate_type,property_right_year,house_type,community_facility,people_car_separate,property_fee_high,property_fee_villa,property_company,park_total,park_sell_num,park_ratio,facade_material,self_hold_rate,build_area,land_area,house_total,plot_ratio,green_rate,project_company,brand_list,land_price,land_unit_price,land_buy_date,edu_support,traffic_support,medical_support,business_support,view_support,longitude,latitude,sort,deleted,create_time,update_time FROM loupan WHERE deleted=0
2026-09-05T18:37:20.850+08:00 DEBUG 90233 --- [fang123-backend] [nio-8090-exec-5] c.f.mapper.LoupanMapper.selectList       : ==> Parameters: 
2026-09-05T18:37:20.851+08:00 DEBUG 90233 --- [fang123-backend] [nio-8090-exec-2] c.f.m.LoupanMapper.selectList_mpCount    : ==>  Preparing: SELECT COUNT(*) AS total FROM loupan WHERE deleted = 0 AND (sales_status IN (?))
2026-09-05T18:37:20.852+08:00 DEBUG 90233 --- [fang123-backend] [nio-8090-exec-2] c.f.m.LoupanMapper.selectList_mpCount    : ==> Parameters: 1(Integer)
2026-09-05T18:37:20.855+08:00 DEBUG 90233 --- [fang123-backend] [nio-8090-exec-5] c.f.mapper.LoupanMapper.selectList       : <==      Total: 3
2026-09-05T18:37:20.856+08:00 DEBUG 90233 --- [fang123-backend] [nio-8090-exec-2] c.f.m.LoupanMapper.selectList_mpCount    : <==      Total: 1
2026-09-05T18:37:23.145+08:00 DEBUG 90233 --- [fang123-backend] [nio-8090-exec-6] o.s.security.web.FilterChainProxy        : Securing GET /api/public/loupans?page=1&size=12&salesStatus=1
2026-09-05T18:37:23.145+08:00 DEBUG 90233 --- [fang123-backend] [nio-8090-exec-8] o.s.security.web.FilterChainProxy        : Securing GET /api/public/loupan-filters
2026-09-05T18:37:23.146+08:00 DEBUG 90233 --- [fang123-backend] [nio-8090-exec-8] o.s.s.w.a.AnonymousAuthenticationFilter  : Set SecurityContextHolder to anonymous SecurityContext
2026-09-05T18:37:23.146+08:00 DEBUG 90233 --- [fang123-backend] [nio-8090-exec-8] o.s.security.web.FilterChainProxy        : Secured GET /api/public/loupan-filters
2026-09-05T18:37:23.147+08:00 DEBUG 90233 --- [fang123-backend] [nio-8090-exec-6] o.s.s.w.a.AnonymousAuthenticationFilter  : Set SecurityContextHolder to anonymous SecurityContext
2026-09-05T18:37:23.147+08:00 DEBUG 90233 --- [fang123-backend] [nio-8090-exec-6] o.s.security.web.FilterChainProxy        : Secured GET /api/public/loupans?page=1&size=12&salesStatus=1
2026-09-05T18:37:23.147+08:00 DEBUG 90233 --- [fang123-backend] [nio-8090-exec-8] c.f.mapper.LoupanMapper.selectList       : ==>  Preparing: SELECT id,land_id,land_no,cover_image,project_name,short_name,district,plate,avg_unit_price,avg_unit_price_yangfang,avg_unit_price_dieshu,avg_unit_price_paiwu,min_total_price,max_total_price,price_tag,sales_address,sales_status,sales_tel,project_address,show_house_desc,delivery_date,floor_height_min,floor_height_max,building_total,floor_min,floor_max,area_min,area_max,decorate_type,property_right_year,house_type,community_facility,people_car_separate,property_fee_high,property_fee_villa,property_company,park_total,park_sell_num,park_ratio,facade_material,self_hold_rate,build_area,land_area,house_total,plot_ratio,green_rate,project_company,brand_list,land_price,land_unit_price,land_buy_date,edu_support,traffic_support,medical_support,business_support,view_support,longitude,latitude,sort,deleted,create_time,update_time FROM loupan WHERE deleted=0
2026-09-05T18:37:23.149+08:00 DEBUG 90233 --- [fang123-backend] [nio-8090-exec-8] c.f.mapper.LoupanMapper.selectList       : ==> Parameters: 
2026-09-05T18:37:23.151+08:00 DEBUG 90233 --- [fang123-backend] [nio-8090-exec-8] c.f.mapper.LoupanMapper.selectList       : <==      Total: 3
2026-09-05T18:37:23.155+08:00 DEBUG 90233 --- [fang123-backend] [nio-8090-exec-6] c.f.m.LoupanMapper.selectList_mpCount    : ==>  Preparing: SELECT COUNT(*) AS total FROM loupan WHERE deleted = 0 AND (sales_status IN (?))
2026-09-05T18:37:23.155+08:00 DEBUG 90233 --- [fang123-backend] [nio-8090-exec-6] c.f.m.LoupanMapper.selectList_mpCount    : ==> Parameters: 1(Integer)
2026-09-05T18:37:23.156+08:00 DEBUG 90233 --- [fang123-backend] [nio-8090-exec-6] c.f.m.LoupanMapper.selectList_mpCount    : <==      Total: 1
2026-09-05T18:37:26.159+08:00 DEBUG 90233 --- [fang123-backend] [nio-8090-exec-3] o.s.security.web.FilterChainProxy        : Securing GET /api/public/loupans?page=1&size=10&salesStatus=2,3
2026-09-05T18:37:26.159+08:00 DEBUG 90233 --- [fang123-backend] [nio-8090-exec-9] o.s.security.web.FilterChainProxy        : Securing GET /api/public/loupan-filters
2026-09-05T18:37:26.166+08:00 DEBUG 90233 --- [fang123-backend] [nio-8090-exec-9] o.s.s.w.a.AnonymousAuthenticationFilter  : Set SecurityContextHolder to anonymous SecurityContext
2026-09-05T18:37:26.166+08:00 DEBUG 90233 --- [fang123-backend] [nio-8090-exec-3] o.s.s.w.a.AnonymousAuthenticationFilter  : Set SecurityContextHolder to anonymous SecurityContext
2026-09-05T18:37:26.166+08:00 DEBUG 90233 --- [fang123-backend] [nio-8090-exec-3] o.s.security.web.FilterChainProxy        : Secured GET /api/public/loupans?page=1&size=10&salesStatus=2,3
2026-09-05T18:37:26.166+08:00 DEBUG 90233 --- [fang123-backend] [nio-8090-exec-9] o.s.security.web.FilterChainProxy        : Secured GET /api/public/loupan-filters
2026-09-05T18:37:26.173+08:00 DEBUG 90233 --- [fang123-backend] [nio-8090-exec-9] c.f.mapper.LoupanMapper.selectList       : ==>  Preparing: SELECT id,land_id,land_no,cover_image,project_name,short_name,district,plate,avg_unit_price,avg_unit_price_yangfang,avg_unit_price_dieshu,avg_unit_price_paiwu,min_total_price,max_total_price,price_tag,sales_address,sales_status,sales_tel,project_address,show_house_desc,delivery_date,floor_height_min,floor_height_max,building_total,floor_min,floor_max,area_min,area_max,decorate_type,property_right_year,house_type,community_facility,people_car_separate,property_fee_high,property_fee_villa,property_company,park_total,park_sell_num,park_ratio,facade_material,self_hold_rate,build_area,land_area,house_total,plot_ratio,green_rate,project_company,brand_list,land_price,land_unit_price,land_buy_date,edu_support,traffic_support,medical_support,business_support,view_support,longitude,latitude,sort,deleted,create_time,update_time FROM loupan WHERE deleted=0
2026-09-05T18:37:26.175+08:00 DEBUG 90233 --- [fang123-backend] [nio-8090-exec-9] c.f.mapper.LoupanMapper.selectList       : ==> Parameters: 
2026-09-05T18:37:26.177+08:00 DEBUG 90233 --- [fang123-backend] [nio-8090-exec-3] c.f.m.LoupanMapper.selectList_mpCount    : ==>  Preparing: SELECT COUNT(*) AS total FROM loupan WHERE deleted = 0 AND (sales_status IN (?, ?))
2026-09-05T18:37:26.178+08:00 DEBUG 90233 --- [fang123-backend] [nio-8090-exec-3] c.f.m.LoupanMapper.selectList_mpCount    : ==> Parameters: 2(Integer), 3(Integer)
2026-09-05T18:37:26.179+08:00 DEBUG 90233 --- [fang123-backend] [nio-8090-exec-3] c.f.m.LoupanMapper.selectList_mpCount    : <==      Total: 1
2026-09-05T18:37:26.181+08:00 DEBUG 90233 --- [fang123-backend] [nio-8090-exec-3] c.f.mapper.LoupanMapper.selectList       : ==>  Preparing: SELECT id,land_id,land_no,cover_image,project_name,short_name,district,plate,avg_unit_price,avg_unit_price_yangfang,avg_unit_price_dieshu,avg_unit_price_paiwu,min_total_price,max_total_price,price_tag,sales_address,sales_status,sales_tel,project_address,show_house_desc,delivery_date,floor_height_min,floor_height_max,building_total,floor_min,floor_max,area_min,area_max,decorate_type,property_right_year,house_type,community_facility,people_car_separate,property_fee_high,property_fee_villa,property_company,park_total,park_sell_num,park_ratio,facade_material,self_hold_rate,build_area,land_area,house_total,plot_ratio,green_rate,project_company,brand_list,land_price,land_unit_price,land_buy_date,edu_support,traffic_support,medical_support,business_support,view_support,longitude,latitude,sort,deleted,create_time,update_time FROM loupan WHERE deleted=0 AND (sales_status IN (?,?)) ORDER BY sort DESC,create_time DESC LIMIT ?
2026-09-05T18:37:26.181+08:00 DEBUG 90233 --- [fang123-backend] [nio-8090-exec-9] c.f.mapper.LoupanMapper.selectList       : <==      Total: 3
2026-09-05T18:37:26.181+08:00 DEBUG 90233 --- [fang123-backend] [nio-8090-exec-3] c.f.mapper.LoupanMapper.selectList       : ==> Parameters: 2(Integer), 3(Integer), 10(Long)
2026-09-05T18:37:26.183+08:00 DEBUG 90233 --- [fang123-backend] [nio-8090-exec-3] c.f.mapper.LoupanMapper.selectList       : <==      Total: 2
2026-09-05T18:37:26.194+08:00 DEBUG 90233 --- [fang123-backend] [nio-8090-exec-1] o.s.security.web.FilterChainProxy        : Securing GET /api/public/loupans/huxings/batch?loupanIds=2,1
2026-09-05T18:37:26.195+08:00 DEBUG 90233 --- [fang123-backend] [nio-8090-exec-1] o.s.s.w.a.AnonymousAuthenticationFilter  : Set SecurityContextHolder to anonymous SecurityContext
2026-09-05T18:37:26.195+08:00 DEBUG 90233 --- [fang123-backend] [nio-8090-exec-1] o.s.security.web.FilterChainProxy        : Secured GET /api/public/loupans/huxings/batch?loupanIds=2,1
2026-09-05T18:37:26.196+08:00 DEBUG 90233 --- [fang123-backend] [nio-8090-exec-1] c.f.m.LoupanHuxingMapper.selectList      : ==>  Preparing: SELECT id,loupan_id,huxing_name,area,inside_area,inside_area_with_gift,room_num,hall_num,toilet_num,balcony_num,orientation,floor_type,unit_price,total_price_start,total_price_end,is_show_house,tag,sort,huxing_image,standard_huxing_image,deleted,create_time,update_time FROM loupan_huxing WHERE deleted=0 AND (loupan_id = ?) ORDER BY area DESC
2026-09-05T18:37:26.197+08:00 DEBUG 90233 --- [fang123-backend] [nio-8090-exec-1] c.f.m.LoupanHuxingMapper.selectList      : ==> Parameters: 2(Long)
2026-09-05T18:37:26.202+08:00 DEBUG 90233 --- [fang123-backend] [nio-8090-exec-1] c.f.m.LoupanHuxingMapper.selectList      : <==      Total: 0
2026-09-05T18:37:26.203+08:00 DEBUG 90233 --- [fang123-backend] [nio-8090-exec-1] c.f.m.LoupanHuxingMapper.selectList      : ==>  Preparing: SELECT id,loupan_id,huxing_name,area,inside_area,inside_area_with_gift,room_num,hall_num,toilet_num,balcony_num,orientation,floor_type,unit_price,total_price_start,total_price_end,is_show_house,tag,sort,huxing_image,standard_huxing_image,deleted,create_time,update_time FROM loupan_huxing WHERE deleted=0 AND (loupan_id = ?) ORDER BY area DESC
2026-09-05T18:37:26.203+08:00 DEBUG 90233 --- [fang123-backend] [nio-8090-exec-1] c.f.m.LoupanHuxingMapper.selectList      : ==> Parameters: 1(Long)
2026-09-05T18:37:26.206+08:00 DEBUG 90233 --- [fang123-backend] [nio-8090-exec-1] c.f.m.LoupanHuxingMapper.selectList      : <==      Total: 5
2026-09-05T18:37:29.012+08:00 DEBUG 90233 --- [fang123-backend] [nio-8090-exec-4] o.s.security.web.FilterChainProxy        : Securing GET /api/public/loupans/KjtcfZ4fS2w
2026-09-05T18:37:29.013+08:00 DEBUG 90233 --- [fang123-backend] [nio-8090-exec-4] o.s.s.w.a.AnonymousAuthenticationFilter  : Set SecurityContextHolder to anonymous SecurityContext
2026-09-05T18:37:29.013+08:00 DEBUG 90233 --- [fang123-backend] [nio-8090-exec-4] o.s.security.web.FilterChainProxy        : Secured GET /api/public/loupans/KjtcfZ4fS2w
2026-09-05T18:37:29.014+08:00 DEBUG 90233 --- [fang123-backend] [nio-8090-exec-4] c.f.mapper.LoupanMapper.selectById       : ==>  Preparing: SELECT id,land_id,land_no,cover_image,project_name,short_name,district,plate,avg_unit_price,avg_unit_price_yangfang,avg_unit_price_dieshu,avg_unit_price_paiwu,min_total_price,max_total_price,price_tag,sales_address,sales_status,sales_tel,project_address,show_house_desc,delivery_date,floor_height_min,floor_height_max,building_total,floor_min,floor_max,area_min,area_max,decorate_type,property_right_year,house_type,community_facility,people_car_separate,property_fee_high,property_fee_villa,property_company,park_total,park_sell_num,park_ratio,facade_material,self_hold_rate,build_area,land_area,house_total,plot_ratio,green_rate,project_company,brand_list,land_price,land_unit_price,land_buy_date,edu_support,traffic_support,medical_support,business_support,view_support,longitude,latitude,sort,deleted,create_time,update_time FROM loupan WHERE id=? AND deleted=0
2026-09-05T18:37:29.014+08:00 DEBUG 90233 --- [fang123-backend] [nio-8090-exec-4] c.f.mapper.LoupanMapper.selectById       : ==> Parameters: 1(Long)
2026-09-05T18:37:29.016+08:00 DEBUG 90233 --- [fang123-backend] [nio-8090-exec-4] c.f.mapper.LoupanMapper.selectById       : <==      Total: 1
2026-09-05T18:37:29.073+08:00 DEBUG 90233 --- [fang123-backend] [io-8090-exec-10] o.s.security.web.FilterChainProxy        : Securing GET /api/public/loupans/KjtcfZ4fS2w/presale-permits
2026-09-05T18:37:29.073+08:00 DEBUG 90233 --- [fang123-backend] [nio-8090-exec-2] o.s.security.web.FilterChainProxy        : Securing GET /api/public/loupans/KjtcfZ4fS2w/medias
2026-09-05T18:37:29.073+08:00 DEBUG 90233 --- [fang123-backend] [nio-8090-exec-7] o.s.security.web.FilterChainProxy        : Securing GET /api/public/loupans/KjtcfZ4fS2w/huxings
2026-09-05T18:37:29.074+08:00 DEBUG 90233 --- [fang123-backend] [nio-8090-exec-2] o.s.s.w.a.AnonymousAuthenticationFilter  : Set SecurityContextHolder to anonymous SecurityContext
2026-09-05T18:37:29.074+08:00 DEBUG 90233 --- [fang123-backend] [nio-8090-exec-7] o.s.s.w.a.AnonymousAuthenticationFilter  : Set SecurityContextHolder to anonymous SecurityContext
2026-09-05T18:37:29.074+08:00 DEBUG 90233 --- [fang123-backend] [io-8090-exec-10] o.s.s.w.a.AnonymousAuthenticationFilter  : Set SecurityContextHolder to anonymous SecurityContext
2026-09-05T18:37:29.074+08:00 DEBUG 90233 --- [fang123-backend] [nio-8090-exec-2] o.s.security.web.FilterChainProxy        : Secured GET /api/public/loupans/KjtcfZ4fS2w/medias
2026-09-05T18:37:29.074+08:00 DEBUG 90233 --- [fang123-backend] [nio-8090-exec-7] o.s.security.web.FilterChainProxy        : Secured GET /api/public/loupans/KjtcfZ4fS2w/huxings
2026-09-05T18:37:29.074+08:00 DEBUG 90233 --- [fang123-backend] [io-8090-exec-10] o.s.security.web.FilterChainProxy        : Secured GET /api/public/loupans/KjtcfZ4fS2w/presale-permits
2026-09-05T18:37:29.076+08:00 DEBUG 90233 --- [fang123-backend] [nio-8090-exec-2] c.f.mapper.LoupanMediaMapper.selectList  : ==>  Preparing: SELECT id,loupan_id,huxing_id,media_type,media_url,media_title,sort,deleted,create_time FROM loupan_media WHERE deleted=0 AND (loupan_id = ?) ORDER BY sort ASC
2026-09-05T18:37:29.076+08:00 DEBUG 90233 --- [fang123-backend] [io-8090-exec-10] c.f.m.L.selectList                       : ==>  Preparing: SELECT id,loupan_id,project_name,publicity_date,issue_date,develop_company,location,sale_address,sale_phone,online_sale_area,permit_no,permit_no_str,deleted,create_time,update_time FROM loupan_presale_permit WHERE deleted=0 AND (loupan_id = ?) ORDER BY issue_date DESC
2026-09-05T18:37:29.076+08:00 DEBUG 90233 --- [fang123-backend] [nio-8090-exec-7] c.f.m.LoupanHuxingMapper.selectList      : ==>  Preparing: SELECT id,loupan_id,huxing_name,area,inside_area,inside_area_with_gift,room_num,hall_num,toilet_num,balcony_num,orientation,floor_type,unit_price,total_price_start,total_price_end,is_show_house,tag,sort,huxing_image,standard_huxing_image,deleted,create_time,update_time FROM loupan_huxing WHERE deleted=0 AND (loupan_id = ?) ORDER BY sort ASC
2026-09-05T18:37:29.076+08:00 DEBUG 90233 --- [fang123-backend] [nio-8090-exec-2] c.f.mapper.LoupanMediaMapper.selectList  : ==> Parameters: 1(Long)
2026-09-05T18:37:29.076+08:00 DEBUG 90233 --- [fang123-backend] [io-8090-exec-10] c.f.m.L.selectList                       : ==> Parameters: 1(Long)
2026-09-05T18:37:29.076+08:00 DEBUG 90233 --- [fang123-backend] [nio-8090-exec-7] c.f.m.LoupanHuxingMapper.selectList      : ==> Parameters: 1(Long)
2026-09-05T18:37:29.078+08:00 DEBUG 90233 --- [fang123-backend] [nio-8090-exec-2] c.f.mapper.LoupanMediaMapper.selectList  : <==      Total: 4
2026-09-05T18:37:29.079+08:00 DEBUG 90233 --- [fang123-backend] [nio-8090-exec-7] c.f.m.LoupanHuxingMapper.selectList      : <==      Total: 5
2026-09-05T18:37:29.125+08:00 DEBUG 90233 --- [fang123-backend] [io-8090-exec-10] c.f.m.L.selectList                       : <==      Total: 2
2026-09-05T18:37:31.540+08:00 DEBUG 90233 --- [fang123-backend] [nio-8090-exec-8] o.s.security.web.FilterChainProxy        : Securing GET /api/public/loupans/KjtcfZ4fS2w/medias
2026-09-05T18:37:31.540+08:00 DEBUG 90233 --- [fang123-backend] [nio-8090-exec-5] o.s.security.web.FilterChainProxy        : Securing GET /api/public/loupans/KjtcfZ4fS2w
2026-09-05T18:37:31.541+08:00 DEBUG 90233 --- [fang123-backend] [nio-8090-exec-5] o.s.s.w.a.AnonymousAuthenticationFilter  : Set SecurityContextHolder to anonymous SecurityContext
2026-09-05T18:37:31.541+08:00 DEBUG 90233 --- [fang123-backend] [nio-8090-exec-5] o.s.security.web.FilterChainProxy        : Secured GET /api/public/loupans/KjtcfZ4fS2w
2026-09-05T18:37:31.542+08:00 DEBUG 90233 --- [fang123-backend] [nio-8090-exec-8] o.s.s.w.a.AnonymousAuthenticationFilter  : Set SecurityContextHolder to anonymous SecurityContext
2026-09-05T18:37:31.542+08:00 DEBUG 90233 --- [fang123-backend] [nio-8090-exec-8] o.s.security.web.FilterChainProxy        : Secured GET /api/public/loupans/KjtcfZ4fS2w/medias
2026-09-05T18:37:31.543+08:00 DEBUG 90233 --- [fang123-backend] [nio-8090-exec-5] c.f.mapper.LoupanMapper.selectById       : ==>  Preparing: SELECT id,land_id,land_no,cover_image,project_name,short_name,district,plate,avg_unit_price,avg_unit_price_yangfang,avg_unit_price_dieshu,avg_unit_price_paiwu,min_total_price,max_total_price,price_tag,sales_address,sales_status,sales_tel,project_address,show_house_desc,delivery_date,floor_height_min,floor_height_max,building_total,floor_min,floor_max,area_min,area_max,decorate_type,property_right_year,house_type,community_facility,people_car_separate,property_fee_high,property_fee_villa,property_company,park_total,park_sell_num,park_ratio,facade_material,self_hold_rate,build_area,land_area,house_total,plot_ratio,green_rate,project_company,brand_list,land_price,land_unit_price,land_buy_date,edu_support,traffic_support,medical_support,business_support,view_support,longitude,latitude,sort,deleted,create_time,update_time FROM loupan WHERE id=? AND deleted=0
2026-09-05T18:37:31.544+08:00 DEBUG 90233 --- [fang123-backend] [nio-8090-exec-5] c.f.mapper.LoupanMapper.selectById       : ==> Parameters: 1(Long)
2026-09-05T18:37:31.544+08:00 DEBUG 90233 --- [fang123-backend] [nio-8090-exec-8] c.f.mapper.LoupanMediaMapper.selectList  : ==>  Preparing: SELECT id,loupan_id,huxing_id,media_type,media_url,media_title,sort,deleted,create_time FROM loupan_media WHERE deleted=0 AND (loupan_id = ?) ORDER BY sort ASC
2026-09-05T18:37:31.544+08:00 DEBUG 90233 --- [fang123-backend] [nio-8090-exec-8] c.f.mapper.LoupanMediaMapper.selectList  : ==> Parameters: 1(Long)
2026-09-05T18:37:31.546+08:00 DEBUG 90233 --- [fang123-backend] [nio-8090-exec-8] c.f.mapper.LoupanMediaMapper.selectList  : <==      Total: 4
2026-09-05T18:37:31.546+08:00 DEBUG 90233 --- [fang123-backend] [nio-8090-exec-5] c.f.mapper.LoupanMapper.selectById       : <==      Total: 1
2026-09-05T18:37:34.120+08:00 DEBUG 90233 --- [fang123-backend] [nio-8090-exec-6] o.s.security.web.FilterChainProxy        : Securing GET /api/public/loupans/KjtcfZ4fS2w
2026-09-05T18:37:34.122+08:00 DEBUG 90233 --- [fang123-backend] [nio-8090-exec-6] o.s.s.w.a.AnonymousAuthenticationFilter  : Set SecurityContextHolder to anonymous SecurityContext
2026-09-05T18:37:34.122+08:00 DEBUG 90233 --- [fang123-backend] [nio-8090-exec-6] o.s.security.web.FilterChainProxy        : Secured GET /api/public/loupans/KjtcfZ4fS2w
2026-09-05T18:37:34.124+08:00 DEBUG 90233 --- [fang123-backend] [nio-8090-exec-6] c.f.mapper.LoupanMapper.selectById       : ==>  Preparing: SELECT id,land_id,land_no,cover_image,project_name,short_name,district,plate,avg_unit_price,avg_unit_price_yangfang,avg_unit_price_dieshu,avg_unit_price_paiwu,min_total_price,max_total_price,price_tag,sales_address,sales_status,sales_tel,project_address,show_house_desc,delivery_date,floor_height_min,floor_height_max,building_total,floor_min,floor_max,area_min,area_max,decorate_type,property_right_year,house_type,community_facility,people_car_separate,property_fee_high,property_fee_villa,property_company,park_total,park_sell_num,park_ratio,facade_material,self_hold_rate,build_area,land_area,house_total,plot_ratio,green_rate,project_company,brand_list,land_price,land_unit_price,land_buy_date,edu_support,traffic_support,medical_support,business_support,view_support,longitude,latitude,sort,deleted,create_time,update_time FROM loupan WHERE id=? AND deleted=0
2026-09-05T18:37:34.125+08:00 DEBUG 90233 --- [fang123-backend] [nio-8090-exec-6] c.f.mapper.LoupanMapper.selectById       : ==> Parameters: 1(Long)
2026-09-05T18:37:34.127+08:00 DEBUG 90233 --- [fang123-backend] [nio-8090-exec-6] c.f.mapper.LoupanMapper.selectById       : <==      Total: 1
2026-09-05T18:37:34.162+08:00 DEBUG 90233 --- [fang123-backend] [nio-8090-exec-9] o.s.security.web.FilterChainProxy        : Securing GET /api/public/loupans/KjtcfZ4fS2w/huxings
2026-09-05T18:37:34.163+08:00 DEBUG 90233 --- [fang123-backend] [nio-8090-exec-3] o.s.security.web.FilterChainProxy        : Securing GET /api/public/loupans/KjtcfZ4fS2w/presale-permits
2026-09-05T18:37:34.163+08:00 DEBUG 90233 --- [fang123-backend] [nio-8090-exec-1] o.s.security.web.FilterChainProxy        : Securing GET /api/public/loupans/KjtcfZ4fS2w/medias
2026-09-05T18:37:34.164+08:00 DEBUG 90233 --- [fang123-backend] [nio-8090-exec-9] o.s.s.w.a.AnonymousAuthenticationFilter  : Set SecurityContextHolder to anonymous SecurityContext
2026-09-05T18:37:34.164+08:00 DEBUG 90233 --- [fang123-backend] [nio-8090-exec-3] o.s.s.w.a.AnonymousAuthenticationFilter  : Set SecurityContextHolder to anonymous SecurityContext
2026-09-05T18:37:34.164+08:00 DEBUG 90233 --- [fang123-backend] [nio-8090-exec-9] o.s.security.web.FilterChainProxy        : Secured GET /api/public/loupans/KjtcfZ4fS2w/huxings
2026-09-05T18:37:34.165+08:00 DEBUG 90233 --- [fang123-backend] [nio-8090-exec-1] o.s.s.w.a.AnonymousAuthenticationFilter  : Set SecurityContextHolder to anonymous SecurityContext
2026-09-05T18:37:34.165+08:00 DEBUG 90233 --- [fang123-backend] [nio-8090-exec-1] o.s.security.web.FilterChainProxy        : Secured GET /api/public/loupans/KjtcfZ4fS2w/medias
2026-09-05T18:37:34.165+08:00 DEBUG 90233 --- [fang123-backend] [nio-8090-exec-3] o.s.security.web.FilterChainProxy        : Secured GET /api/public/loupans/KjtcfZ4fS2w/presale-permits
2026-09-05T18:37:34.170+08:00 DEBUG 90233 --- [fang123-backend] [nio-8090-exec-9] c.f.m.LoupanHuxingMapper.selectList      : ==>  Preparing: SELECT id,loupan_id,huxing_name,area,inside_area,inside_area_with_gift,room_num,hall_num,toilet_num,balcony_num,orientation,floor_type,unit_price,total_price_start,total_price_end,is_show_house,tag,sort,huxing_image,standard_huxing_image,deleted,create_time,update_time FROM loupan_huxing WHERE deleted=0 AND (loupan_id = ?) ORDER BY sort ASC
2026-09-05T18:37:34.170+08:00 DEBUG 90233 --- [fang123-backend] [nio-8090-exec-9] c.f.m.LoupanHuxingMapper.selectList      : ==> Parameters: 1(Long)
2026-09-05T18:37:34.170+08:00 DEBUG 90233 --- [fang123-backend] [nio-8090-exec-3] c.f.m.L.selectList                       : ==>  Preparing: SELECT id,loupan_id,project_name,publicity_date,issue_date,develop_company,location,sale_address,sale_phone,online_sale_area,permit_no,permit_no_str,deleted,create_time,update_time FROM loupan_presale_permit WHERE deleted=0 AND (loupan_id = ?) ORDER BY issue_date DESC
2026-09-05T18:37:34.170+08:00 DEBUG 90233 --- [fang123-backend] [nio-8090-exec-1] c.f.mapper.LoupanMediaMapper.selectList  : ==>  Preparing: SELECT id,loupan_id,huxing_id,media_type,media_url,media_title,sort,deleted,create_time FROM loupan_media WHERE deleted=0 AND (loupan_id = ?) ORDER BY sort ASC
2026-09-05T18:37:34.171+08:00 DEBUG 90233 --- [fang123-backend] [nio-8090-exec-3] c.f.m.L.selectList                       : ==> Parameters: 1(Long)
2026-09-05T18:37:34.171+08:00 DEBUG 90233 --- [fang123-backend] [nio-8090-exec-1] c.f.mapper.LoupanMediaMapper.selectList  : ==> Parameters: 1(Long)
2026-09-05T18:37:34.171+08:00 DEBUG 90233 --- [fang123-backend] [nio-8090-exec-1] c.f.mapper.LoupanMediaMapper.selectList  : <==      Total: 4
2026-09-05T18:37:34.171+08:00 DEBUG 90233 --- [fang123-backend] [nio-8090-exec-9] c.f.m.LoupanHuxingMapper.selectList      : <==      Total: 5
2026-09-05T18:37:34.202+08:00 DEBUG 90233 --- [fang123-backend] [nio-8090-exec-3] c.f.m.L.selectList                       : <==      Total: 2
2026-09-05T18:40:15.954+08:00 DEBUG 90233 --- [fang123-backend] [nio-8090-exec-4] o.s.security.web.FilterChainProxy        : Securing GET /api/admin/medias?page=1&size=10
2026-09-05T18:40:15.961+08:00 DEBUG 90233 --- [fang123-backend] [nio-8090-exec-4] o.s.security.web.FilterChainProxy        : Secured GET /api/admin/medias?page=1&size=10
2026-09-05T18:40:15.986+08:00 DEBUG 90233 --- [fang123-backend] [nio-8090-exec-4] c.f.m.L.selectList_mpCount               : ==>  Preparing: SELECT COUNT(*) AS total FROM loupan_media WHERE deleted = 0
2026-09-05T18:40:15.986+08:00 DEBUG 90233 --- [fang123-backend] [nio-8090-exec-4] c.f.m.L.selectList_mpCount               : ==> Parameters: 
2026-09-05T18:40:16.027+08:00 DEBUG 90233 --- [fang123-backend] [nio-8090-exec-4] c.f.m.L.selectList_mpCount               : <==      Total: 1
2026-09-05T18:40:16.028+08:00 DEBUG 90233 --- [fang123-backend] [nio-8090-exec-4] c.f.mapper.LoupanMediaMapper.selectList  : ==>  Preparing: SELECT id,loupan_id,huxing_id,media_type,media_url,media_title,sort,deleted,create_time FROM loupan_media WHERE deleted=0 ORDER BY id DESC LIMIT ?
2026-09-05T18:40:16.028+08:00 DEBUG 90233 --- [fang123-backend] [nio-8090-exec-4] c.f.mapper.LoupanMediaMapper.selectList  : ==> Parameters: 10(Long)
2026-09-05T18:40:16.031+08:00 DEBUG 90233 --- [fang123-backend] [nio-8090-exec-4] c.f.mapper.LoupanMediaMapper.selectList  : <==      Total: 10
2026-09-05T18:40:30.455+08:00 DEBUG 90233 --- [fang123-backend] [nio-8090-exec-7] o.s.security.web.FilterChainProxy        : Securing GET /api/public/loupan-filters
2026-09-05T18:40:30.455+08:00 DEBUG 90233 --- [fang123-backend] [nio-8090-exec-2] o.s.security.web.FilterChainProxy        : Securing GET /api/public/loupans?page=1&size=12&salesStatus=1
2026-09-05T18:40:30.461+08:00 DEBUG 90233 --- [fang123-backend] [nio-8090-exec-2] o.s.s.w.a.AnonymousAuthenticationFilter  : Set SecurityContextHolder to anonymous SecurityContext
2026-09-05T18:40:30.461+08:00 DEBUG 90233 --- [fang123-backend] [nio-8090-exec-7] o.s.s.w.a.AnonymousAuthenticationFilter  : Set SecurityContextHolder to anonymous SecurityContext
2026-09-05T18:40:30.461+08:00 DEBUG 90233 --- [fang123-backend] [nio-8090-exec-2] o.s.security.web.FilterChainProxy        : Secured GET /api/public/loupans?page=1&size=12&salesStatus=1
2026-09-05T18:40:30.461+08:00 DEBUG 90233 --- [fang123-backend] [nio-8090-exec-7] o.s.security.web.FilterChainProxy        : Secured GET /api/public/loupan-filters
2026-09-05T18:40:30.476+08:00 DEBUG 90233 --- [fang123-backend] [nio-8090-exec-7] c.f.mapper.LoupanMapper.selectList       : ==>  Preparing: SELECT id,land_id,land_no,cover_image,project_name,short_name,district,plate,avg_unit_price,avg_unit_price_yangfang,avg_unit_price_dieshu,avg_unit_price_paiwu,min_total_price,max_total_price,price_tag,sales_address,sales_status,sales_tel,project_address,show_house_desc,delivery_date,floor_height_min,floor_height_max,building_total,floor_min,floor_max,area_min,area_max,decorate_type,property_right_year,house_type,community_facility,people_car_separate,property_fee_high,property_fee_villa,property_company,park_total,park_sell_num,park_ratio,facade_material,self_hold_rate,build_area,land_area,house_total,plot_ratio,green_rate,project_company,brand_list,land_price,land_unit_price,land_buy_date,edu_support,traffic_support,medical_support,business_support,view_support,longitude,latitude,sort,deleted,create_time,update_time FROM loupan WHERE deleted=0
2026-09-05T18:40:30.477+08:00 DEBUG 90233 --- [fang123-backend] [nio-8090-exec-7] c.f.mapper.LoupanMapper.selectList       : ==> Parameters: 
2026-09-05T18:40:30.480+08:00 DEBUG 90233 --- [fang123-backend] [nio-8090-exec-2] c.f.m.LoupanMapper.selectList_mpCount    : ==>  Preparing: SELECT COUNT(*) AS total FROM loupan WHERE deleted = 0 AND (sales_status IN (?))
2026-09-05T18:40:30.480+08:00 DEBUG 90233 --- [fang123-backend] [nio-8090-exec-2] c.f.m.LoupanMapper.selectList_mpCount    : ==> Parameters: 1(Integer)
2026-09-05T18:40:30.481+08:00 DEBUG 90233 --- [fang123-backend] [nio-8090-exec-2] c.f.m.LoupanMapper.selectList_mpCount    : <==      Total: 1
2026-09-05T18:40:30.483+08:00 DEBUG 90233 --- [fang123-backend] [nio-8090-exec-7] c.f.mapper.LoupanMapper.selectList       : <==      Total: 3
2026-09-05T18:40:32.957+08:00 DEBUG 90233 --- [fang123-backend] [nio-8090-exec-8] o.s.security.web.FilterChainProxy        : Securing GET /api/public/loupan-filters
2026-09-05T18:40:32.957+08:00 DEBUG 90233 --- [fang123-backend] [io-8090-exec-10] o.s.security.web.FilterChainProxy        : Securing GET /api/public/loupans?page=1&size=10&salesStatus=2,3
2026-09-05T18:40:32.958+08:00 DEBUG 90233 --- [fang123-backend] [io-8090-exec-10] o.s.s.w.a.AnonymousAuthenticationFilter  : Set SecurityContextHolder to anonymous SecurityContext
2026-09-05T18:40:32.958+08:00 DEBUG 90233 --- [fang123-backend] [nio-8090-exec-8] o.s.s.w.a.AnonymousAuthenticationFilter  : Set SecurityContextHolder to anonymous SecurityContext
2026-09-05T18:40:32.958+08:00 DEBUG 90233 --- [fang123-backend] [nio-8090-exec-8] o.s.security.web.FilterChainProxy        : Secured GET /api/public/loupan-filters
2026-09-05T18:40:32.959+08:00 DEBUG 90233 --- [fang123-backend] [io-8090-exec-10] o.s.security.web.FilterChainProxy        : Secured GET /api/public/loupans?page=1&size=10&salesStatus=2,3
2026-09-05T18:40:32.960+08:00 DEBUG 90233 --- [fang123-backend] [nio-8090-exec-8] c.f.mapper.LoupanMapper.selectList       : ==>  Preparing: SELECT id,land_id,land_no,cover_image,project_name,short_name,district,plate,avg_unit_price,avg_unit_price_yangfang,avg_unit_price_dieshu,avg_unit_price_paiwu,min_total_price,max_total_price,price_tag,sales_address,sales_status,sales_tel,project_address,show_house_desc,delivery_date,floor_height_min,floor_height_max,building_total,floor_min,floor_max,area_min,area_max,decorate_type,property_right_year,house_type,community_facility,people_car_separate,property_fee_high,property_fee_villa,property_company,park_total,park_sell_num,park_ratio,facade_material,self_hold_rate,build_area,land_area,house_total,plot_ratio,green_rate,project_company,brand_list,land_price,land_unit_price,land_buy_date,edu_support,traffic_support,medical_support,business_support,view_support,longitude,latitude,sort,deleted,create_time,update_time FROM loupan WHERE deleted=0
2026-09-05T18:40:32.960+08:00 DEBUG 90233 --- [fang123-backend] [nio-8090-exec-8] c.f.mapper.LoupanMapper.selectList       : ==> Parameters: 
2026-09-05T18:40:32.965+08:00 DEBUG 90233 --- [fang123-backend] [nio-8090-exec-8] c.f.mapper.LoupanMapper.selectList       : <==      Total: 3
2026-09-05T18:40:32.967+08:00 DEBUG 90233 --- [fang123-backend] [io-8090-exec-10] c.f.m.LoupanMapper.selectList_mpCount    : ==>  Preparing: SELECT COUNT(*) AS total FROM loupan WHERE deleted = 0 AND (sales_status IN (?, ?))
2026-09-05T18:40:32.967+08:00 DEBUG 90233 --- [fang123-backend] [io-8090-exec-10] c.f.m.LoupanMapper.selectList_mpCount    : ==> Parameters: 2(Integer), 3(Integer)
2026-09-05T18:40:32.973+08:00 DEBUG 90233 --- [fang123-backend] [io-8090-exec-10] c.f.m.LoupanMapper.selectList_mpCount    : <==      Total: 1
2026-09-05T18:40:32.973+08:00 DEBUG 90233 --- [fang123-backend] [io-8090-exec-10] c.f.mapper.LoupanMapper.selectList       : ==>  Preparing: SELECT id,land_id,land_no,cover_image,project_name,short_name,district,plate,avg_unit_price,avg_unit_price_yangfang,avg_unit_price_dieshu,avg_unit_price_paiwu,min_total_price,max_total_price,price_tag,sales_address,sales_status,sales_tel,project_address,show_house_desc,delivery_date,floor_height_min,floor_height_max,building_total,floor_min,floor_max,area_min,area_max,decorate_type,property_right_year,house_type,community_facility,people_car_separate,property_fee_high,property_fee_villa,property_company,park_total,park_sell_num,park_ratio,facade_material,self_hold_rate,build_area,land_area,house_total,plot_ratio,green_rate,project_company,brand_list,land_price,land_unit_price,land_buy_date,edu_support,traffic_support,medical_support,business_support,view_support,longitude,latitude,sort,deleted,create_time,update_time FROM loupan WHERE deleted=0 AND (sales_status IN (?,?)) ORDER BY sort DESC,create_time DESC LIMIT ?
2026-09-05T18:40:32.973+08:00 DEBUG 90233 --- [fang123-backend] [io-8090-exec-10] c.f.mapper.LoupanMapper.selectList       : ==> Parameters: 2(Integer), 3(Integer), 10(Long)
2026-09-05T18:40:32.976+08:00 DEBUG 90233 --- [fang123-backend] [io-8090-exec-10] c.f.mapper.LoupanMapper.selectList       : <==      Total: 2
2026-09-05T18:40:32.981+08:00 DEBUG 90233 --- [fang123-backend] [nio-8090-exec-5] o.s.security.web.FilterChainProxy        : Securing GET /api/public/loupans/huxings/batch?loupanIds=2,1
2026-09-05T18:40:32.983+08:00 DEBUG 90233 --- [fang123-backend] [nio-8090-exec-5] o.s.s.w.a.AnonymousAuthenticationFilter  : Set SecurityContextHolder to anonymous SecurityContext
2026-09-05T18:40:32.983+08:00 DEBUG 90233 --- [fang123-backend] [nio-8090-exec-5] o.s.security.web.FilterChainProxy        : Secured GET /api/public/loupans/huxings/batch?loupanIds=2,1
2026-09-05T18:40:32.984+08:00 DEBUG 90233 --- [fang123-backend] [nio-8090-exec-5] c.f.m.LoupanHuxingMapper.selectList      : ==>  Preparing: SELECT id,loupan_id,huxing_name,area,inside_area,inside_area_with_gift,room_num,hall_num,toilet_num,balcony_num,orientation,floor_type,unit_price,total_price_start,total_price_end,is_show_house,tag,sort,huxing_image,standard_huxing_image,deleted,create_time,update_time FROM loupan_huxing WHERE deleted=0 AND (loupan_id = ?) ORDER BY area DESC
2026-09-05T18:40:32.984+08:00 DEBUG 90233 --- [fang123-backend] [nio-8090-exec-5] c.f.m.LoupanHuxingMapper.selectList      : ==> Parameters: 2(Long)
2026-09-05T18:40:32.988+08:00 DEBUG 90233 --- [fang123-backend] [nio-8090-exec-5] c.f.m.LoupanHuxingMapper.selectList      : <==      Total: 0
2026-09-05T18:40:32.989+08:00 DEBUG 90233 --- [fang123-backend] [nio-8090-exec-5] c.f.m.LoupanHuxingMapper.selectList      : ==>  Preparing: SELECT id,loupan_id,huxing_name,area,inside_area,inside_area_with_gift,room_num,hall_num,toilet_num,balcony_num,orientation,floor_type,unit_price,total_price_start,total_price_end,is_show_house,tag,sort,huxing_image,standard_huxing_image,deleted,create_time,update_time FROM loupan_huxing WHERE deleted=0 AND (loupan_id = ?) ORDER BY area DESC
2026-09-05T18:40:32.989+08:00 DEBUG 90233 --- [fang123-backend] [nio-8090-exec-5] c.f.m.LoupanHuxingMapper.selectList      : ==> Parameters: 1(Long)
2026-09-05T18:40:32.990+08:00 DEBUG 90233 --- [fang123-backend] [nio-8090-exec-5] c.f.m.LoupanHuxingMapper.selectList      : <==      Total: 5
2026-09-05T18:40:33.841+08:00 DEBUG 90233 --- [fang123-backend] [nio-8090-exec-6] o.s.security.web.FilterChainProxy        : Securing GET /api/public/loupans?page=1&size=200&salesStatus=0,1&light=true
2026-09-05T18:40:33.843+08:00 DEBUG 90233 --- [fang123-backend] [nio-8090-exec-6] o.s.s.w.a.AnonymousAuthenticationFilter  : Set SecurityContextHolder to anonymous SecurityContext
2026-09-05T18:40:33.843+08:00 DEBUG 90233 --- [fang123-backend] [nio-8090-exec-6] o.s.security.web.FilterChainProxy        : Secured GET /api/public/loupans?page=1&size=200&salesStatus=0,1&light=true
2026-09-05T18:40:33.897+08:00 DEBUG 90233 --- [fang123-backend] [nio-8090-exec-6] c.f.m.LoupanMapper.selectList_mpCount    : ==>  Preparing: SELECT COUNT(*) AS total FROM loupan WHERE deleted = 0 AND (sales_status IN (?, ?))
2026-09-05T18:40:33.897+08:00 DEBUG 90233 --- [fang123-backend] [nio-8090-exec-6] c.f.m.LoupanMapper.selectList_mpCount    : ==> Parameters: 0(Integer), 1(Integer)
2026-09-05T18:40:33.898+08:00 DEBUG 90233 --- [fang123-backend] [nio-8090-exec-6] c.f.m.LoupanMapper.selectList_mpCount    : <==      Total: 1
2026-09-05T18:40:33.898+08:00 DEBUG 90233 --- [fang123-backend] [nio-8090-exec-6] c.f.mapper.LoupanMapper.selectList       : ==>  Preparing: SELECT id,project_name,cover_image,longitude,latitude,district,plate,house_type,decorate_type,avg_unit_price,area_min,area_max,sales_status,min_total_price,max_total_price FROM loupan WHERE deleted=0 AND (sales_status IN (?,?)) ORDER BY sort DESC,create_time DESC LIMIT ?
2026-09-05T18:40:33.898+08:00 DEBUG 90233 --- [fang123-backend] [nio-8090-exec-6] c.f.mapper.LoupanMapper.selectList       : ==> Parameters: 0(Integer), 1(Integer), 200(Long)
2026-09-05T18:40:33.899+08:00 DEBUG 90233 --- [fang123-backend] [nio-8090-exec-6] c.f.mapper.LoupanMapper.selectList       : <==      Total: 1
2026-09-05T18:40:36.528+08:00 DEBUG 90233 --- [fang123-backend] [nio-8090-exec-1] o.s.security.web.FilterChainProxy        : Securing GET /api/public/tupai-lands
2026-09-05T18:40:36.529+08:00 DEBUG 90233 --- [fang123-backend] [nio-8090-exec-1] o.s.s.w.a.AnonymousAuthenticationFilter  : Set SecurityContextHolder to anonymous SecurityContext
2026-09-05T18:40:36.529+08:00 DEBUG 90233 --- [fang123-backend] [nio-8090-exec-1] o.s.security.web.FilterChainProxy        : Secured GET /api/public/tupai-lands
2026-09-05T18:40:36.547+08:00 DEBUG 90233 --- [fang123-backend] [nio-8090-exec-1] c.f.m.LoupanTupaiLandMapper.selectList   : ==>  Preparing: SELECT id,loupan_id,land_name,land_no,district,plate,land_scope,land_status,winner_company,land_use_type,land_year,land_area,build_area_limit,plot_ratio,start_price,deal_price,floor_unit_price,premium_rate,deal_date,longitude,latitude,resource_id,location_image,sort,deleted,create_time,update_time FROM loupan_tupai_land WHERE deleted=0 ORDER BY deal_date DESC,sort DESC
2026-09-05T18:40:36.548+08:00 DEBUG 90233 --- [fang123-backend] [nio-8090-exec-1] c.f.m.LoupanTupaiLandMapper.selectList   : ==> Parameters: 
2026-09-05T18:40:36.634+08:00 DEBUG 90233 --- [fang123-backend] [nio-8090-exec-1] c.f.m.LoupanTupaiLandMapper.selectList   : <==      Total: 1103
2026-09-05T18:40:38.769+08:00 DEBUG 90233 --- [fang123-backend] [nio-8090-exec-9] o.s.security.web.FilterChainProxy        : Securing GET /api/public/schools/light
2026-09-05T18:40:38.769+08:00 DEBUG 90233 --- [fang123-backend] [nio-8090-exec-3] o.s.security.web.FilterChainProxy        : Securing GET /api/public/schools/light?schoolType=%E5%B0%8F%E5%AD%A6,%E4%B9%9D%E5%B9%B4%E4%B8%80%E8%B4%AF%E5%88%B6
2026-09-05T18:40:38.774+08:00 DEBUG 90233 --- [fang123-backend] [nio-8090-exec-3] o.s.s.w.a.AnonymousAuthenticationFilter  : Set SecurityContextHolder to anonymous SecurityContext
2026-09-05T18:40:38.774+08:00 DEBUG 90233 --- [fang123-backend] [nio-8090-exec-9] o.s.s.w.a.AnonymousAuthenticationFilter  : Set SecurityContextHolder to anonymous SecurityContext
2026-09-05T18:40:38.774+08:00 DEBUG 90233 --- [fang123-backend] [nio-8090-exec-9] o.s.security.web.FilterChainProxy        : Secured GET /api/public/schools/light
2026-09-05T18:40:38.774+08:00 DEBUG 90233 --- [fang123-backend] [nio-8090-exec-3] o.s.security.web.FilterChainProxy        : Secured GET /api/public/schools/light?schoolType=%E5%B0%8F%E5%AD%A6,%E4%B9%9D%E5%B9%B4%E4%B8%80%E8%B4%AF%E5%88%B6
2026-09-05T18:40:38.799+08:00 DEBUG 90233 --- [fang123-backend] [nio-8090-exec-3] c.f.mapper.SchoolMapper.selectList       : ==>  Preparing: SELECT campus_code,school_org_name,campus_name,school_type,tier,longitude,latitude,edu_admin_department FROM school WHERE (school_type IN (?,?)) ORDER BY school_type ASC,campus_code ASC
2026-09-05T18:40:38.799+08:00 DEBUG 90233 --- [fang123-backend] [nio-8090-exec-9] c.f.mapper.SchoolMapper.selectList       : ==>  Preparing: SELECT campus_code,school_org_name,campus_name,school_type,tier,longitude,latitude,edu_admin_department FROM school ORDER BY school_type ASC,campus_code ASC
2026-09-05T18:40:38.799+08:00 DEBUG 90233 --- [fang123-backend] [nio-8090-exec-9] c.f.mapper.SchoolMapper.selectList       : ==> Parameters: 
2026-09-05T18:40:38.800+08:00 DEBUG 90233 --- [fang123-backend] [nio-8090-exec-3] c.f.mapper.SchoolMapper.selectList       : ==> Parameters: 小学(String), 九年一贯制(String)
2026-09-05T18:40:38.838+08:00 DEBUG 90233 --- [fang123-backend] [nio-8090-exec-3] c.f.mapper.SchoolMapper.selectList       : <==      Total: 543
2026-09-05T18:40:38.839+08:00 DEBUG 90233 --- [fang123-backend] [nio-8090-exec-9] c.f.mapper.SchoolMapper.selectList       : <==      Total: 750
2026-09-05T18:40:38.997+08:00 DEBUG 90233 --- [fang123-backend] [nio-8090-exec-4] o.s.security.web.FilterChainProxy        : Securing GET /api/user/customers?page=1&size=10
2026-09-05T18:40:38.998+08:00 DEBUG 90233 --- [fang123-backend] [nio-8090-exec-4] o.s.s.w.a.AnonymousAuthenticationFilter  : Set SecurityContextHolder to anonymous SecurityContext
2026-09-05T18:40:39.841+08:00 DEBUG 90233 --- [fang123-backend] [nio-8090-exec-2] o.s.security.web.FilterChainProxy        : Securing GET /api/user/tasks?page=1&size=10
2026-09-05T18:40:39.841+08:00 DEBUG 90233 --- [fang123-backend] [nio-8090-exec-7] o.s.security.web.FilterChainProxy        : Securing GET /api/user/tasks/orders?page=1&size=100
2026-09-05T18:40:39.842+08:00 DEBUG 90233 --- [fang123-backend] [nio-8090-exec-7] o.s.s.w.a.AnonymousAuthenticationFilter  : Set SecurityContextHolder to anonymous SecurityContext
2026-09-05T18:40:39.842+08:00 DEBUG 90233 --- [fang123-backend] [nio-8090-exec-2] o.s.s.w.a.AnonymousAuthenticationFilter  : Set SecurityContextHolder to anonymous SecurityContext
2026-09-05T18:40:39.842+08:00 DEBUG 90233 --- [fang123-backend] [nio-8090-exec-2] o.s.security.web.FilterChainProxy        : Secured GET /api/user/tasks?page=1&size=10
2026-09-05T18:40:39.851+08:00 DEBUG 90233 --- [fang123-backend] [nio-8090-exec-2] c.f.mapper.TaskInfoMapper.selectList     : ==>  Preparing: SELECT id,task_title,task_cover,task_intro,keyword,task_content,reward_amount,gift,total_num,hour_limits,expire_minute,sort,status,deleted,create_time,update_time FROM task_info WHERE deleted=0 AND (status = ?) ORDER BY sort DESC
2026-09-05T18:40:39.851+08:00 DEBUG 90233 --- [fang123-backend] [nio-8090-exec-2] c.f.mapper.TaskInfoMapper.selectList     : ==> Parameters: 1(Integer)
2026-09-05T18:40:39.857+08:00 DEBUG 90233 --- [fang123-backend] [nio-8090-exec-2] c.f.mapper.TaskInfoMapper.selectList     : <==      Total: 0
2026-09-05T18:40:40.648+08:00 DEBUG 90233 --- [fang123-backend] [nio-8090-exec-8] o.s.security.web.FilterChainProxy        : Securing GET /api/user/tasks/orders?page=1&size=10
2026-09-05T18:40:40.649+08:00 DEBUG 90233 --- [fang123-backend] [nio-8090-exec-8] o.s.s.w.a.AnonymousAuthenticationFilter  : Set SecurityContextHolder to anonymous SecurityContext
2026-09-05T18:40:41.532+08:00 DEBUG 90233 --- [fang123-backend] [io-8090-exec-10] o.s.security.web.FilterChainProxy        : Securing GET /api/user/member/packages
2026-09-05T18:40:41.532+08:00 DEBUG 90233 --- [fang123-backend] [io-8090-exec-10] o.s.s.w.a.AnonymousAuthenticationFilter  : Set SecurityContextHolder to anonymous SecurityContext
2026-09-05T18:40:41.533+08:00 DEBUG 90233 --- [fang123-backend] [io-8090-exec-10] o.s.security.web.FilterChainProxy        : Secured GET /api/user/member/packages
2026-09-05T18:40:41.542+08:00 DEBUG 90233 --- [fang123-backend] [io-8090-exec-10] c.f.m.MemberPackageMapper.selectList     : ==>  Preparing: SELECT id,package_name,price,day_num,give_point,sort,status,deleted,create_time,update_time FROM member_package WHERE deleted=0 AND (status = ?) ORDER BY sort ASC
2026-09-05T18:40:41.542+08:00 DEBUG 90233 --- [fang123-backend] [io-8090-exec-10] c.f.m.MemberPackageMapper.selectList     : ==> Parameters: 1(Integer)
2026-09-05T18:40:41.621+08:00 DEBUG 90233 --- [fang123-backend] [io-8090-exec-10] c.f.m.MemberPackageMapper.selectList     : <==      Total: 0
2026-09-05T18:40:41.628+08:00 DEBUG 90233 --- [fang123-backend] [nio-8090-exec-5] o.s.security.web.FilterChainProxy        : Securing GET /api/user/member/info
2026-09-05T18:40:41.629+08:00 DEBUG 90233 --- [fang123-backend] [nio-8090-exec-5] o.s.s.w.a.AnonymousAuthenticationFilter  : Set SecurityContextHolder to anonymous SecurityContext
2026-09-05T18:40:43.102+08:00 DEBUG 90233 --- [fang123-backend] [nio-8090-exec-1] o.s.security.web.FilterChainProxy        : Securing GET /api/public/loupan-filters
2026-09-05T18:40:43.102+08:00 DEBUG 90233 --- [fang123-backend] [nio-8090-exec-6] o.s.security.web.FilterChainProxy        : Securing GET /api/public/loupans?page=1&size=12&salesStatus=1
2026-09-05T18:40:43.103+08:00 DEBUG 90233 --- [fang123-backend] [nio-8090-exec-1] o.s.s.w.a.AnonymousAuthenticationFilter  : Set SecurityContextHolder to anonymous SecurityContext
2026-09-05T18:40:43.104+08:00 DEBUG 90233 --- [fang123-backend] [nio-8090-exec-6] o.s.s.w.a.AnonymousAuthenticationFilter  : Set SecurityContextHolder to anonymous SecurityContext
2026-09-05T18:40:43.104+08:00 DEBUG 90233 --- [fang123-backend] [nio-8090-exec-1] o.s.security.web.FilterChainProxy        : Secured GET /api/public/loupan-filters
2026-09-05T18:40:43.104+08:00 DEBUG 90233 --- [fang123-backend] [nio-8090-exec-6] o.s.security.web.FilterChainProxy        : Secured GET /api/public/loupans?page=1&size=12&salesStatus=1
2026-09-05T18:40:43.105+08:00 DEBUG 90233 --- [fang123-backend] [nio-8090-exec-1] c.f.mapper.LoupanMapper.selectList       : ==>  Preparing: SELECT id,land_id,land_no,cover_image,project_name,short_name,district,plate,avg_unit_price,avg_unit_price_yangfang,avg_unit_price_dieshu,avg_unit_price_paiwu,min_total_price,max_total_price,price_tag,sales_address,sales_status,sales_tel,project_address,show_house_desc,delivery_date,floor_height_min,floor_height_max,building_total,floor_min,floor_max,area_min,area_max,decorate_type,property_right_year,house_type,community_facility,people_car_separate,property_fee_high,property_fee_villa,property_company,park_total,park_sell_num,park_ratio,facade_material,self_hold_rate,build_area,land_area,house_total,plot_ratio,green_rate,project_company,brand_list,land_price,land_unit_price,land_buy_date,edu_support,traffic_support,medical_support,business_support,view_support,longitude,latitude,sort,deleted,create_time,update_time FROM loupan WHERE deleted=0
2026-09-05T18:40:43.105+08:00 DEBUG 90233 --- [fang123-backend] [nio-8090-exec-1] c.f.mapper.LoupanMapper.selectList       : ==> Parameters: 
2026-09-05T18:40:43.108+08:00 DEBUG 90233 --- [fang123-backend] [nio-8090-exec-1] c.f.mapper.LoupanMapper.selectList       : <==      Total: 3
2026-09-05T18:40:43.112+08:00 DEBUG 90233 --- [fang123-backend] [nio-8090-exec-6] c.f.m.LoupanMapper.selectList_mpCount    : ==>  Preparing: SELECT COUNT(*) AS total FROM loupan WHERE deleted = 0 AND (sales_status IN (?))
2026-09-05T18:40:43.112+08:00 DEBUG 90233 --- [fang123-backend] [nio-8090-exec-6] c.f.m.LoupanMapper.selectList_mpCount    : ==> Parameters: 1(Integer)
2026-09-05T18:40:43.113+08:00 DEBUG 90233 --- [fang123-backend] [nio-8090-exec-6] c.f.m.LoupanMapper.selectList_mpCount    : <==      Total: 1
2026-09-05T19:06:10.140+08:00  WARN 90233 --- [fang123-backend] [l-1 housekeeper] com.zaxxer.hikari.pool.HikariPool        : HikariPool-1 - Thread starvation or clock leap detected (housekeeper delta=4m31s385ms).
2026-09-05T20:26:44.768+08:00  WARN 90233 --- [fang123-backend] [l-1 housekeeper] com.zaxxer.hikari.pool.HikariPool        : HikariPool-1 - Thread starvation or clock leap detected (housekeeper delta=1h20m4s589ms).
2026-09-05T21:03:14.200+08:00  WARN 90233 --- [fang123-backend] [l-1 housekeeper] com.zaxxer.hikari.pool.HikariPool        : HikariPool-1 - Thread starvation or clock leap detected (housekeeper delta=36m29s432ms).
2026-09-05T22:04:02.928+08:00  WARN 90233 --- [fang123-backend] [l-1 housekeeper] com.zaxxer.hikari.pool.HikariPool        : HikariPool-1 - Thread starvation or clock leap detected (housekeeper delta=1h48s728ms).
2026-09-05T23:05:03.849+08:00  WARN 90233 --- [fang123-backend] [l-1 housekeeper] com.zaxxer.hikari.pool.HikariPool        : HikariPool-1 - Thread starvation or clock leap detected (housekeeper delta=1h1m920ms).
2026-09-05T23:09:00.999+08:00  WARN 90233 --- [fang123-backend] [l-1 housekeeper] com.zaxxer.hikari.pool.HikariPool        : HikariPool-1 - Thread starvation or clock leap detected (housekeeper delta=3m57s150ms).
2026-09-05T23:24:55.905+08:00  WARN 90233 --- [fang123-backend] [l-1 housekeeper] com.zaxxer.hikari.pool.HikariPool        : HikariPool-1 - Thread starvation or clock leap detected (housekeeper delta=15m54s907ms).
2026-09-05T23:35:50.839+08:00  WARN 90233 --- [fang123-backend] [l-1 housekeeper] com.zaxxer.hikari.pool.HikariPool        : HikariPool-1 - Thread starvation or clock leap detected (housekeeper delta=54s777ms).
2026-09-05T23:45:04.660+08:00  WARN 90233 --- [fang123-backend] [l-1 housekeeper] com.zaxxer.hikari.pool.HikariPool        : HikariPool-1 - Thread starvation or clock leap detected (housekeeper delta=5m43s760ms).
2026-09-06T00:31:24.717+08:00  WARN 90233 --- [fang123-backend] [l-1 housekeeper] com.zaxxer.hikari.pool.HikariPool        : HikariPool-1 - Thread starvation or clock leap detected (housekeeper delta=10m19s718ms).
2026-09-06T00:47:49.631+08:00  WARN 90233 --- [fang123-backend] [l-1 housekeeper] com.zaxxer.hikari.pool.HikariPool        : HikariPool-1 - Thread starvation or clock leap detected (housekeeper delta=15m54s886ms).
2026-09-06T01:04:14.608+08:00  WARN 90233 --- [fang123-backend] [l-1 housekeeper] com.zaxxer.hikari.pool.HikariPool        : HikariPool-1 - Thread starvation or clock leap detected (housekeeper delta=15m54s954ms).
2026-09-06T01:20:39.541+08:00  WARN 90233 --- [fang123-backend] [l-1 housekeeper] com.zaxxer.hikari.pool.HikariPool        : HikariPool-1 - Thread starvation or clock leap detected (housekeeper delta=15m54s923ms).
2026-09-06T01:36:56.924+08:00  WARN 90233 --- [fang123-backend] [l-1 housekeeper] com.zaxxer.hikari.pool.HikariPool        : HikariPool-1 - Thread starvation or clock leap detected (housekeeper delta=16m17s384ms).
2026-09-06T01:54:01.205+08:00  WARN 90233 --- [fang123-backend] [l-1 housekeeper] com.zaxxer.hikari.pool.HikariPool        : HikariPool-1 - Thread starvation or clock leap detected (housekeeper delta=16m34s261ms).
2026-09-06T02:11:38.351+08:00  WARN 90233 --- [fang123-backend] [l-1 housekeeper] com.zaxxer.hikari.pool.HikariPool        : HikariPool-1 - Thread starvation or clock leap detected (housekeeper delta=17m7s160ms).
2026-09-06T02:22:18.536+08:00  WARN 90233 --- [fang123-backend] [l-1 housekeeper] com.zaxxer.hikari.pool.HikariPool        : HikariPool-1 - Thread starvation or clock leap detected (housekeeper delta=10m40s187ms).
2026-09-06T02:39:58.801+08:00  WARN 90233 --- [fang123-backend] [l-1 housekeeper] com.zaxxer.hikari.pool.HikariPool        : HikariPool-1 - Thread starvation or clock leap detected (housekeeper delta=17m10s254ms).
2026-09-06T02:55:56.764+08:00  WARN 90233 --- [fang123-backend] [l-1 housekeeper] com.zaxxer.hikari.pool.HikariPool        : HikariPool-1 - Thread starvation or clock leap detected (housekeeper delta=15m27s955ms).
2026-09-06T03:11:55.011+08:00  WARN 90233 --- [fang123-backend] [l-1 housekeeper] com.zaxxer.hikari.pool.HikariPool        : HikariPool-1 - Thread starvation or clock leap detected (housekeeper delta=15m28s260ms).
2026-09-06T03:27:22.943+08:00  WARN 90233 --- [fang123-backend] [l-1 housekeeper] com.zaxxer.hikari.pool.HikariPool        : HikariPool-1 - Thread starvation or clock leap detected (housekeeper delta=15m27s931ms).
2026-09-06T03:43:20.386+08:00  WARN 90233 --- [fang123-backend] [l-1 housekeeper] com.zaxxer.hikari.pool.HikariPool        : HikariPool-1 - Thread starvation or clock leap detected (housekeeper delta=15m27s417ms).
2026-09-06T03:58:47.771+08:00  WARN 90233 --- [fang123-backend] [l-1 housekeeper] com.zaxxer.hikari.pool.HikariPool        : HikariPool-1 - Thread starvation or clock leap detected (housekeeper delta=15m27s385ms).
2026-09-06T04:15:12.717+08:00  WARN 90233 --- [fang123-backend] [l-1 housekeeper] com.zaxxer.hikari.pool.HikariPool        : HikariPool-1 - Thread starvation or clock leap detected (housekeeper delta=15m54s920ms).
2026-09-06T04:31:37.683+08:00  WARN 90233 --- [fang123-backend] [l-1 housekeeper] com.zaxxer.hikari.pool.HikariPool        : HikariPool-1 - Thread starvation or clock leap detected (housekeeper delta=15m54s940ms).
2026-09-06T04:47:52.459+08:00  WARN 90233 --- [fang123-backend] [l-1 housekeeper] com.zaxxer.hikari.pool.HikariPool        : HikariPool-1 - Thread starvation or clock leap detected (housekeeper delta=15m44s757ms).
2026-09-06T05:05:28.686+08:00  WARN 90233 --- [fang123-backend] [l-1 housekeeper] com.zaxxer.hikari.pool.HikariPool        : HikariPool-1 - Thread starvation or clock leap detected (housekeeper delta=17m36s226ms).
2026-09-06T05:10:40.993+08:00  WARN 90233 --- [fang123-backend] [l-1 housekeeper] com.zaxxer.hikari.pool.HikariPool        : HikariPool-1 - Thread starvation or clock leap detected (housekeeper delta=4m42s298ms).
2026-09-06T05:15:23.896+08:00  WARN 90233 --- [fang123-backend] [l-1 housekeeper] com.zaxxer.hikari.pool.HikariPool        : HikariPool-1 - Thread starvation or clock leap detected (housekeeper delta=4m42s903ms).
2026-09-06T05:20:36.775+08:00  WARN 90233 --- [fang123-backend] [l-1 housekeeper] com.zaxxer.hikari.pool.HikariPool        : HikariPool-1 - Thread starvation or clock leap detected (housekeeper delta=4m42s870ms).
2026-09-06T05:25:49.715+08:00  WARN 90233 --- [fang123-backend] [l-1 housekeeper] com.zaxxer.hikari.pool.HikariPool        : HikariPool-1 - Thread starvation or clock leap detected (housekeeper delta=4m42s944ms).
2026-09-06T05:41:26.663+08:00  WARN 90233 --- [fang123-backend] [l-1 housekeeper] com.zaxxer.hikari.pool.HikariPool        : HikariPool-1 - Thread starvation or clock leap detected (housekeeper delta=15m36s948ms).
2026-09-06T05:57:50.129+08:00  WARN 90233 --- [fang123-backend] [l-1 housekeeper] com.zaxxer.hikari.pool.HikariPool        : HikariPool-1 - Thread starvation or clock leap detected (housekeeper delta=15m53s427ms).
2026-09-06T06:14:15.053+08:00  WARN 90233 --- [fang123-backend] [l-1 housekeeper] com.zaxxer.hikari.pool.HikariPool        : HikariPool-1 - Thread starvation or clock leap detected (housekeeper delta=15m54s897ms).
2026-09-06T06:30:39.887+08:00  WARN 90233 --- [fang123-backend] [l-1 housekeeper] com.zaxxer.hikari.pool.HikariPool        : HikariPool-1 - Thread starvation or clock leap detected (housekeeper delta=15m54s835ms).
2026-09-06T06:46:27.324+08:00  WARN 90233 --- [fang123-backend] [l-1 housekeeper] com.zaxxer.hikari.pool.HikariPool        : HikariPool-1 - Thread starvation or clock leap detected (housekeeper delta=15m47s437ms).
2026-09-06T07:02:52.230+08:00  WARN 90233 --- [fang123-backend] [l-1 housekeeper] com.zaxxer.hikari.pool.HikariPool        : HikariPool-1 - Thread starvation or clock leap detected (housekeeper delta=15m54s891ms).
2026-09-06T07:16:23.586+08:00  WARN 90233 --- [fang123-backend] [l-1 housekeeper] com.zaxxer.hikari.pool.HikariPool        : HikariPool-1 - Thread starvation or clock leap detected (housekeeper delta=13m31s355ms).
2026-09-06T07:32:48.580+08:00  WARN 90233 --- [fang123-backend] [l-1 housekeeper] com.zaxxer.hikari.pool.HikariPool        : HikariPool-1 - Thread starvation or clock leap detected (housekeeper delta=15m54s984ms).
2026-09-06T07:48:46.163+08:00  WARN 90233 --- [fang123-backend] [l-1 housekeeper] com.zaxxer.hikari.pool.HikariPool        : HikariPool-1 - Thread starvation or clock leap detected (housekeeper delta=15m27s571ms).
2026-09-06T08:04:38.046+08:00  WARN 90233 --- [fang123-backend] [l-1 housekeeper] com.zaxxer.hikari.pool.HikariPool        : HikariPool-1 - Thread starvation or clock leap detected (housekeeper delta=15m51s883ms).
2026-09-06T08:06:31.743+08:00  WARN 90233 --- [fang123-backend] [l-1 housekeeper] com.zaxxer.hikari.pool.HikariPool        : HikariPool-1 - Thread starvation or clock leap detected (housekeeper delta=1m23s686ms).
2026-09-06T08:08:41.003+08:00  WARN 90233 --- [fang123-backend] [l-1 housekeeper] com.zaxxer.hikari.pool.HikariPool        : HikariPool-1 - Thread starvation or clock leap detected (housekeeper delta=1m39s249ms).
2026-09-06T08:10:53.831+08:00  WARN 90233 --- [fang123-backend] [l-1 housekeeper] com.zaxxer.hikari.pool.HikariPool        : HikariPool-1 - Thread starvation or clock leap detected (housekeeper delta=2m12s829ms).
2026-09-06T08:49:19.432+08:00  WARN 90233 --- [fang123-backend] [l-1 housekeeper] com.zaxxer.hikari.pool.HikariPool        : HikariPool-1 - Thread starvation or clock leap detected (housekeeper delta=37m55s589ms).
2026-09-06T10:07:13.050+08:00  WARN 90233 --- [fang123-backend] [l-1 housekeeper] com.zaxxer.hikari.pool.HikariPool        : HikariPool-1 - Thread starvation or clock leap detected (housekeeper delta=1h17m23s607ms).
2026-09-06T10:07:42.777+08:00  WARN 90233 --- [fang123-backend] [l-1 housekeeper] com.zaxxer.hikari.pool.HikariPool        : HikariPool-1 - Retrograde clock change detected (housekeeper delta=29s726ms), soft-evicting connections from pool.
2026-09-06T10:22:28.261+08:00  WARN 90233 --- [fang123-backend] [l-1 housekeeper] com.zaxxer.hikari.pool.HikariPool        : HikariPool-1 - Thread starvation or clock leap detected (housekeeper delta=14m45s484ms).
2026-09-06T11:37:46.009+08:00  WARN 90233 --- [fang123-backend] [l-1 housekeeper] com.zaxxer.hikari.pool.HikariPool        : HikariPool-1 - Thread starvation or clock leap detected (housekeeper delta=1h3m47s638ms).
2026-09-06T12:35:12.609+08:00  WARN 90233 --- [fang123-backend] [l-1 housekeeper] com.zaxxer.hikari.pool.HikariPool        : HikariPool-1 - Thread starvation or clock leap detected (housekeeper delta=57m26s600ms).
2026-09-06T13:15:51.756+08:00  WARN 90233 --- [fang123-backend] [l-1 housekeeper] com.zaxxer.hikari.pool.HikariPool        : HikariPool-1 - Thread starvation or clock leap detected (housekeeper delta=40m9s95ms).
2026-09-06T13:26:03.840+08:00  WARN 90233 --- [fang123-backend] [l-1 housekeeper] com.zaxxer.hikari.pool.HikariPool        : HikariPool-1 - Thread starvation or clock leap detected (housekeeper delta=7m12s41ms).
2026-09-06T14:12:48.128+08:00  WARN 90233 --- [fang123-backend] [l-1 housekeeper] com.zaxxer.hikari.pool.HikariPool        : HikariPool-1 - Thread starvation or clock leap detected (housekeeper delta=46m44s289ms).
2026-09-06T14:23:31.506+08:00  WARN 90233 --- [fang123-backend] [l-1 housekeeper] com.zaxxer.hikari.pool.HikariPool        : HikariPool-1 - Thread starvation or clock leap detected (housekeeper delta=10m43s378ms).
2026-09-06T14:55:01.823+08:00  WARN 90233 --- [fang123-backend] [l-1 housekeeper] com.zaxxer.hikari.pool.HikariPool        : HikariPool-1 - Thread starvation or clock leap detected (housekeeper delta=31m30s318ms).
2026-09-06T15:19:57.636+08:00  WARN 90233 --- [fang123-backend] [l-1 housekeeper] com.zaxxer.hikari.pool.HikariPool        : HikariPool-1 - Thread starvation or clock leap detected (housekeeper delta=24m25s787ms).
2026-09-06T15:42:25.825+08:00  WARN 90233 --- [fang123-backend] [l-1 housekeeper] com.zaxxer.hikari.pool.HikariPool        : HikariPool-1 - Thread starvation or clock leap detected (housekeeper delta=21m58s178ms).
2026-09-06T15:56:16.413+08:00  WARN 90233 --- [fang123-backend] [l-1 housekeeper] com.zaxxer.hikari.pool.HikariPool        : HikariPool-1 - Thread starvation or clock leap detected (housekeeper delta=1m50s496ms).
2026-09-06T16:00:21.294+08:00  WARN 90233 --- [fang123-backend] [l-1 housekeeper] com.zaxxer.hikari.pool.HikariPool        : HikariPool-1 - Thread starvation or clock leap detected (housekeeper delta=3m34s859ms).
2026-09-06T16:02:17.397+08:00  WARN 90233 --- [fang123-backend] [l-1 housekeeper] com.zaxxer.hikari.pool.HikariPool        : HikariPool-1 - Thread starvation or clock leap detected (housekeeper delta=1m56s103ms).
2026-09-06T16:24:18.480+08:00  WARN 90233 --- [fang123-backend] [l-1 housekeeper] com.zaxxer.hikari.pool.HikariPool        : HikariPool-1 - Thread starvation or clock leap detected (housekeeper delta=50s923ms).
2026-09-06T16:46:09.888+08:00  WARN 90233 --- [fang123-backend] [l-1 housekeeper] com.zaxxer.hikari.pool.HikariPool        : HikariPool-1 - Thread starvation or clock leap detected (housekeeper delta=6m21s280ms).
2026-09-06T17:14:58.284+08:00 DEBUG 90233 --- [fang123-backend] [nio-8090-exec-3] o.s.security.web.FilterChainProxy        : Securing GET /api/public/loupans?page=1&size=12&salesStatus=1
2026-09-06T17:14:58.284+08:00 DEBUG 90233 --- [fang123-backend] [nio-8090-exec-9] o.s.security.web.FilterChainProxy        : Securing GET /api/public/loupan-filters
2026-09-06T17:14:58.333+08:00 DEBUG 90233 --- [fang123-backend] [nio-8090-exec-3] o.s.s.w.a.AnonymousAuthenticationFilter  : Set SecurityContextHolder to anonymous SecurityContext
2026-09-06T17:14:58.333+08:00 DEBUG 90233 --- [fang123-backend] [nio-8090-exec-9] o.s.s.w.a.AnonymousAuthenticationFilter  : Set SecurityContextHolder to anonymous SecurityContext
2026-09-06T17:14:58.336+08:00 DEBUG 90233 --- [fang123-backend] [nio-8090-exec-9] o.s.security.web.FilterChainProxy        : Secured GET /api/public/loupan-filters
2026-09-06T17:14:58.336+08:00 DEBUG 90233 --- [fang123-backend] [nio-8090-exec-3] o.s.security.web.FilterChainProxy        : Secured GET /api/public/loupans?page=1&size=12&salesStatus=1
2026-09-06T17:14:58.424+08:00 DEBUG 90233 --- [fang123-backend] [nio-8090-exec-9] c.f.mapper.LoupanMapper.selectList       : ==>  Preparing: SELECT id,land_id,land_no,cover_image,project_name,short_name,district,plate,avg_unit_price,avg_unit_price_yangfang,avg_unit_price_dieshu,avg_unit_price_paiwu,min_total_price,max_total_price,price_tag,sales_address,sales_status,sales_tel,project_address,show_house_desc,delivery_date,floor_height_min,floor_height_max,building_total,floor_min,floor_max,area_min,area_max,decorate_type,property_right_year,house_type,community_facility,people_car_separate,property_fee_high,property_fee_villa,property_company,park_total,park_sell_num,park_ratio,facade_material,self_hold_rate,build_area,land_area,house_total,plot_ratio,green_rate,project_company,brand_list,land_price,land_unit_price,land_buy_date,edu_support,traffic_support,medical_support,business_support,view_support,longitude,latitude,sort,deleted,create_time,update_time FROM loupan WHERE deleted=0
2026-09-06T17:14:58.429+08:00 DEBUG 90233 --- [fang123-backend] [nio-8090-exec-9] c.f.mapper.LoupanMapper.selectList       : ==> Parameters: 
2026-09-06T17:14:58.571+08:00 DEBUG 90233 --- [fang123-backend] [nio-8090-exec-3] c.f.m.LoupanMapper.selectList_mpCount    : ==>  Preparing: SELECT COUNT(*) AS total FROM loupan WHERE deleted = 0 AND (sales_status IN (?))
2026-09-06T17:14:58.572+08:00 DEBUG 90233 --- [fang123-backend] [nio-8090-exec-3] c.f.m.LoupanMapper.selectList_mpCount    : ==> Parameters: 1(Integer)
2026-09-06T17:14:58.572+08:00 DEBUG 90233 --- [fang123-backend] [nio-8090-exec-9] c.f.mapper.LoupanMapper.selectList       : <==      Total: 3
2026-09-06T17:14:58.584+08:00 DEBUG 90233 --- [fang123-backend] [nio-8090-exec-3] c.f.m.LoupanMapper.selectList_mpCount    : <==      Total: 1
2026-09-06T17:15:00.595+08:00 DEBUG 90233 --- [fang123-backend] [nio-8090-exec-4] o.s.security.web.FilterChainProxy        : Securing GET /api/public/loupans?page=1&size=200&salesStatus=0,1&light=true
2026-09-06T17:15:00.596+08:00 DEBUG 90233 --- [fang123-backend] [nio-8090-exec-4] o.s.s.w.a.AnonymousAuthenticationFilter  : Set SecurityContextHolder to anonymous SecurityContext
2026-09-06T17:15:00.597+08:00 DEBUG 90233 --- [fang123-backend] [nio-8090-exec-4] o.s.security.web.FilterChainProxy        : Secured GET /api/public/loupans?page=1&size=200&salesStatus=0,1&light=true
2026-09-06T17:15:00.607+08:00 DEBUG 90233 --- [fang123-backend] [nio-8090-exec-4] c.f.m.LoupanMapper.selectList_mpCount    : ==>  Preparing: SELECT COUNT(*) AS total FROM loupan WHERE deleted = 0 AND (sales_status IN (?, ?))
2026-09-06T17:15:00.608+08:00 DEBUG 90233 --- [fang123-backend] [nio-8090-exec-4] c.f.m.LoupanMapper.selectList_mpCount    : ==> Parameters: 0(Integer), 1(Integer)
2026-09-06T17:15:00.609+08:00 DEBUG 90233 --- [fang123-backend] [nio-8090-exec-4] c.f.m.LoupanMapper.selectList_mpCount    : <==      Total: 1
2026-09-06T17:15:00.610+08:00 DEBUG 90233 --- [fang123-backend] [nio-8090-exec-4] c.f.mapper.LoupanMapper.selectList       : ==>  Preparing: SELECT id,project_name,cover_image,longitude,latitude,district,plate,house_type,decorate_type,avg_unit_price,area_min,area_max,sales_status,min_total_price,max_total_price FROM loupan WHERE deleted=0 AND (sales_status IN (?,?)) ORDER BY sort DESC,create_time DESC LIMIT ?
2026-09-06T17:15:00.611+08:00 DEBUG 90233 --- [fang123-backend] [nio-8090-exec-4] c.f.mapper.LoupanMapper.selectList       : ==> Parameters: 0(Integer), 1(Integer), 200(Long)
2026-09-06T17:15:00.612+08:00 DEBUG 90233 --- [fang123-backend] [nio-8090-exec-4] c.f.mapper.LoupanMapper.selectList       : <==      Total: 1
2026-09-06T17:15:04.709+08:00 DEBUG 90233 --- [fang123-backend] [nio-8090-exec-2] o.s.security.web.FilterChainProxy        : Securing GET /api/public/loupan-filters
2026-09-06T17:15:04.709+08:00 DEBUG 90233 --- [fang123-backend] [nio-8090-exec-7] o.s.security.web.FilterChainProxy        : Securing GET /api/public/loupans?page=1&size=12&salesStatus=1
2026-09-06T17:15:04.722+08:00 DEBUG 90233 --- [fang123-backend] [nio-8090-exec-2] o.s.s.w.a.AnonymousAuthenticationFilter  : Set SecurityContextHolder to anonymous SecurityContext
2026-09-06T17:15:04.722+08:00 DEBUG 90233 --- [fang123-backend] [nio-8090-exec-7] o.s.s.w.a.AnonymousAuthenticationFilter  : Set SecurityContextHolder to anonymous SecurityContext
2026-09-06T17:15:04.722+08:00 DEBUG 90233 --- [fang123-backend] [nio-8090-exec-7] o.s.security.web.FilterChainProxy        : Secured GET /api/public/loupans?page=1&size=12&salesStatus=1
2026-09-06T17:15:04.722+08:00 DEBUG 90233 --- [fang123-backend] [nio-8090-exec-2] o.s.security.web.FilterChainProxy        : Secured GET /api/public/loupan-filters
2026-09-06T17:15:04.733+08:00 DEBUG 90233 --- [fang123-backend] [nio-8090-exec-2] c.f.mapper.LoupanMapper.selectList       : ==>  Preparing: SELECT id,land_id,land_no,cover_image,project_name,short_name,district,plate,avg_unit_price,avg_unit_price_yangfang,avg_unit_price_dieshu,avg_unit_price_paiwu,min_total_price,max_total_price,price_tag,sales_address,sales_status,sales_tel,project_address,show_house_desc,delivery_date,floor_height_min,floor_height_max,building_total,floor_min,floor_max,area_min,area_max,decorate_type,property_right_year,house_type,community_facility,people_car_separate,property_fee_high,property_fee_villa,property_company,park_total,park_sell_num,park_ratio,facade_material,self_hold_rate,build_area,land_area,house_total,plot_ratio,green_rate,project_company,brand_list,land_price,land_unit_price,land_buy_date,edu_support,traffic_support,medical_support,business_support,view_support,longitude,latitude,sort,deleted,create_time,update_time FROM loupan WHERE deleted=0
2026-09-06T17:15:04.734+08:00 DEBUG 90233 --- [fang123-backend] [nio-8090-exec-2] c.f.mapper.LoupanMapper.selectList       : ==> Parameters: 
2026-09-06T17:15:04.738+08:00 DEBUG 90233 --- [fang123-backend] [nio-8090-exec-7] c.f.m.LoupanMapper.selectList_mpCount    : ==>  Preparing: SELECT COUNT(*) AS total FROM loupan WHERE deleted = 0 AND (sales_status IN (?))
2026-09-06T17:15:04.738+08:00 DEBUG 90233 --- [fang123-backend] [nio-8090-exec-7] c.f.m.LoupanMapper.selectList_mpCount    : ==> Parameters: 1(Integer)
2026-09-06T17:15:04.739+08:00 DEBUG 90233 --- [fang123-backend] [nio-8090-exec-2] c.f.mapper.LoupanMapper.selectList       : <==      Total: 3
2026-09-06T17:15:04.740+08:00 DEBUG 90233 --- [fang123-backend] [nio-8090-exec-7] c.f.m.LoupanMapper.selectList_mpCount    : <==      Total: 1
2026-09-06T17:15:06.624+08:00 DEBUG 90233 --- [fang123-backend] [nio-8090-exec-8] o.s.security.web.FilterChainProxy        : Securing GET /api/public/loupans?page=1&size=10&salesStatus=2,3
2026-09-06T17:15:06.624+08:00 DEBUG 90233 --- [fang123-backend] [io-8090-exec-10] o.s.security.web.FilterChainProxy        : Securing GET /api/public/loupan-filters
2026-09-06T17:15:06.626+08:00 DEBUG 90233 --- [fang123-backend] [io-8090-exec-10] o.s.s.w.a.AnonymousAuthenticationFilter  : Set SecurityContextHolder to anonymous SecurityContext
2026-09-06T17:15:06.626+08:00 DEBUG 90233 --- [fang123-backend] [nio-8090-exec-8] o.s.s.w.a.AnonymousAuthenticationFilter  : Set SecurityContextHolder to anonymous SecurityContext
2026-09-06T17:15:06.626+08:00 DEBUG 90233 --- [fang123-backend] [io-8090-exec-10] o.s.security.web.FilterChainProxy        : Secured GET /api/public/loupan-filters
2026-09-06T17:15:06.626+08:00 DEBUG 90233 --- [fang123-backend] [nio-8090-exec-8] o.s.security.web.FilterChainProxy        : Secured GET /api/public/loupans?page=1&size=10&salesStatus=2,3
2026-09-06T17:15:06.627+08:00 DEBUG 90233 --- [fang123-backend] [io-8090-exec-10] c.f.mapper.LoupanMapper.selectList       : ==>  Preparing: SELECT id,land_id,land_no,cover_image,project_name,short_name,district,plate,avg_unit_price,avg_unit_price_yangfang,avg_unit_price_dieshu,avg_unit_price_paiwu,min_total_price,max_total_price,price_tag,sales_address,sales_status,sales_tel,project_address,show_house_desc,delivery_date,floor_height_min,floor_height_max,building_total,floor_min,floor_max,area_min,area_max,decorate_type,property_right_year,house_type,community_facility,people_car_separate,property_fee_high,property_fee_villa,property_company,park_total,park_sell_num,park_ratio,facade_material,self_hold_rate,build_area,land_area,house_total,plot_ratio,green_rate,project_company,brand_list,land_price,land_unit_price,land_buy_date,edu_support,traffic_support,medical_support,business_support,view_support,longitude,latitude,sort,deleted,create_time,update_time FROM loupan WHERE deleted=0
2026-09-06T17:15:06.628+08:00 DEBUG 90233 --- [fang123-backend] [io-8090-exec-10] c.f.mapper.LoupanMapper.selectList       : ==> Parameters: 
2026-09-06T17:15:06.631+08:00 DEBUG 90233 --- [fang123-backend] [io-8090-exec-10] c.f.mapper.LoupanMapper.selectList       : <==      Total: 3
2026-09-06T17:15:06.639+08:00 DEBUG 90233 --- [fang123-backend] [nio-8090-exec-8] c.f.m.LoupanMapper.selectList_mpCount    : ==>  Preparing: SELECT COUNT(*) AS total FROM loupan WHERE deleted = 0 AND (sales_status IN (?, ?))
2026-09-06T17:15:06.639+08:00 DEBUG 90233 --- [fang123-backend] [nio-8090-exec-8] c.f.m.LoupanMapper.selectList_mpCount    : ==> Parameters: 2(Integer), 3(Integer)
2026-09-06T17:15:06.640+08:00 DEBUG 90233 --- [fang123-backend] [nio-8090-exec-8] c.f.m.LoupanMapper.selectList_mpCount    : <==      Total: 1
2026-09-06T17:15:06.641+08:00 DEBUG 90233 --- [fang123-backend] [nio-8090-exec-8] c.f.mapper.LoupanMapper.selectList       : ==>  Preparing: SELECT id,land_id,land_no,cover_image,project_name,short_name,district,plate,avg_unit_price,avg_unit_price_yangfang,avg_unit_price_dieshu,avg_unit_price_paiwu,min_total_price,max_total_price,price_tag,sales_address,sales_status,sales_tel,project_address,show_house_desc,delivery_date,floor_height_min,floor_height_max,building_total,floor_min,floor_max,area_min,area_max,decorate_type,property_right_year,house_type,community_facility,people_car_separate,property_fee_high,property_fee_villa,property_company,park_total,park_sell_num,park_ratio,facade_material,self_hold_rate,build_area,land_area,house_total,plot_ratio,green_rate,project_company,brand_list,land_price,land_unit_price,land_buy_date,edu_support,traffic_support,medical_support,business_support,view_support,longitude,latitude,sort,deleted,create_time,update_time FROM loupan WHERE deleted=0 AND (sales_status IN (?,?)) ORDER BY sort DESC,create_time DESC LIMIT ?
2026-09-06T17:15:06.641+08:00 DEBUG 90233 --- [fang123-backend] [nio-8090-exec-8] c.f.mapper.LoupanMapper.selectList       : ==> Parameters: 2(Integer), 3(Integer), 10(Long)
2026-09-06T17:15:06.644+08:00 DEBUG 90233 --- [fang123-backend] [nio-8090-exec-8] c.f.mapper.LoupanMapper.selectList       : <==      Total: 2
2026-09-06T17:15:06.648+08:00 DEBUG 90233 --- [fang123-backend] [nio-8090-exec-5] o.s.security.web.FilterChainProxy        : Securing GET /api/public/loupans/huxings/batch?loupanIds=2,1
2026-09-06T17:15:06.649+08:00 DEBUG 90233 --- [fang123-backend] [nio-8090-exec-5] o.s.s.w.a.AnonymousAuthenticationFilter  : Set SecurityContextHolder to anonymous SecurityContext
2026-09-06T17:15:06.649+08:00 DEBUG 90233 --- [fang123-backend] [nio-8090-exec-5] o.s.security.web.FilterChainProxy        : Secured GET /api/public/loupans/huxings/batch?loupanIds=2,1
2026-09-06T17:15:06.650+08:00 DEBUG 90233 --- [fang123-backend] [nio-8090-exec-5] c.f.m.LoupanHuxingMapper.selectList      : ==>  Preparing: SELECT id,loupan_id,huxing_name,area,inside_area,inside_area_with_gift,room_num,hall_num,toilet_num,balcony_num,orientation,floor_type,unit_price,total_price_start,total_price_end,is_show_house,tag,sort,huxing_image,standard_huxing_image,deleted,create_time,update_time FROM loupan_huxing WHERE deleted=0 AND (loupan_id = ?) ORDER BY area DESC
2026-09-06T17:15:06.650+08:00 DEBUG 90233 --- [fang123-backend] [nio-8090-exec-5] c.f.m.LoupanHuxingMapper.selectList      : ==> Parameters: 2(Long)
2026-09-06T17:15:06.659+08:00 DEBUG 90233 --- [fang123-backend] [nio-8090-exec-5] c.f.m.LoupanHuxingMapper.selectList      : <==      Total: 0
2026-09-06T17:15:06.659+08:00 DEBUG 90233 --- [fang123-backend] [nio-8090-exec-5] c.f.m.LoupanHuxingMapper.selectList      : ==>  Preparing: SELECT id,loupan_id,huxing_name,area,inside_area,inside_area_with_gift,room_num,hall_num,toilet_num,balcony_num,orientation,floor_type,unit_price,total_price_start,total_price_end,is_show_house,tag,sort,huxing_image,standard_huxing_image,deleted,create_time,update_time FROM loupan_huxing WHERE deleted=0 AND (loupan_id = ?) ORDER BY area DESC
2026-09-06T17:15:06.660+08:00 DEBUG 90233 --- [fang123-backend] [nio-8090-exec-5] c.f.m.LoupanHuxingMapper.selectList      : ==> Parameters: 1(Long)
2026-09-06T17:15:06.661+08:00 DEBUG 90233 --- [fang123-backend] [nio-8090-exec-5] c.f.m.LoupanHuxingMapper.selectList      : <==      Total: 5
2026-09-06T17:15:09.400+08:00 DEBUG 90233 --- [fang123-backend] [nio-8090-exec-1] o.s.security.web.FilterChainProxy        : Securing GET /api/public/loupans/KjtcfZ4fS2w
2026-09-06T17:15:09.403+08:00 DEBUG 90233 --- [fang123-backend] [nio-8090-exec-1] o.s.s.w.a.AnonymousAuthenticationFilter  : Set SecurityContextHolder to anonymous SecurityContext
2026-09-06T17:15:09.403+08:00 DEBUG 90233 --- [fang123-backend] [nio-8090-exec-1] o.s.security.web.FilterChainProxy        : Secured GET /api/public/loupans/KjtcfZ4fS2w
2026-09-06T17:15:09.404+08:00 DEBUG 90233 --- [fang123-backend] [nio-8090-exec-1] c.f.mapper.LoupanMapper.selectById       : ==>  Preparing: SELECT id,land_id,land_no,cover_image,project_name,short_name,district,plate,avg_unit_price,avg_unit_price_yangfang,avg_unit_price_dieshu,avg_unit_price_paiwu,min_total_price,max_total_price,price_tag,sales_address,sales_status,sales_tel,project_address,show_house_desc,delivery_date,floor_height_min,floor_height_max,building_total,floor_min,floor_max,area_min,area_max,decorate_type,property_right_year,house_type,community_facility,people_car_separate,property_fee_high,property_fee_villa,property_company,park_total,park_sell_num,park_ratio,facade_material,self_hold_rate,build_area,land_area,house_total,plot_ratio,green_rate,project_company,brand_list,land_price,land_unit_price,land_buy_date,edu_support,traffic_support,medical_support,business_support,view_support,longitude,latitude,sort,deleted,create_time,update_time FROM loupan WHERE id=? AND deleted=0
2026-09-06T17:15:09.405+08:00 DEBUG 90233 --- [fang123-backend] [nio-8090-exec-1] c.f.mapper.LoupanMapper.selectById       : ==> Parameters: 1(Long)
2026-09-06T17:15:09.407+08:00 DEBUG 90233 --- [fang123-backend] [nio-8090-exec-1] c.f.mapper.LoupanMapper.selectById       : <==      Total: 1
2026-09-06T17:15:09.460+08:00 DEBUG 90233 --- [fang123-backend] [nio-8090-exec-6] o.s.security.web.FilterChainProxy        : Securing GET /api/public/loupans/KjtcfZ4fS2w/huxings
2026-09-06T17:15:09.460+08:00 DEBUG 90233 --- [fang123-backend] [nio-8090-exec-3] o.s.security.web.FilterChainProxy        : Securing GET /api/public/loupans/KjtcfZ4fS2w/presale-permits
2026-09-06T17:15:09.461+08:00 DEBUG 90233 --- [fang123-backend] [nio-8090-exec-9] o.s.security.web.FilterChainProxy        : Securing GET /api/public/loupans/KjtcfZ4fS2w/medias
2026-09-06T17:15:09.461+08:00 DEBUG 90233 --- [fang123-backend] [nio-8090-exec-6] o.s.s.w.a.AnonymousAuthenticationFilter  : Set SecurityContextHolder to anonymous SecurityContext
2026-09-06T17:15:09.461+08:00 DEBUG 90233 --- [fang123-backend] [nio-8090-exec-3] o.s.s.w.a.AnonymousAuthenticationFilter  : Set SecurityContextHolder to anonymous SecurityContext
2026-09-06T17:15:09.462+08:00 DEBUG 90233 --- [fang123-backend] [nio-8090-exec-3] o.s.security.web.FilterChainProxy        : Secured GET /api/public/loupans/KjtcfZ4fS2w/presale-permits
2026-09-06T17:15:09.462+08:00 DEBUG 90233 --- [fang123-backend] [nio-8090-exec-6] o.s.security.web.FilterChainProxy        : Secured GET /api/public/loupans/KjtcfZ4fS2w/huxings
2026-09-06T17:15:09.462+08:00 DEBUG 90233 --- [fang123-backend] [nio-8090-exec-9] o.s.s.w.a.AnonymousAuthenticationFilter  : Set SecurityContextHolder to anonymous SecurityContext
2026-09-06T17:15:09.463+08:00 DEBUG 90233 --- [fang123-backend] [nio-8090-exec-9] o.s.security.web.FilterChainProxy        : Secured GET /api/public/loupans/KjtcfZ4fS2w/medias
2026-09-06T17:15:09.465+08:00 DEBUG 90233 --- [fang123-backend] [nio-8090-exec-9] c.f.mapper.LoupanMediaMapper.selectList  : ==>  Preparing: SELECT id,loupan_id,huxing_id,media_type,media_url,media_title,sort,deleted,create_time FROM loupan_media WHERE deleted=0 AND (loupan_id = ?) ORDER BY sort ASC
2026-09-06T17:15:09.464+08:00 DEBUG 90233 --- [fang123-backend] [nio-8090-exec-6] c.f.m.LoupanHuxingMapper.selectList      : ==>  Preparing: SELECT id,loupan_id,huxing_name,area,inside_area,inside_area_with_gift,room_num,hall_num,toilet_num,balcony_num,orientation,floor_type,unit_price,total_price_start,total_price_end,is_show_house,tag,sort,huxing_image,standard_huxing_image,deleted,create_time,update_time FROM loupan_huxing WHERE deleted=0 AND (loupan_id = ?) ORDER BY sort ASC
2026-09-06T17:15:09.465+08:00 DEBUG 90233 --- [fang123-backend] [nio-8090-exec-9] c.f.mapper.LoupanMediaMapper.selectList  : ==> Parameters: 1(Long)
2026-09-06T17:15:09.465+08:00 DEBUG 90233 --- [fang123-backend] [nio-8090-exec-6] c.f.m.LoupanHuxingMapper.selectList      : ==> Parameters: 1(Long)
2026-09-06T17:15:09.465+08:00 DEBUG 90233 --- [fang123-backend] [nio-8090-exec-3] c.f.m.L.selectList                       : ==>  Preparing: SELECT id,loupan_id,project_name,publicity_date,issue_date,develop_company,location,sale_address,sale_phone,online_sale_area,permit_no,permit_no_str,deleted,create_time,update_time FROM loupan_presale_permit WHERE deleted=0 AND (loupan_id = ?) ORDER BY issue_date DESC
2026-09-06T17:15:09.465+08:00 DEBUG 90233 --- [fang123-backend] [nio-8090-exec-3] c.f.m.L.selectList                       : ==> Parameters: 1(Long)
2026-09-06T17:15:09.491+08:00 DEBUG 90233 --- [fang123-backend] [nio-8090-exec-6] c.f.m.LoupanHuxingMapper.selectList      : <==      Total: 5
2026-09-06T17:15:09.501+08:00 DEBUG 90233 --- [fang123-backend] [nio-8090-exec-9] c.f.mapper.LoupanMediaMapper.selectList  : <==      Total: 4
2026-09-06T17:15:09.544+08:00 DEBUG 90233 --- [fang123-backend] [nio-8090-exec-3] c.f.m.L.selectList                       : <==      Total: 2
2026-09-06T17:15:40.279+08:00 DEBUG 90233 --- [fang123-backend] [nio-8090-exec-4] o.s.security.web.FilterChainProxy        : Securing GET /api/public/loupans/KjtcfZ4fS2w
2026-09-06T17:15:40.311+08:00 DEBUG 90233 --- [fang123-backend] [nio-8090-exec-4] o.s.s.w.a.AnonymousAuthenticationFilter  : Set SecurityContextHolder to anonymous SecurityContext
2026-09-06T17:15:40.312+08:00 DEBUG 90233 --- [fang123-backend] [nio-8090-exec-4] o.s.security.web.FilterChainProxy        : Secured GET /api/public/loupans/KjtcfZ4fS2w
2026-09-06T17:15:40.340+08:00 DEBUG 90233 --- [fang123-backend] [nio-8090-exec-4] c.f.mapper.LoupanMapper.selectById       : ==>  Preparing: SELECT id,land_id,land_no,cover_image,project_name,short_name,district,plate,avg_unit_price,avg_unit_price_yangfang,avg_unit_price_dieshu,avg_unit_price_paiwu,min_total_price,max_total_price,price_tag,sales_address,sales_status,sales_tel,project_address,show_house_desc,delivery_date,floor_height_min,floor_height_max,building_total,floor_min,floor_max,area_min,area_max,decorate_type,property_right_year,house_type,community_facility,people_car_separate,property_fee_high,property_fee_villa,property_company,park_total,park_sell_num,park_ratio,facade_material,self_hold_rate,build_area,land_area,house_total,plot_ratio,green_rate,project_company,brand_list,land_price,land_unit_price,land_buy_date,edu_support,traffic_support,medical_support,business_support,view_support,longitude,latitude,sort,deleted,create_time,update_time FROM loupan WHERE id=? AND deleted=0
2026-09-06T17:15:40.342+08:00 DEBUG 90233 --- [fang123-backend] [nio-8090-exec-4] c.f.mapper.LoupanMapper.selectById       : ==> Parameters: 1(Long)
2026-09-06T17:15:40.492+08:00 DEBUG 90233 --- [fang123-backend] [nio-8090-exec-4] c.f.mapper.LoupanMapper.selectById       : <==      Total: 1
2026-09-06T17:15:40.573+08:00 DEBUG 90233 --- [fang123-backend] [nio-8090-exec-7] o.s.security.web.FilterChainProxy        : Securing GET /api/public/loupans/KjtcfZ4fS2w/huxings
2026-09-06T17:15:40.574+08:00 DEBUG 90233 --- [fang123-backend] [nio-8090-exec-7] o.s.s.w.a.AnonymousAuthenticationFilter  : Set SecurityContextHolder to anonymous SecurityContext
2026-09-06T17:15:40.574+08:00 DEBUG 90233 --- [fang123-backend] [nio-8090-exec-7] o.s.security.web.FilterChainProxy        : Secured GET /api/public/loupans/KjtcfZ4fS2w/huxings
2026-09-06T17:15:40.574+08:00 DEBUG 90233 --- [fang123-backend] [nio-8090-exec-2] o.s.security.web.FilterChainProxy        : Securing GET /api/public/loupans/KjtcfZ4fS2w/presale-permits
2026-09-06T17:15:40.578+08:00 DEBUG 90233 --- [fang123-backend] [nio-8090-exec-2] o.s.s.w.a.AnonymousAuthenticationFilter  : Set SecurityContextHolder to anonymous SecurityContext
2026-09-06T17:15:40.578+08:00 DEBUG 90233 --- [fang123-backend] [nio-8090-exec-2] o.s.security.web.FilterChainProxy        : Secured GET /api/public/loupans/KjtcfZ4fS2w/presale-permits
2026-09-06T17:15:40.588+08:00 DEBUG 90233 --- [fang123-backend] [nio-8090-exec-2] c.f.m.L.selectList                       : ==>  Preparing: SELECT id,loupan_id,project_name,publicity_date,issue_date,develop_company,location,sale_address,sale_phone,online_sale_area,permit_no,permit_no_str,deleted,create_time,update_time FROM loupan_presale_permit WHERE deleted=0 AND (loupan_id = ?) ORDER BY issue_date DESC
2026-09-06T17:15:40.589+08:00 DEBUG 90233 --- [fang123-backend] [nio-8090-exec-2] c.f.m.L.selectList                       : ==> Parameters: 1(Long)
2026-09-06T17:15:40.591+08:00 DEBUG 90233 --- [fang123-backend] [nio-8090-exec-7] c.f.m.LoupanHuxingMapper.selectList      : ==>  Preparing: SELECT id,loupan_id,huxing_name,area,inside_area,inside_area_with_gift,room_num,hall_num,toilet_num,balcony_num,orientation,floor_type,unit_price,total_price_start,total_price_end,is_show_house,tag,sort,huxing_image,standard_huxing_image,deleted,create_time,update_time FROM loupan_huxing WHERE deleted=0 AND (loupan_id = ?) ORDER BY sort ASC
2026-09-06T17:15:40.595+08:00 DEBUG 90233 --- [fang123-backend] [nio-8090-exec-7] c.f.m.LoupanHuxingMapper.selectList      : ==> Parameters: 1(Long)
2026-09-06T17:15:40.600+08:00 DEBUG 90233 --- [fang123-backend] [io-8090-exec-10] o.s.security.web.FilterChainProxy        : Securing GET /api/public/loupans/KjtcfZ4fS2w/medias
2026-09-06T17:15:40.604+08:00 DEBUG 90233 --- [fang123-backend] [io-8090-exec-10] o.s.s.w.a.AnonymousAuthenticationFilter  : Set SecurityContextHolder to anonymous SecurityContext
2026-09-06T17:15:40.604+08:00 DEBUG 90233 --- [fang123-backend] [io-8090-exec-10] o.s.security.web.FilterChainProxy        : Secured GET /api/public/loupans/KjtcfZ4fS2w/medias
2026-09-06T17:15:40.607+08:00 DEBUG 90233 --- [fang123-backend] [io-8090-exec-10] c.f.mapper.LoupanMediaMapper.selectList  : ==>  Preparing: SELECT id,loupan_id,huxing_id,media_type,media_url,media_title,sort,deleted,create_time FROM loupan_media WHERE deleted=0 AND (loupan_id = ?) ORDER BY sort ASC
2026-09-06T17:15:40.607+08:00 DEBUG 90233 --- [fang123-backend] [io-8090-exec-10] c.f.mapper.LoupanMediaMapper.selectList  : ==> Parameters: 1(Long)
2026-09-06T17:15:40.617+08:00 DEBUG 90233 --- [fang123-backend] [io-8090-exec-10] c.f.mapper.LoupanMediaMapper.selectList  : <==      Total: 4
2026-09-06T17:15:40.621+08:00 DEBUG 90233 --- [fang123-backend] [nio-8090-exec-2] c.f.m.L.selectList                       : <==      Total: 2
2026-09-06T17:15:40.630+08:00 DEBUG 90233 --- [fang123-backend] [nio-8090-exec-7] c.f.m.LoupanHuxingMapper.selectList      : <==      Total: 5
2026-09-06T17:15:47.972+08:00 DEBUG 90233 --- [fang123-backend] [nio-8090-exec-8] o.s.security.web.FilterChainProxy        : Securing GET /api/public/loupans/KjtcfZ4fS2w
2026-09-06T17:15:47.977+08:00 DEBUG 90233 --- [fang123-backend] [nio-8090-exec-8] o.s.s.w.a.AnonymousAuthenticationFilter  : Set SecurityContextHolder to anonymous SecurityContext
2026-09-06T17:15:47.977+08:00 DEBUG 90233 --- [fang123-backend] [nio-8090-exec-8] o.s.security.web.FilterChainProxy        : Secured GET /api/public/loupans/KjtcfZ4fS2w
2026-09-06T17:15:47.988+08:00 DEBUG 90233 --- [fang123-backend] [nio-8090-exec-8] c.f.mapper.LoupanMapper.selectById       : ==>  Preparing: SELECT id,land_id,land_no,cover_image,project_name,short_name,district,plate,avg_unit_price,avg_unit_price_yangfang,avg_unit_price_dieshu,avg_unit_price_paiwu,min_total_price,max_total_price,price_tag,sales_address,sales_status,sales_tel,project_address,show_house_desc,delivery_date,floor_height_min,floor_height_max,building_total,floor_min,floor_max,area_min,area_max,decorate_type,property_right_year,house_type,community_facility,people_car_separate,property_fee_high,property_fee_villa,property_company,park_total,park_sell_num,park_ratio,facade_material,self_hold_rate,build_area,land_area,house_total,plot_ratio,green_rate,project_company,brand_list,land_price,land_unit_price,land_buy_date,edu_support,traffic_support,medical_support,business_support,view_support,longitude,latitude,sort,deleted,create_time,update_time FROM loupan WHERE id=? AND deleted=0
2026-09-06T17:15:47.990+08:00 DEBUG 90233 --- [fang123-backend] [nio-8090-exec-8] c.f.mapper.LoupanMapper.selectById       : ==> Parameters: 1(Long)
2026-09-06T17:15:48.044+08:00 DEBUG 90233 --- [fang123-backend] [nio-8090-exec-8] c.f.mapper.LoupanMapper.selectById       : <==      Total: 1
2026-09-06T17:15:48.084+08:00 DEBUG 90233 --- [fang123-backend] [nio-8090-exec-5] o.s.security.web.FilterChainProxy        : Securing GET /api/public/loupans/KjtcfZ4fS2w/huxings
2026-09-06T17:15:48.084+08:00 DEBUG 90233 --- [fang123-backend] [nio-8090-exec-1] o.s.security.web.FilterChainProxy        : Securing GET /api/public/loupans/KjtcfZ4fS2w/presale-permits
2026-09-06T17:15:48.084+08:00 DEBUG 90233 --- [fang123-backend] [nio-8090-exec-6] o.s.security.web.FilterChainProxy        : Securing GET /api/public/loupans/KjtcfZ4fS2w/medias
2026-09-06T17:15:48.086+08:00 DEBUG 90233 --- [fang123-backend] [nio-8090-exec-6] o.s.s.w.a.AnonymousAuthenticationFilter  : Set SecurityContextHolder to anonymous SecurityContext
2026-09-06T17:15:48.086+08:00 DEBUG 90233 --- [fang123-backend] [nio-8090-exec-5] o.s.s.w.a.AnonymousAuthenticationFilter  : Set SecurityContextHolder to anonymous SecurityContext
2026-09-06T17:15:48.086+08:00 DEBUG 90233 --- [fang123-backend] [nio-8090-exec-6] o.s.security.web.FilterChainProxy        : Secured GET /api/public/loupans/KjtcfZ4fS2w/medias
2026-09-06T17:15:48.086+08:00 DEBUG 90233 --- [fang123-backend] [nio-8090-exec-5] o.s.security.web.FilterChainProxy        : Secured GET /api/public/loupans/KjtcfZ4fS2w/huxings
2026-09-06T17:15:48.087+08:00 DEBUG 90233 --- [fang123-backend] [nio-8090-exec-1] o.s.s.w.a.AnonymousAuthenticationFilter  : Set SecurityContextHolder to anonymous SecurityContext
2026-09-06T17:15:48.087+08:00 DEBUG 90233 --- [fang123-backend] [nio-8090-exec-1] o.s.security.web.FilterChainProxy        : Secured GET /api/public/loupans/KjtcfZ4fS2w/presale-permits
2026-09-06T17:15:48.094+08:00 DEBUG 90233 --- [fang123-backend] [nio-8090-exec-1] c.f.m.L.selectList                       : ==>  Preparing: SELECT id,loupan_id,project_name,publicity_date,issue_date,develop_company,location,sale_address,sale_phone,online_sale_area,permit_no,permit_no_str,deleted,create_time,update_time FROM loupan_presale_permit WHERE deleted=0 AND (loupan_id = ?) ORDER BY issue_date DESC
2026-09-06T17:15:48.094+08:00 DEBUG 90233 --- [fang123-backend] [nio-8090-exec-1] c.f.m.L.selectList                       : ==> Parameters: 1(Long)
2026-09-06T17:15:48.095+08:00 DEBUG 90233 --- [fang123-backend] [nio-8090-exec-6] c.f.mapper.LoupanMediaMapper.selectList  : ==>  Preparing: SELECT id,loupan_id,huxing_id,media_type,media_url,media_title,sort,deleted,create_time FROM loupan_media WHERE deleted=0 AND (loupan_id = ?) ORDER BY sort ASC
2026-09-06T17:15:48.096+08:00 DEBUG 90233 --- [fang123-backend] [nio-8090-exec-5] c.f.m.LoupanHuxingMapper.selectList      : ==>  Preparing: SELECT id,loupan_id,huxing_name,area,inside_area,inside_area_with_gift,room_num,hall_num,toilet_num,balcony_num,orientation,floor_type,unit_price,total_price_start,total_price_end,is_show_house,tag,sort,huxing_image,standard_huxing_image,deleted,create_time,update_time FROM loupan_huxing WHERE deleted=0 AND (loupan_id = ?) ORDER BY sort ASC
2026-09-06T17:15:48.095+08:00 DEBUG 90233 --- [fang123-backend] [nio-8090-exec-6] c.f.mapper.LoupanMediaMapper.selectList  : ==> Parameters: 1(Long)
2026-09-06T17:15:48.096+08:00 DEBUG 90233 --- [fang123-backend] [nio-8090-exec-5] c.f.m.LoupanHuxingMapper.selectList      : ==> Parameters: 1(Long)
2026-09-06T17:15:48.113+08:00 DEBUG 90233 --- [fang123-backend] [nio-8090-exec-6] c.f.mapper.LoupanMediaMapper.selectList  : <==      Total: 4
2026-09-06T17:15:48.113+08:00 DEBUG 90233 --- [fang123-backend] [nio-8090-exec-5] c.f.m.LoupanHuxingMapper.selectList      : <==      Total: 5
2026-09-06T17:15:48.134+08:00 DEBUG 90233 --- [fang123-backend] [nio-8090-exec-1] c.f.m.L.selectList                       : <==      Total: 2
2026-09-06T17:15:55.368+08:00 DEBUG 90233 --- [fang123-backend] [nio-8090-exec-9] o.s.security.web.FilterChainProxy        : Securing GET /api/public/loupans/KjtcfZ4fS2w
2026-09-06T17:15:55.373+08:00 DEBUG 90233 --- [fang123-backend] [nio-8090-exec-9] o.s.s.w.a.AnonymousAuthenticationFilter  : Set SecurityContextHolder to anonymous SecurityContext
2026-09-06T17:15:55.374+08:00 DEBUG 90233 --- [fang123-backend] [nio-8090-exec-9] o.s.security.web.FilterChainProxy        : Secured GET /api/public/loupans/KjtcfZ4fS2w
2026-09-06T17:15:55.378+08:00 DEBUG 90233 --- [fang123-backend] [nio-8090-exec-9] c.f.mapper.LoupanMapper.selectById       : ==>  Preparing: SELECT id,land_id,land_no,cover_image,project_name,short_name,district,plate,avg_unit_price,avg_unit_price_yangfang,avg_unit_price_dieshu,avg_unit_price_paiwu,min_total_price,max_total_price,price_tag,sales_address,sales_status,sales_tel,project_address,show_house_desc,delivery_date,floor_height_min,floor_height_max,building_total,floor_min,floor_max,area_min,area_max,decorate_type,property_right_year,house_type,community_facility,people_car_separate,property_fee_high,property_fee_villa,property_company,park_total,park_sell_num,park_ratio,facade_material,self_hold_rate,build_area,land_area,house_total,plot_ratio,green_rate,project_company,brand_list,land_price,land_unit_price,land_buy_date,edu_support,traffic_support,medical_support,business_support,view_support,longitude,latitude,sort,deleted,create_time,update_time FROM loupan WHERE id=? AND deleted=0
2026-09-06T17:15:55.379+08:00 DEBUG 90233 --- [fang123-backend] [nio-8090-exec-9] c.f.mapper.LoupanMapper.selectById       : ==> Parameters: 1(Long)
2026-09-06T17:15:55.386+08:00 DEBUG 90233 --- [fang123-backend] [nio-8090-exec-9] c.f.mapper.LoupanMapper.selectById       : <==      Total: 1
2026-09-06T17:15:55.416+08:00 DEBUG 90233 --- [fang123-backend] [nio-8090-exec-3] o.s.security.web.FilterChainProxy        : Securing GET /api/public/loupans/KjtcfZ4fS2w/huxings
2026-09-06T17:15:55.417+08:00 DEBUG 90233 --- [fang123-backend] [nio-8090-exec-4] o.s.security.web.FilterChainProxy        : Securing GET /api/public/loupans/KjtcfZ4fS2w/presale-permits
2026-09-06T17:15:55.418+08:00 DEBUG 90233 --- [fang123-backend] [nio-8090-exec-3] o.s.s.w.a.AnonymousAuthenticationFilter  : Set SecurityContextHolder to anonymous SecurityContext
2026-09-06T17:15:55.419+08:00 DEBUG 90233 --- [fang123-backend] [nio-8090-exec-3] o.s.security.web.FilterChainProxy        : Secured GET /api/public/loupans/KjtcfZ4fS2w/huxings
2026-09-06T17:15:55.419+08:00 DEBUG 90233 --- [fang123-backend] [io-8090-exec-10] o.s.security.web.FilterChainProxy        : Securing GET /api/public/loupans/KjtcfZ4fS2w/medias
2026-09-06T17:15:55.421+08:00 DEBUG 90233 --- [fang123-backend] [nio-8090-exec-4] o.s.s.w.a.AnonymousAuthenticationFilter  : Set SecurityContextHolder to anonymous SecurityContext
2026-09-06T17:15:55.421+08:00 DEBUG 90233 --- [fang123-backend] [nio-8090-exec-4] o.s.security.web.FilterChainProxy        : Secured GET /api/public/loupans/KjtcfZ4fS2w/presale-permits
2026-09-06T17:15:55.422+08:00 DEBUG 90233 --- [fang123-backend] [io-8090-exec-10] o.s.s.w.a.AnonymousAuthenticationFilter  : Set SecurityContextHolder to anonymous SecurityContext
2026-09-06T17:15:55.422+08:00 DEBUG 90233 --- [fang123-backend] [io-8090-exec-10] o.s.security.web.FilterChainProxy        : Secured GET /api/public/loupans/KjtcfZ4fS2w/medias
2026-09-06T17:15:55.427+08:00 DEBUG 90233 --- [fang123-backend] [nio-8090-exec-4] c.f.m.L.selectList                       : ==>  Preparing: SELECT id,loupan_id,project_name,publicity_date,issue_date,develop_company,location,sale_address,sale_phone,online_sale_area,permit_no,permit_no_str,deleted,create_time,update_time FROM loupan_presale_permit WHERE deleted=0 AND (loupan_id = ?) ORDER BY issue_date DESC
2026-09-06T17:15:55.427+08:00 DEBUG 90233 --- [fang123-backend] [io-8090-exec-10] c.f.mapper.LoupanMediaMapper.selectList  : ==>  Preparing: SELECT id,loupan_id,huxing_id,media_type,media_url,media_title,sort,deleted,create_time FROM loupan_media WHERE deleted=0 AND (loupan_id = ?) ORDER BY sort ASC
2026-09-06T17:15:55.428+08:00 DEBUG 90233 --- [fang123-backend] [nio-8090-exec-4] c.f.m.L.selectList                       : ==> Parameters: 1(Long)
2026-09-06T17:15:55.428+08:00 DEBUG 90233 --- [fang123-backend] [nio-8090-exec-3] c.f.m.LoupanHuxingMapper.selectList      : ==>  Preparing: SELECT id,loupan_id,huxing_name,area,inside_area,inside_area_with_gift,room_num,hall_num,toilet_num,balcony_num,orientation,floor_type,unit_price,total_price_start,total_price_end,is_show_house,tag,sort,huxing_image,standard_huxing_image,deleted,create_time,update_time FROM loupan_huxing WHERE deleted=0 AND (loupan_id = ?) ORDER BY sort ASC
2026-09-06T17:15:55.428+08:00 DEBUG 90233 --- [fang123-backend] [io-8090-exec-10] c.f.mapper.LoupanMediaMapper.selectList  : ==> Parameters: 1(Long)
2026-09-06T17:15:55.428+08:00 DEBUG 90233 --- [fang123-backend] [nio-8090-exec-3] c.f.m.LoupanHuxingMapper.selectList      : ==> Parameters: 1(Long)
2026-09-06T17:15:55.430+08:00 DEBUG 90233 --- [fang123-backend] [nio-8090-exec-3] c.f.m.LoupanHuxingMapper.selectList      : <==      Total: 5
2026-09-06T17:15:55.432+08:00 DEBUG 90233 --- [fang123-backend] [io-8090-exec-10] c.f.mapper.LoupanMediaMapper.selectList  : <==      Total: 4
2026-09-06T17:15:55.459+08:00 DEBUG 90233 --- [fang123-backend] [nio-8090-exec-4] c.f.m.L.selectList                       : <==      Total: 2
2026-09-06T17:16:56.339+08:00 DEBUG 90233 --- [fang123-backend] [nio-8090-exec-2] o.s.security.web.FilterChainProxy        : Securing GET /api/public/loupans/KjtcfZ4fS2w
2026-09-06T17:16:56.361+08:00 DEBUG 90233 --- [fang123-backend] [nio-8090-exec-2] o.s.s.w.a.AnonymousAuthenticationFilter  : Set SecurityContextHolder to anonymous SecurityContext
2026-09-06T17:16:56.361+08:00 DEBUG 90233 --- [fang123-backend] [nio-8090-exec-2] o.s.security.web.FilterChainProxy        : Secured GET /api/public/loupans/KjtcfZ4fS2w
2026-09-06T17:16:56.305+08:00 DEBUG 90233 --- [fang123-backend] [nio-8090-exec-2] c.f.mapper.LoupanMapper.selectById       : ==>  Preparing: SELECT id,land_id,land_no,cover_image,project_name,short_name,district,plate,avg_unit_price,avg_unit_price_yangfang,avg_unit_price_dieshu,avg_unit_price_paiwu,min_total_price,max_total_price,price_tag,sales_address,sales_status,sales_tel,project_address,show_house_desc,delivery_date,floor_height_min,floor_height_max,building_total,floor_min,floor_max,area_min,area_max,decorate_type,property_right_year,house_type,community_facility,people_car_separate,property_fee_high,property_fee_villa,property_company,park_total,park_sell_num,park_ratio,facade_material,self_hold_rate,build_area,land_area,house_total,plot_ratio,green_rate,project_company,brand_list,land_price,land_unit_price,land_buy_date,edu_support,traffic_support,medical_support,business_support,view_support,longitude,latitude,sort,deleted,create_time,update_time FROM loupan WHERE id=? AND deleted=0
2026-09-06T17:16:56.306+08:00 DEBUG 90233 --- [fang123-backend] [nio-8090-exec-2] c.f.mapper.LoupanMapper.selectById       : ==> Parameters: 1(Long)
2026-09-06T17:16:56.319+08:00 DEBUG 90233 --- [fang123-backend] [nio-8090-exec-2] c.f.mapper.LoupanMapper.selectById       : <==      Total: 1
2026-09-06T17:16:56.463+08:00 DEBUG 90233 --- [fang123-backend] [nio-8090-exec-7] o.s.security.web.FilterChainProxy        : Securing GET /api/public/loupans/KjtcfZ4fS2w/presale-permits
2026-09-06T17:16:56.511+08:00 DEBUG 90233 --- [fang123-backend] [nio-8090-exec-7] o.s.s.w.a.AnonymousAuthenticationFilter  : Set SecurityContextHolder to anonymous SecurityContext
2026-09-06T17:16:56.512+08:00 DEBUG 90233 --- [fang123-backend] [nio-8090-exec-7] o.s.security.web.FilterChainProxy        : Secured GET /api/public/loupans/KjtcfZ4fS2w/presale-permits
2026-09-06T17:16:56.512+08:00 DEBUG 90233 --- [fang123-backend] [nio-8090-exec-8] o.s.security.web.FilterChainProxy        : Securing GET /api/public/loupans/KjtcfZ4fS2w/huxings
2026-09-06T17:16:56.517+08:00 DEBUG 90233 --- [fang123-backend] [nio-8090-exec-8] o.s.s.w.a.AnonymousAuthenticationFilter  : Set SecurityContextHolder to anonymous SecurityContext
2026-09-06T17:16:56.518+08:00 DEBUG 90233 --- [fang123-backend] [nio-8090-exec-6] o.s.security.web.FilterChainProxy        : Securing GET /api/public/loupans/KjtcfZ4fS2w/medias
2026-09-06T17:16:56.518+08:00 DEBUG 90233 --- [fang123-backend] [nio-8090-exec-8] o.s.security.web.FilterChainProxy        : Secured GET /api/public/loupans/KjtcfZ4fS2w/huxings
2026-09-06T17:16:56.519+08:00 DEBUG 90233 --- [fang123-backend] [nio-8090-exec-6] o.s.s.w.a.AnonymousAuthenticationFilter  : Set SecurityContextHolder to anonymous SecurityContext
2026-09-06T17:16:56.519+08:00 DEBUG 90233 --- [fang123-backend] [nio-8090-exec-6] o.s.security.web.FilterChainProxy        : Secured GET /api/public/loupans/KjtcfZ4fS2w/medias
2026-09-06T17:16:56.521+08:00 DEBUG 90233 --- [fang123-backend] [nio-8090-exec-6] c.f.mapper.LoupanMediaMapper.selectList  : ==>  Preparing: SELECT id,loupan_id,huxing_id,media_type,media_url,media_title,sort,deleted,create_time FROM loupan_media WHERE deleted=0 AND (loupan_id = ?) ORDER BY sort ASC
2026-09-06T17:16:56.522+08:00 DEBUG 90233 --- [fang123-backend] [nio-8090-exec-7] c.f.m.L.selectList                       : ==>  Preparing: SELECT id,loupan_id,project_name,publicity_date,issue_date,develop_company,location,sale_address,sale_phone,online_sale_area,permit_no,permit_no_str,deleted,create_time,update_time FROM loupan_presale_permit WHERE deleted=0 AND (loupan_id = ?) ORDER BY issue_date DESC
2026-09-06T17:16:56.522+08:00 DEBUG 90233 --- [fang123-backend] [nio-8090-exec-7] c.f.m.L.selectList                       : ==> Parameters: 1(Long)
2026-09-06T17:16:56.522+08:00 DEBUG 90233 --- [fang123-backend] [nio-8090-exec-6] c.f.mapper.LoupanMediaMapper.selectList  : ==> Parameters: 1(Long)
2026-09-06T17:16:56.522+08:00 DEBUG 90233 --- [fang123-backend] [nio-8090-exec-8] c.f.m.LoupanHuxingMapper.selectList      : ==>  Preparing: SELECT id,loupan_id,huxing_name,area,inside_area,inside_area_with_gift,room_num,hall_num,toilet_num,balcony_num,orientation,floor_type,unit_price,total_price_start,total_price_end,is_show_house,tag,sort,huxing_image,standard_huxing_image,deleted,create_time,update_time FROM loupan_huxing WHERE deleted=0 AND (loupan_id = ?) ORDER BY sort ASC
2026-09-06T17:16:56.523+08:00 DEBUG 90233 --- [fang123-backend] [nio-8090-exec-8] c.f.m.LoupanHuxingMapper.selectList      : ==> Parameters: 1(Long)
2026-09-06T17:16:56.530+08:00 DEBUG 90233 --- [fang123-backend] [nio-8090-exec-6] c.f.mapper.LoupanMediaMapper.selectList  : <==      Total: 4
2026-09-06T17:16:56.531+08:00 DEBUG 90233 --- [fang123-backend] [nio-8090-exec-8] c.f.m.LoupanHuxingMapper.selectList      : <==      Total: 5
2026-09-06T17:16:56.637+08:00 DEBUG 90233 --- [fang123-backend] [nio-8090-exec-7] c.f.m.L.selectList                       : <==      Total: 2
2026-09-06T17:17:30.573+08:00  WARN 90233 --- [fang123-backend] [l-1 housekeeper] com.zaxxer.hikari.pool.HikariPool        : HikariPool-1 - Thread starvation or clock leap detected (housekeeper delta=50s367ms).
2026-09-06T17:18:15.985+08:00 DEBUG 90233 --- [fang123-backend] [nio-8090-exec-5] o.s.security.web.FilterChainProxy        : Securing GET /api/public/loupans/KjtcfZ4fS2w
2026-09-06T17:18:15.994+08:00 DEBUG 90233 --- [fang123-backend] [nio-8090-exec-5] o.s.s.w.a.AnonymousAuthenticationFilter  : Set SecurityContextHolder to anonymous SecurityContext
2026-09-06T17:18:15.995+08:00 DEBUG 90233 --- [fang123-backend] [nio-8090-exec-5] o.s.security.web.FilterChainProxy        : Secured GET /api/public/loupans/KjtcfZ4fS2w
2026-09-06T17:18:16.005+08:00 DEBUG 90233 --- [fang123-backend] [nio-8090-exec-5] c.f.mapper.LoupanMapper.selectById       : ==>  Preparing: SELECT id,land_id,land_no,cover_image,project_name,short_name,district,plate,avg_unit_price,avg_unit_price_yangfang,avg_unit_price_dieshu,avg_unit_price_paiwu,min_total_price,max_total_price,price_tag,sales_address,sales_status,sales_tel,project_address,show_house_desc,delivery_date,floor_height_min,floor_height_max,building_total,floor_min,floor_max,area_min,area_max,decorate_type,property_right_year,house_type,community_facility,people_car_separate,property_fee_high,property_fee_villa,property_company,park_total,park_sell_num,park_ratio,facade_material,self_hold_rate,build_area,land_area,house_total,plot_ratio,green_rate,project_company,brand_list,land_price,land_unit_price,land_buy_date,edu_support,traffic_support,medical_support,business_support,view_support,longitude,latitude,sort,deleted,create_time,update_time FROM loupan WHERE id=? AND deleted=0
2026-09-06T17:18:16.007+08:00 DEBUG 90233 --- [fang123-backend] [nio-8090-exec-5] c.f.mapper.LoupanMapper.selectById       : ==> Parameters: 1(Long)
2026-09-06T17:18:16.059+08:00 DEBUG 90233 --- [fang123-backend] [nio-8090-exec-5] c.f.mapper.LoupanMapper.selectById       : <==      Total: 1
2026-09-06T17:18:16.161+08:00 DEBUG 90233 --- [fang123-backend] [nio-8090-exec-1] o.s.security.web.FilterChainProxy        : Securing GET /api/public/loupans/KjtcfZ4fS2w/huxings
2026-09-06T17:18:16.161+08:00 DEBUG 90233 --- [fang123-backend] [nio-8090-exec-9] o.s.security.web.FilterChainProxy        : Securing GET /api/public/loupans/KjtcfZ4fS2w/presale-permits
2026-09-06T17:18:16.162+08:00 DEBUG 90233 --- [fang123-backend] [nio-8090-exec-1] o.s.s.w.a.AnonymousAuthenticationFilter  : Set SecurityContextHolder to anonymous SecurityContext
2026-09-06T17:18:16.162+08:00 DEBUG 90233 --- [fang123-backend] [nio-8090-exec-3] o.s.security.web.FilterChainProxy        : Securing GET /api/public/loupans/KjtcfZ4fS2w/medias
2026-09-06T17:18:16.162+08:00 DEBUG 90233 --- [fang123-backend] [nio-8090-exec-1] o.s.security.web.FilterChainProxy        : Secured GET /api/public/loupans/KjtcfZ4fS2w/huxings
2026-09-06T17:18:16.162+08:00 DEBUG 90233 --- [fang123-backend] [nio-8090-exec-9] o.s.s.w.a.AnonymousAuthenticationFilter  : Set SecurityContextHolder to anonymous SecurityContext
2026-09-06T17:18:16.162+08:00 DEBUG 90233 --- [fang123-backend] [nio-8090-exec-9] o.s.security.web.FilterChainProxy        : Secured GET /api/public/loupans/KjtcfZ4fS2w/presale-permits
2026-09-06T17:18:16.162+08:00 DEBUG 90233 --- [fang123-backend] [nio-8090-exec-3] o.s.s.w.a.AnonymousAuthenticationFilter  : Set SecurityContextHolder to anonymous SecurityContext
2026-09-06T17:18:16.163+08:00 DEBUG 90233 --- [fang123-backend] [nio-8090-exec-3] o.s.security.web.FilterChainProxy        : Secured GET /api/public/loupans/KjtcfZ4fS2w/medias
2026-09-06T17:18:16.166+08:00 DEBUG 90233 --- [fang123-backend] [nio-8090-exec-3] c.f.mapper.LoupanMediaMapper.selectList  : ==>  Preparing: SELECT id,loupan_id,huxing_id,media_type,media_url,media_title,sort,deleted,create_time FROM loupan_media WHERE deleted=0 AND (loupan_id = ?) ORDER BY sort ASC
2026-09-06T17:18:16.167+08:00 DEBUG 90233 --- [fang123-backend] [nio-8090-exec-3] c.f.mapper.LoupanMediaMapper.selectList  : ==> Parameters: 1(Long)
2026-09-06T17:18:16.167+08:00 DEBUG 90233 --- [fang123-backend] [nio-8090-exec-9] c.f.m.L.selectList                       : ==>  Preparing: SELECT id,loupan_id,project_name,publicity_date,issue_date,develop_company,location,sale_address,sale_phone,online_sale_area,permit_no,permit_no_str,deleted,create_time,update_time FROM loupan_presale_permit WHERE deleted=0 AND (loupan_id = ?) ORDER BY issue_date DESC
2026-09-06T17:18:16.167+08:00 DEBUG 90233 --- [fang123-backend] [nio-8090-exec-1] c.f.m.LoupanHuxingMapper.selectList      : ==>  Preparing: SELECT id,loupan_id,huxing_name,area,inside_area,inside_area_with_gift,room_num,hall_num,toilet_num,balcony_num,orientation,floor_type,unit_price,total_price_start,total_price_end,is_show_house,tag,sort,huxing_image,standard_huxing_image,deleted,create_time,update_time FROM loupan_huxing WHERE deleted=0 AND (loupan_id = ?) ORDER BY sort ASC
2026-09-06T17:18:16.167+08:00 DEBUG 90233 --- [fang123-backend] [nio-8090-exec-1] c.f.m.LoupanHuxingMapper.selectList      : ==> Parameters: 1(Long)
2026-09-06T17:18:16.167+08:00 DEBUG 90233 --- [fang123-backend] [nio-8090-exec-9] c.f.m.L.selectList                       : ==> Parameters: 1(Long)
2026-09-06T17:18:16.173+08:00 DEBUG 90233 --- [fang123-backend] [nio-8090-exec-1] c.f.m.LoupanHuxingMapper.selectList      : <==      Total: 5
2026-09-06T17:18:16.173+08:00 DEBUG 90233 --- [fang123-backend] [nio-8090-exec-3] c.f.mapper.LoupanMediaMapper.selectList  : <==      Total: 4
2026-09-06T17:18:16.208+08:00 DEBUG 90233 --- [fang123-backend] [nio-8090-exec-9] c.f.m.L.selectList                       : <==      Total: 2
2026-09-06T17:18:24.047+08:00 DEBUG 90233 --- [fang123-backend] [io-8090-exec-10] o.s.security.web.FilterChainProxy        : Securing GET /api/public/loupans/KjtcfZ4fS2w
2026-09-06T17:18:24.052+08:00 DEBUG 90233 --- [fang123-backend] [io-8090-exec-10] o.s.s.w.a.AnonymousAuthenticationFilter  : Set SecurityContextHolder to anonymous SecurityContext
2026-09-06T17:18:24.052+08:00 DEBUG 90233 --- [fang123-backend] [io-8090-exec-10] o.s.security.web.FilterChainProxy        : Secured GET /api/public/loupans/KjtcfZ4fS2w
2026-09-06T17:18:24.057+08:00 DEBUG 90233 --- [fang123-backend] [io-8090-exec-10] c.f.mapper.LoupanMapper.selectById       : ==>  Preparing: SELECT id,land_id,land_no,cover_image,project_name,short_name,district,plate,avg_unit_price,avg_unit_price_yangfang,avg_unit_price_dieshu,avg_unit_price_paiwu,min_total_price,max_total_price,price_tag,sales_address,sales_status,sales_tel,project_address,show_house_desc,delivery_date,floor_height_min,floor_height_max,building_total,floor_min,floor_max,area_min,area_max,decorate_type,property_right_year,house_type,community_facility,people_car_separate,property_fee_high,property_fee_villa,property_company,park_total,park_sell_num,park_ratio,facade_material,self_hold_rate,build_area,land_area,house_total,plot_ratio,green_rate,project_company,brand_list,land_price,land_unit_price,land_buy_date,edu_support,traffic_support,medical_support,business_support,view_support,longitude,latitude,sort,deleted,create_time,update_time FROM loupan WHERE id=? AND deleted=0
2026-09-06T17:18:24.058+08:00 DEBUG 90233 --- [fang123-backend] [io-8090-exec-10] c.f.mapper.LoupanMapper.selectById       : ==> Parameters: 1(Long)
2026-09-06T17:18:24.062+08:00 DEBUG 90233 --- [fang123-backend] [io-8090-exec-10] c.f.mapper.LoupanMapper.selectById       : <==      Total: 1
2026-09-06T17:18:24.089+08:00 DEBUG 90233 --- [fang123-backend] [nio-8090-exec-6] o.s.security.web.FilterChainProxy        : Securing GET /api/public/loupans/KjtcfZ4fS2w/medias
2026-09-06T17:18:24.089+08:00 DEBUG 90233 --- [fang123-backend] [nio-8090-exec-4] o.s.security.web.FilterChainProxy        : Securing GET /api/public/loupans/KjtcfZ4fS2w/huxings
2026-09-06T17:18:24.090+08:00 DEBUG 90233 --- [fang123-backend] [nio-8090-exec-2] o.s.security.web.FilterChainProxy        : Securing GET /api/public/loupans/KjtcfZ4fS2w/presale-permits
2026-09-06T17:18:24.091+08:00 DEBUG 90233 --- [fang123-backend] [nio-8090-exec-4] o.s.s.w.a.AnonymousAuthenticationFilter  : Set SecurityContextHolder to anonymous SecurityContext
2026-09-06T17:18:24.091+08:00 DEBUG 90233 --- [fang123-backend] [nio-8090-exec-4] o.s.security.web.FilterChainProxy        : Secured GET /api/public/loupans/KjtcfZ4fS2w/huxings
2026-09-06T17:18:24.092+08:00 DEBUG 90233 --- [fang123-backend] [nio-8090-exec-6] o.s.s.w.a.AnonymousAuthenticationFilter  : Set SecurityContextHolder to anonymous SecurityContext
2026-09-06T17:18:24.092+08:00 DEBUG 90233 --- [fang123-backend] [nio-8090-exec-6] o.s.security.web.FilterChainProxy        : Secured GET /api/public/loupans/KjtcfZ4fS2w/medias
2026-09-06T17:18:24.092+08:00 DEBUG 90233 --- [fang123-backend] [nio-8090-exec-2] o.s.s.w.a.AnonymousAuthenticationFilter  : Set SecurityContextHolder to anonymous SecurityContext
2026-09-06T17:18:24.092+08:00 DEBUG 90233 --- [fang123-backend] [nio-8090-exec-2] o.s.security.web.FilterChainProxy        : Secured GET /api/public/loupans/KjtcfZ4fS2w/presale-permits
2026-09-06T17:18:24.095+08:00 DEBUG 90233 --- [fang123-backend] [nio-8090-exec-4] c.f.m.LoupanHuxingMapper.selectList      : ==>  Preparing: SELECT id,loupan_id,huxing_name,area,inside_area,inside_area_with_gift,room_num,hall_num,toilet_num,balcony_num,orientation,floor_type,unit_price,total_price_start,total_price_end,is_show_house,tag,sort,huxing_image,standard_huxing_image,deleted,create_time,update_time FROM loupan_huxing WHERE deleted=0 AND (loupan_id = ?) ORDER BY sort ASC
2026-09-06T17:18:24.095+08:00 DEBUG 90233 --- [fang123-backend] [nio-8090-exec-2] c.f.m.L.selectList                       : ==>  Preparing: SELECT id,loupan_id,project_name,publicity_date,issue_date,develop_company,location,sale_address,sale_phone,online_sale_area,permit_no,permit_no_str,deleted,create_time,update_time FROM loupan_presale_permit WHERE deleted=0 AND (loupan_id = ?) ORDER BY issue_date DESC
2026-09-06T17:18:24.095+08:00 DEBUG 90233 --- [fang123-backend] [nio-8090-exec-2] c.f.m.L.selectList                       : ==> Parameters: 1(Long)
2026-09-06T17:18:24.095+08:00 DEBUG 90233 --- [fang123-backend] [nio-8090-exec-6] c.f.mapper.LoupanMediaMapper.selectList  : ==>  Preparing: SELECT id,loupan_id,huxing_id,media_type,media_url,media_title,sort,deleted,create_time FROM loupan_media WHERE deleted=0 AND (loupan_id = ?) ORDER BY sort ASC
2026-09-06T17:18:24.096+08:00 DEBUG 90233 --- [fang123-backend] [nio-8090-exec-4] c.f.m.LoupanHuxingMapper.selectList      : ==> Parameters: 1(Long)
2026-09-06T17:18:24.096+08:00 DEBUG 90233 --- [fang123-backend] [nio-8090-exec-6] c.f.mapper.LoupanMediaMapper.selectList  : ==> Parameters: 1(Long)
2026-09-06T17:18:24.097+08:00 DEBUG 90233 --- [fang123-backend] [nio-8090-exec-6] c.f.mapper.LoupanMediaMapper.selectList  : <==      Total: 4
2026-09-06T17:18:24.098+08:00 DEBUG 90233 --- [fang123-backend] [nio-8090-exec-4] c.f.m.LoupanHuxingMapper.selectList      : <==      Total: 5
2026-09-06T17:18:24.127+08:00 DEBUG 90233 --- [fang123-backend] [nio-8090-exec-2] c.f.m.L.selectList                       : <==      Total: 2
2026-09-06T17:18:33.880+08:00 DEBUG 90233 --- [fang123-backend] [nio-8090-exec-8] o.s.security.web.FilterChainProxy        : Securing GET /api/public/loupans/KjtcfZ4fS2w
2026-09-06T17:18:33.884+08:00 DEBUG 90233 --- [fang123-backend] [nio-8090-exec-8] o.s.s.w.a.AnonymousAuthenticationFilter  : Set SecurityContextHolder to anonymous SecurityContext
2026-09-06T17:18:33.885+08:00 DEBUG 90233 --- [fang123-backend] [nio-8090-exec-8] o.s.security.web.FilterChainProxy        : Secured GET /api/public/loupans/KjtcfZ4fS2w
2026-09-06T17:18:33.888+08:00 DEBUG 90233 --- [fang123-backend] [nio-8090-exec-8] c.f.mapper.LoupanMapper.selectById       : ==>  Preparing: SELECT id,land_id,land_no,cover_image,project_name,short_name,district,plate,avg_unit_price,avg_unit_price_yangfang,avg_unit_price_dieshu,avg_unit_price_paiwu,min_total_price,max_total_price,price_tag,sales_address,sales_status,sales_tel,project_address,show_house_desc,delivery_date,floor_height_min,floor_height_max,building_total,floor_min,floor_max,area_min,area_max,decorate_type,property_right_year,house_type,community_facility,people_car_separate,property_fee_high,property_fee_villa,property_company,park_total,park_sell_num,park_ratio,facade_material,self_hold_rate,build_area,land_area,house_total,plot_ratio,green_rate,project_company,brand_list,land_price,land_unit_price,land_buy_date,edu_support,traffic_support,medical_support,business_support,view_support,longitude,latitude,sort,deleted,create_time,update_time FROM loupan WHERE id=? AND deleted=0
2026-09-06T17:18:33.889+08:00 DEBUG 90233 --- [fang123-backend] [nio-8090-exec-8] c.f.mapper.LoupanMapper.selectById       : ==> Parameters: 1(Long)
2026-09-06T17:18:33.893+08:00 DEBUG 90233 --- [fang123-backend] [nio-8090-exec-8] c.f.mapper.LoupanMapper.selectById       : <==      Total: 1
2026-09-06T17:18:33.919+08:00 DEBUG 90233 --- [fang123-backend] [nio-8090-exec-7] o.s.security.web.FilterChainProxy        : Securing GET /api/public/loupans/KjtcfZ4fS2w/huxings
2026-09-06T17:18:33.918+08:00 DEBUG 90233 --- [fang123-backend] [nio-8090-exec-5] o.s.security.web.FilterChainProxy        : Securing GET /api/public/loupans/KjtcfZ4fS2w/presale-permits
2026-09-06T17:18:33.919+08:00 DEBUG 90233 --- [fang123-backend] [nio-8090-exec-1] o.s.security.web.FilterChainProxy        : Securing GET /api/public/loupans/KjtcfZ4fS2w/medias
2026-09-06T17:18:33.920+08:00 DEBUG 90233 --- [fang123-backend] [nio-8090-exec-7] o.s.s.w.a.AnonymousAuthenticationFilter  : Set SecurityContextHolder to anonymous SecurityContext
2026-09-06T17:18:33.920+08:00 DEBUG 90233 --- [fang123-backend] [nio-8090-exec-1] o.s.s.w.a.AnonymousAuthenticationFilter  : Set SecurityContextHolder to anonymous SecurityContext
2026-09-06T17:18:33.920+08:00 DEBUG 90233 --- [fang123-backend] [nio-8090-exec-7] o.s.security.web.FilterChainProxy        : Secured GET /api/public/loupans/KjtcfZ4fS2w/huxings
2026-09-06T17:18:33.921+08:00 DEBUG 90233 --- [fang123-backend] [nio-8090-exec-1] o.s.security.web.FilterChainProxy        : Secured GET /api/public/loupans/KjtcfZ4fS2w/medias
2026-09-06T17:18:33.921+08:00 DEBUG 90233 --- [fang123-backend] [nio-8090-exec-5] o.s.s.w.a.AnonymousAuthenticationFilter  : Set SecurityContextHolder to anonymous SecurityContext
2026-09-06T17:18:33.922+08:00 DEBUG 90233 --- [fang123-backend] [nio-8090-exec-5] o.s.security.web.FilterChainProxy        : Secured GET /api/public/loupans/KjtcfZ4fS2w/presale-permits
2026-09-06T17:18:33.924+08:00 DEBUG 90233 --- [fang123-backend] [nio-8090-exec-1] c.f.mapper.LoupanMediaMapper.selectList  : ==>  Preparing: SELECT id,loupan_id,huxing_id,media_type,media_url,media_title,sort,deleted,create_time FROM loupan_media WHERE deleted=0 AND (loupan_id = ?) ORDER BY sort ASC
2026-09-06T17:18:33.924+08:00 DEBUG 90233 --- [fang123-backend] [nio-8090-exec-5] c.f.m.L.selectList                       : ==>  Preparing: SELECT id,loupan_id,project_name,publicity_date,issue_date,develop_company,location,sale_address,sale_phone,online_sale_area,permit_no,permit_no_str,deleted,create_time,update_time FROM loupan_presale_permit WHERE deleted=0 AND (loupan_id = ?) ORDER BY issue_date DESC
2026-09-06T17:18:33.924+08:00 DEBUG 90233 --- [fang123-backend] [nio-8090-exec-7] c.f.m.LoupanHuxingMapper.selectList      : ==>  Preparing: SELECT id,loupan_id,huxing_name,area,inside_area,inside_area_with_gift,room_num,hall_num,toilet_num,balcony_num,orientation,floor_type,unit_price,total_price_start,total_price_end,is_show_house,tag,sort,huxing_image,standard_huxing_image,deleted,create_time,update_time FROM loupan_huxing WHERE deleted=0 AND (loupan_id = ?) ORDER BY sort ASC
2026-09-06T17:18:33.925+08:00 DEBUG 90233 --- [fang123-backend] [nio-8090-exec-1] c.f.mapper.LoupanMediaMapper.selectList  : ==> Parameters: 1(Long)
2026-09-06T17:18:33.925+08:00 DEBUG 90233 --- [fang123-backend] [nio-8090-exec-7] c.f.m.LoupanHuxingMapper.selectList      : ==> Parameters: 1(Long)
2026-09-06T17:18:33.925+08:00 DEBUG 90233 --- [fang123-backend] [nio-8090-exec-5] c.f.m.L.selectList                       : ==> Parameters: 1(Long)
2026-09-06T17:18:33.927+08:00 DEBUG 90233 --- [fang123-backend] [nio-8090-exec-1] c.f.mapper.LoupanMediaMapper.selectList  : <==      Total: 4
2026-09-06T17:18:33.928+08:00 DEBUG 90233 --- [fang123-backend] [nio-8090-exec-7] c.f.m.LoupanHuxingMapper.selectList      : <==      Total: 5
2026-09-06T17:18:33.956+08:00 DEBUG 90233 --- [fang123-backend] [nio-8090-exec-5] c.f.m.L.selectList                       : <==      Total: 2
2026-09-06T17:18:40.860+08:00 DEBUG 90233 --- [fang123-backend] [nio-8090-exec-3] o.s.security.web.FilterChainProxy        : Securing GET /api/public/loupans/KjtcfZ4fS2w
2026-09-06T17:18:40.866+08:00 DEBUG 90233 --- [fang123-backend] [nio-8090-exec-3] o.s.s.w.a.AnonymousAuthenticationFilter  : Set SecurityContextHolder to anonymous SecurityContext
2026-09-06T17:18:40.866+08:00 DEBUG 90233 --- [fang123-backend] [nio-8090-exec-3] o.s.security.web.FilterChainProxy        : Secured GET /api/public/loupans/KjtcfZ4fS2w
2026-09-06T17:18:40.871+08:00 DEBUG 90233 --- [fang123-backend] [nio-8090-exec-3] c.f.mapper.LoupanMapper.selectById       : ==>  Preparing: SELECT id,land_id,land_no,cover_image,project_name,short_name,district,plate,avg_unit_price,avg_unit_price_yangfang,avg_unit_price_dieshu,avg_unit_price_paiwu,min_total_price,max_total_price,price_tag,sales_address,sales_status,sales_tel,project_address,show_house_desc,delivery_date,floor_height_min,floor_height_max,building_total,floor_min,floor_max,area_min,area_max,decorate_type,property_right_year,house_type,community_facility,people_car_separate,property_fee_high,property_fee_villa,property_company,park_total,park_sell_num,park_ratio,facade_material,self_hold_rate,build_area,land_area,house_total,plot_ratio,green_rate,project_company,brand_list,land_price,land_unit_price,land_buy_date,edu_support,traffic_support,medical_support,business_support,view_support,longitude,latitude,sort,deleted,create_time,update_time FROM loupan WHERE id=? AND deleted=0
2026-09-06T17:18:40.872+08:00 DEBUG 90233 --- [fang123-backend] [nio-8090-exec-3] c.f.mapper.LoupanMapper.selectById       : ==> Parameters: 1(Long)
2026-09-06T17:18:40.877+08:00 DEBUG 90233 --- [fang123-backend] [nio-8090-exec-3] c.f.mapper.LoupanMapper.selectById       : <==      Total: 1
2026-09-06T17:18:40.903+08:00 DEBUG 90233 --- [fang123-backend] [nio-8090-exec-9] o.s.security.web.FilterChainProxy        : Securing GET /api/public/loupans/KjtcfZ4fS2w/huxings
2026-09-06T17:18:40.903+08:00 DEBUG 90233 --- [fang123-backend] [io-8090-exec-10] o.s.security.web.FilterChainProxy        : Securing GET /api/public/loupans/KjtcfZ4fS2w/presale-permits
2026-09-06T17:18:40.903+08:00 DEBUG 90233 --- [fang123-backend] [nio-8090-exec-4] o.s.security.web.FilterChainProxy        : Securing GET /api/public/loupans/KjtcfZ4fS2w/medias
2026-09-06T17:18:40.904+08:00 DEBUG 90233 --- [fang123-backend] [io-8090-exec-10] o.s.s.w.a.AnonymousAuthenticationFilter  : Set SecurityContextHolder to anonymous SecurityContext
2026-09-06T17:18:40.904+08:00 DEBUG 90233 --- [fang123-backend] [nio-8090-exec-4] o.s.s.w.a.AnonymousAuthenticationFilter  : Set SecurityContextHolder to anonymous SecurityContext
2026-09-06T17:18:40.904+08:00 DEBUG 90233 --- [fang123-backend] [io-8090-exec-10] o.s.security.web.FilterChainProxy        : Secured GET /api/public/loupans/KjtcfZ4fS2w/presale-permits
2026-09-06T17:18:40.905+08:00 DEBUG 90233 --- [fang123-backend] [nio-8090-exec-4] o.s.security.web.FilterChainProxy        : Secured GET /api/public/loupans/KjtcfZ4fS2w/medias
2026-09-06T17:18:40.905+08:00 DEBUG 90233 --- [fang123-backend] [nio-8090-exec-9] o.s.s.w.a.AnonymousAuthenticationFilter  : Set SecurityContextHolder to anonymous SecurityContext
2026-09-06T17:18:40.905+08:00 DEBUG 90233 --- [fang123-backend] [nio-8090-exec-9] o.s.security.web.FilterChainProxy        : Secured GET /api/public/loupans/KjtcfZ4fS2w/huxings
2026-09-06T17:18:40.909+08:00 DEBUG 90233 --- [fang123-backend] [io-8090-exec-10] c.f.m.L.selectList                       : ==>  Preparing: SELECT id,loupan_id,project_name,publicity_date,issue_date,develop_company,location,sale_address,sale_phone,online_sale_area,permit_no,permit_no_str,deleted,create_time,update_time FROM loupan_presale_permit WHERE deleted=0 AND (loupan_id = ?) ORDER BY issue_date DESC
2026-09-06T17:18:40.909+08:00 DEBUG 90233 --- [fang123-backend] [io-8090-exec-10] c.f.m.L.selectList                       : ==> Parameters: 1(Long)
2026-09-06T17:18:40.909+08:00 DEBUG 90233 --- [fang123-backend] [nio-8090-exec-4] c.f.mapper.LoupanMediaMapper.selectList  : ==>  Preparing: SELECT id,loupan_id,huxing_id,media_type,media_url,media_title,sort,deleted,create_time FROM loupan_media WHERE deleted=0 AND (loupan_id = ?) ORDER BY sort ASC
2026-09-06T17:18:40.909+08:00 DEBUG 90233 --- [fang123-backend] [nio-8090-exec-4] c.f.mapper.LoupanMediaMapper.selectList  : ==> Parameters: 1(Long)
2026-09-06T17:18:40.909+08:00 DEBUG 90233 --- [fang123-backend] [nio-8090-exec-9] c.f.m.LoupanHuxingMapper.selectList      : ==>  Preparing: SELECT id,loupan_id,huxing_name,area,inside_area,inside_area_with_gift,room_num,hall_num,toilet_num,balcony_num,orientation,floor_type,unit_price,total_price_start,total_price_end,is_show_house,tag,sort,huxing_image,standard_huxing_image,deleted,create_time,update_time FROM loupan_huxing WHERE deleted=0 AND (loupan_id = ?) ORDER BY sort ASC
2026-09-06T17:18:40.910+08:00 DEBUG 90233 --- [fang123-backend] [nio-8090-exec-9] c.f.m.LoupanHuxingMapper.selectList      : ==> Parameters: 1(Long)
2026-09-06T17:18:40.912+08:00 DEBUG 90233 --- [fang123-backend] [nio-8090-exec-4] c.f.mapper.LoupanMediaMapper.selectList  : <==      Total: 4
2026-09-06T17:18:40.914+08:00 DEBUG 90233 --- [fang123-backend] [nio-8090-exec-9] c.f.m.LoupanHuxingMapper.selectList      : <==      Total: 5
2026-09-06T17:18:40.942+08:00 DEBUG 90233 --- [fang123-backend] [io-8090-exec-10] c.f.m.L.selectList                       : <==      Total: 2
2026-09-06T17:32:59.132+08:00 DEBUG 90233 --- [fang123-backend] [nio-8090-exec-6] o.s.security.web.FilterChainProxy        : Securing GET /api/public/loupans/KjtcfZ4fS2w
2026-09-06T17:32:59.142+08:00 DEBUG 90233 --- [fang123-backend] [nio-8090-exec-6] o.s.s.w.a.AnonymousAuthenticationFilter  : Set SecurityContextHolder to anonymous SecurityContext
2026-09-06T17:32:59.142+08:00 DEBUG 90233 --- [fang123-backend] [nio-8090-exec-6] o.s.security.web.FilterChainProxy        : Secured GET /api/public/loupans/KjtcfZ4fS2w
2026-09-06T17:32:59.158+08:00 DEBUG 90233 --- [fang123-backend] [nio-8090-exec-6] c.f.mapper.LoupanMapper.selectById       : ==>  Preparing: SELECT id,land_id,land_no,cover_image,project_name,short_name,district,plate,avg_unit_price,avg_unit_price_yangfang,avg_unit_price_dieshu,avg_unit_price_paiwu,min_total_price,max_total_price,price_tag,sales_address,sales_status,sales_tel,project_address,show_house_desc,delivery_date,floor_height_min,floor_height_max,building_total,floor_min,floor_max,area_min,area_max,decorate_type,property_right_year,house_type,community_facility,people_car_separate,property_fee_high,property_fee_villa,property_company,park_total,park_sell_num,park_ratio,facade_material,self_hold_rate,build_area,land_area,house_total,plot_ratio,green_rate,project_company,brand_list,land_price,land_unit_price,land_buy_date,edu_support,traffic_support,medical_support,business_support,view_support,longitude,latitude,sort,deleted,create_time,update_time FROM loupan WHERE id=? AND deleted=0
2026-09-06T17:32:59.158+08:00 DEBUG 90233 --- [fang123-backend] [nio-8090-exec-6] c.f.mapper.LoupanMapper.selectById       : ==> Parameters: 1(Long)
2026-09-06T17:32:59.206+08:00 DEBUG 90233 --- [fang123-backend] [nio-8090-exec-6] c.f.mapper.LoupanMapper.selectById       : <==      Total: 1
2026-09-06T17:32:59.339+08:00 DEBUG 90233 --- [fang123-backend] [nio-8090-exec-8] o.s.security.web.FilterChainProxy        : Securing GET /api/public/loupans/KjtcfZ4fS2w/presale-permits
2026-09-06T17:32:59.339+08:00 DEBUG 90233 --- [fang123-backend] [nio-8090-exec-1] o.s.security.web.FilterChainProxy        : Securing GET /api/public/loupans/KjtcfZ4fS2w/medias
2026-09-06T17:32:59.339+08:00 DEBUG 90233 --- [fang123-backend] [nio-8090-exec-2] o.s.security.web.FilterChainProxy        : Securing GET /api/public/loupans/KjtcfZ4fS2w/huxings
2026-09-06T17:32:59.341+08:00 DEBUG 90233 --- [fang123-backend] [nio-8090-exec-2] o.s.s.w.a.AnonymousAuthenticationFilter  : Set SecurityContextHolder to anonymous SecurityContext
2026-09-06T17:32:59.341+08:00 DEBUG 90233 --- [fang123-backend] [nio-8090-exec-1] o.s.s.w.a.AnonymousAuthenticationFilter  : Set SecurityContextHolder to anonymous SecurityContext
2026-09-06T17:32:59.341+08:00 DEBUG 90233 --- [fang123-backend] [nio-8090-exec-8] o.s.s.w.a.AnonymousAuthenticationFilter  : Set SecurityContextHolder to anonymous SecurityContext
2026-09-06T17:32:59.341+08:00 DEBUG 90233 --- [fang123-backend] [nio-8090-exec-1] o.s.security.web.FilterChainProxy        : Secured GET /api/public/loupans/KjtcfZ4fS2w/medias
2026-09-06T17:32:59.341+08:00 DEBUG 90233 --- [fang123-backend] [nio-8090-exec-2] o.s.security.web.FilterChainProxy        : Secured GET /api/public/loupans/KjtcfZ4fS2w/huxings
2026-09-06T17:32:59.341+08:00 DEBUG 90233 --- [fang123-backend] [nio-8090-exec-8] o.s.security.web.FilterChainProxy        : Secured GET /api/public/loupans/KjtcfZ4fS2w/presale-permits
2026-09-06T17:32:59.343+08:00 DEBUG 90233 --- [fang123-backend] [nio-8090-exec-1] c.f.mapper.LoupanMediaMapper.selectList  : ==>  Preparing: SELECT id,loupan_id,huxing_id,media_type,media_url,media_title,sort,deleted,create_time FROM loupan_media WHERE deleted=0 AND (loupan_id = ?) ORDER BY sort ASC
2026-09-06T17:32:59.343+08:00 DEBUG 90233 --- [fang123-backend] [nio-8090-exec-1] c.f.mapper.LoupanMediaMapper.selectList  : ==> Parameters: 1(Long)
2026-09-06T17:32:59.344+08:00 DEBUG 90233 --- [fang123-backend] [nio-8090-exec-8] c.f.m.L.selectList                       : ==>  Preparing: SELECT id,loupan_id,project_name,publicity_date,issue_date,develop_company,location,sale_address,sale_phone,online_sale_area,permit_no,permit_no_str,deleted,create_time,update_time FROM loupan_presale_permit WHERE deleted=0 AND (loupan_id = ?) ORDER BY issue_date DESC
2026-09-06T17:32:59.344+08:00 DEBUG 90233 --- [fang123-backend] [nio-8090-exec-2] c.f.m.LoupanHuxingMapper.selectList      : ==>  Preparing: SELECT id,loupan_id,huxing_name,area,inside_area,inside_area_with_gift,room_num,hall_num,toilet_num,balcony_num,orientation,floor_type,unit_price,total_price_start,total_price_end,is_show_house,tag,sort,huxing_image,standard_huxing_image,deleted,create_time,update_time FROM loupan_huxing WHERE deleted=0 AND (loupan_id = ?) ORDER BY sort ASC
2026-09-06T17:32:59.344+08:00 DEBUG 90233 --- [fang123-backend] [nio-8090-exec-2] c.f.m.LoupanHuxingMapper.selectList      : ==> Parameters: 1(Long)
2026-09-06T17:32:59.344+08:00 DEBUG 90233 --- [fang123-backend] [nio-8090-exec-8] c.f.m.L.selectList                       : ==> Parameters: 1(Long)
2026-09-06T17:32:59.348+08:00 DEBUG 90233 --- [fang123-backend] [nio-8090-exec-1] c.f.mapper.LoupanMediaMapper.selectList  : <==      Total: 4
2026-09-06T17:32:59.352+08:00 DEBUG 90233 --- [fang123-backend] [nio-8090-exec-2] c.f.m.LoupanHuxingMapper.selectList      : <==      Total: 5
2026-09-06T17:32:59.380+08:00 DEBUG 90233 --- [fang123-backend] [nio-8090-exec-8] c.f.m.L.selectList                       : <==      Total: 2
2026-09-06T17:45:38.691+08:00  WARN 90233 --- [fang123-backend] [l-1 housekeeper] com.zaxxer.hikari.pool.HikariPool        : HikariPool-1 - Thread starvation or clock leap detected (housekeeper delta=12m37s979ms).
2026-09-06T17:54:00.196+08:00 DEBUG 90233 --- [fang123-backend] [nio-8090-exec-5] o.s.security.web.FilterChainProxy        : Securing GET /api/public/loupan-filters
2026-09-06T17:54:00.196+08:00 DEBUG 90233 --- [fang123-backend] [nio-8090-exec-7] o.s.security.web.FilterChainProxy        : Securing GET /api/public/loupans?page=1&size=12&salesStatus=1
2026-09-06T17:54:00.209+08:00 DEBUG 90233 --- [fang123-backend] [nio-8090-exec-7] o.s.s.w.a.AnonymousAuthenticationFilter  : Set SecurityContextHolder to anonymous SecurityContext
2026-09-06T17:54:00.211+08:00 DEBUG 90233 --- [fang123-backend] [nio-8090-exec-7] o.s.security.web.FilterChainProxy        : Secured GET /api/public/loupans?page=1&size=12&salesStatus=1
2026-09-06T17:54:00.210+08:00 DEBUG 90233 --- [fang123-backend] [nio-8090-exec-5] o.s.s.w.a.AnonymousAuthenticationFilter  : Set SecurityContextHolder to anonymous SecurityContext
2026-09-06T17:54:00.211+08:00 DEBUG 90233 --- [fang123-backend] [nio-8090-exec-5] o.s.security.web.FilterChainProxy        : Secured GET /api/public/loupan-filters
2026-09-06T17:54:00.229+08:00 DEBUG 90233 --- [fang123-backend] [nio-8090-exec-5] c.f.mapper.LoupanMapper.selectList       : ==>  Preparing: SELECT id,land_id,land_no,cover_image,project_name,short_name,district,plate,avg_unit_price,avg_unit_price_yangfang,avg_unit_price_dieshu,avg_unit_price_paiwu,min_total_price,max_total_price,price_tag,sales_address,sales_status,sales_tel,project_address,show_house_desc,delivery_date,floor_height_min,floor_height_max,building_total,floor_min,floor_max,area_min,area_max,decorate_type,property_right_year,house_type,community_facility,people_car_separate,property_fee_high,property_fee_villa,property_company,park_total,park_sell_num,park_ratio,facade_material,self_hold_rate,build_area,land_area,house_total,plot_ratio,green_rate,project_company,brand_list,land_price,land_unit_price,land_buy_date,edu_support,traffic_support,medical_support,business_support,view_support,longitude,latitude,sort,deleted,create_time,update_time FROM loupan WHERE deleted=0
2026-09-06T17:54:00.231+08:00 DEBUG 90233 --- [fang123-backend] [nio-8090-exec-5] c.f.mapper.LoupanMapper.selectList       : ==> Parameters: 
2026-09-06T17:54:00.254+08:00 DEBUG 90233 --- [fang123-backend] [nio-8090-exec-7] c.f.m.LoupanMapper.selectList_mpCount    : ==>  Preparing: SELECT COUNT(*) AS total FROM loupan WHERE deleted = 0 AND (sales_status IN (?))
2026-09-06T17:54:00.255+08:00 DEBUG 90233 --- [fang123-backend] [nio-8090-exec-7] c.f.m.LoupanMapper.selectList_mpCount    : ==> Parameters: 1(Integer)
2026-09-06T17:54:00.275+08:00 DEBUG 90233 --- [fang123-backend] [nio-8090-exec-7] c.f.m.LoupanMapper.selectList_mpCount    : <==      Total: 1
2026-09-06T17:54:00.278+08:00 DEBUG 90233 --- [fang123-backend] [nio-8090-exec-5] c.f.mapper.LoupanMapper.selectList       : <==      Total: 3
2026-09-06T17:54:01.026+08:00 DEBUG 90233 --- [fang123-backend] [nio-8090-exec-3] o.s.security.web.FilterChainProxy        : Securing GET /api/public/loupan-filters
2026-09-06T17:54:01.027+08:00 DEBUG 90233 --- [fang123-backend] [nio-8090-exec-4] o.s.security.web.FilterChainProxy        : Securing GET /api/public/loupans?page=1&size=10&salesStatus=2,3
2026-09-06T17:54:01.028+08:00 DEBUG 90233 --- [fang123-backend] [nio-8090-exec-3] o.s.s.w.a.AnonymousAuthenticationFilter  : Set SecurityContextHolder to anonymous SecurityContext
2026-09-06T17:54:01.029+08:00 DEBUG 90233 --- [fang123-backend] [nio-8090-exec-3] o.s.security.web.FilterChainProxy        : Secured GET /api/public/loupan-filters
2026-09-06T17:54:01.029+08:00 DEBUG 90233 --- [fang123-backend] [nio-8090-exec-4] o.s.s.w.a.AnonymousAuthenticationFilter  : Set SecurityContextHolder to anonymous SecurityContext
2026-09-06T17:54:01.029+08:00 DEBUG 90233 --- [fang123-backend] [nio-8090-exec-4] o.s.security.web.FilterChainProxy        : Secured GET /api/public/loupans?page=1&size=10&salesStatus=2,3
2026-09-06T17:54:01.041+08:00 DEBUG 90233 --- [fang123-backend] [nio-8090-exec-3] c.f.mapper.LoupanMapper.selectList       : ==>  Preparing: SELECT id,land_id,land_no,cover_image,project_name,short_name,district,plate,avg_unit_price,avg_unit_price_yangfang,avg_unit_price_dieshu,avg_unit_price_paiwu,min_total_price,max_total_price,price_tag,sales_address,sales_status,sales_tel,project_address,show_house_desc,delivery_date,floor_height_min,floor_height_max,building_total,floor_min,floor_max,area_min,area_max,decorate_type,property_right_year,house_type,community_facility,people_car_separate,property_fee_high,property_fee_villa,property_company,park_total,park_sell_num,park_ratio,facade_material,self_hold_rate,build_area,land_area,house_total,plot_ratio,green_rate,project_company,brand_list,land_price,land_unit_price,land_buy_date,edu_support,traffic_support,medical_support,business_support,view_support,longitude,latitude,sort,deleted,create_time,update_time FROM loupan WHERE deleted=0
2026-09-06T17:54:01.041+08:00 DEBUG 90233 --- [fang123-backend] [nio-8090-exec-3] c.f.mapper.LoupanMapper.selectList       : ==> Parameters: 
2026-09-06T17:54:01.049+08:00 DEBUG 90233 --- [fang123-backend] [nio-8090-exec-3] c.f.mapper.LoupanMapper.selectList       : <==      Total: 3
2026-09-06T17:54:01.051+08:00 DEBUG 90233 --- [fang123-backend] [nio-8090-exec-4] c.f.m.LoupanMapper.selectList_mpCount    : ==>  Preparing: SELECT COUNT(*) AS total FROM loupan WHERE deleted = 0 AND (sales_status IN (?, ?))
2026-09-06T17:54:01.051+08:00 DEBUG 90233 --- [fang123-backend] [nio-8090-exec-4] c.f.m.LoupanMapper.selectList_mpCount    : ==> Parameters: 2(Integer), 3(Integer)
2026-09-06T17:54:01.055+08:00 DEBUG 90233 --- [fang123-backend] [nio-8090-exec-4] c.f.m.LoupanMapper.selectList_mpCount    : <==      Total: 1
2026-09-06T17:54:01.055+08:00 DEBUG 90233 --- [fang123-backend] [nio-8090-exec-4] c.f.mapper.LoupanMapper.selectList       : ==>  Preparing: SELECT id,land_id,land_no,cover_image,project_name,short_name,district,plate,avg_unit_price,avg_unit_price_yangfang,avg_unit_price_dieshu,avg_unit_price_paiwu,min_total_price,max_total_price,price_tag,sales_address,sales_status,sales_tel,project_address,show_house_desc,delivery_date,floor_height_min,floor_height_max,building_total,floor_min,floor_max,area_min,area_max,decorate_type,property_right_year,house_type,community_facility,people_car_separate,property_fee_high,property_fee_villa,property_company,park_total,park_sell_num,park_ratio,facade_material,self_hold_rate,build_area,land_area,house_total,plot_ratio,green_rate,project_company,brand_list,land_price,land_unit_price,land_buy_date,edu_support,traffic_support,medical_support,business_support,view_support,longitude,latitude,sort,deleted,create_time,update_time FROM loupan WHERE deleted=0 AND (sales_status IN (?,?)) ORDER BY sort DESC,create_time DESC LIMIT ?
2026-09-06T17:54:01.056+08:00 DEBUG 90233 --- [fang123-backend] [nio-8090-exec-4] c.f.mapper.LoupanMapper.selectList       : ==> Parameters: 2(Integer), 3(Integer), 10(Long)
2026-09-06T17:54:01.062+08:00 DEBUG 90233 --- [fang123-backend] [nio-8090-exec-4] c.f.mapper.LoupanMapper.selectList       : <==      Total: 2
2026-09-06T17:54:01.067+08:00 DEBUG 90233 --- [fang123-backend] [nio-8090-exec-9] o.s.security.web.FilterChainProxy        : Securing GET /api/public/loupans/huxings/batch?loupanIds=2,1
2026-09-06T17:54:01.070+08:00 DEBUG 90233 --- [fang123-backend] [nio-8090-exec-9] o.s.s.w.a.AnonymousAuthenticationFilter  : Set SecurityContextHolder to anonymous SecurityContext
2026-09-06T17:54:01.070+08:00 DEBUG 90233 --- [fang123-backend] [nio-8090-exec-9] o.s.security.web.FilterChainProxy        : Secured GET /api/public/loupans/huxings/batch?loupanIds=2,1
2026-09-06T17:54:01.074+08:00 DEBUG 90233 --- [fang123-backend] [nio-8090-exec-9] c.f.m.LoupanHuxingMapper.selectList      : ==>  Preparing: SELECT id,loupan_id,huxing_name,area,inside_area,inside_area_with_gift,room_num,hall_num,toilet_num,balcony_num,orientation,floor_type,unit_price,total_price_start,total_price_end,is_show_house,tag,sort,huxing_image,standard_huxing_image,deleted,create_time,update_time FROM loupan_huxing WHERE deleted=0 AND (loupan_id = ?) ORDER BY area DESC
2026-09-06T17:54:01.074+08:00 DEBUG 90233 --- [fang123-backend] [nio-8090-exec-9] c.f.m.LoupanHuxingMapper.selectList      : ==> Parameters: 2(Long)
2026-09-06T17:54:01.080+08:00 DEBUG 90233 --- [fang123-backend] [nio-8090-exec-9] c.f.m.LoupanHuxingMapper.selectList      : <==      Total: 0
2026-09-06T17:54:01.081+08:00 DEBUG 90233 --- [fang123-backend] [nio-8090-exec-9] c.f.m.LoupanHuxingMapper.selectList      : ==>  Preparing: SELECT id,loupan_id,huxing_name,area,inside_area,inside_area_with_gift,room_num,hall_num,toilet_num,balcony_num,orientation,floor_type,unit_price,total_price_start,total_price_end,is_show_house,tag,sort,huxing_image,standard_huxing_image,deleted,create_time,update_time FROM loupan_huxing WHERE deleted=0 AND (loupan_id = ?) ORDER BY area DESC
2026-09-06T17:54:01.082+08:00 DEBUG 90233 --- [fang123-backend] [nio-8090-exec-9] c.f.m.LoupanHuxingMapper.selectList      : ==> Parameters: 1(Long)
2026-09-06T17:54:01.084+08:00 DEBUG 90233 --- [fang123-backend] [nio-8090-exec-9] c.f.m.LoupanHuxingMapper.selectList      : <==      Total: 5
2026-09-06T17:54:02.138+08:00 DEBUG 90233 --- [fang123-backend] [io-8090-exec-10] o.s.security.web.FilterChainProxy        : Securing GET /api/public/loupans?page=1&size=200&salesStatus=0,1&light=true
2026-09-06T17:54:02.140+08:00 DEBUG 90233 --- [fang123-backend] [io-8090-exec-10] o.s.s.w.a.AnonymousAuthenticationFilter  : Set SecurityContextHolder to anonymous SecurityContext
2026-09-06T17:54:02.141+08:00 DEBUG 90233 --- [fang123-backend] [io-8090-exec-10] o.s.security.web.FilterChainProxy        : Secured GET /api/public/loupans?page=1&size=200&salesStatus=0,1&light=true
2026-09-06T17:54:02.152+08:00 DEBUG 90233 --- [fang123-backend] [io-8090-exec-10] c.f.m.LoupanMapper.selectList_mpCount    : ==>  Preparing: SELECT COUNT(*) AS total FROM loupan WHERE deleted = 0 AND (sales_status IN (?, ?))
2026-09-06T17:54:02.153+08:00 DEBUG 90233 --- [fang123-backend] [io-8090-exec-10] c.f.m.LoupanMapper.selectList_mpCount    : ==> Parameters: 0(Integer), 1(Integer)
2026-09-06T17:54:02.155+08:00 DEBUG 90233 --- [fang123-backend] [io-8090-exec-10] c.f.m.LoupanMapper.selectList_mpCount    : <==      Total: 1
2026-09-06T17:54:02.155+08:00 DEBUG 90233 --- [fang123-backend] [io-8090-exec-10] c.f.mapper.LoupanMapper.selectList       : ==>  Preparing: SELECT id,project_name,cover_image,longitude,latitude,district,plate,house_type,decorate_type,avg_unit_price,area_min,area_max,sales_status,min_total_price,max_total_price FROM loupan WHERE deleted=0 AND (sales_status IN (?,?)) ORDER BY sort DESC,create_time DESC LIMIT ?
2026-09-06T17:54:02.156+08:00 DEBUG 90233 --- [fang123-backend] [io-8090-exec-10] c.f.mapper.LoupanMapper.selectList       : ==> Parameters: 0(Integer), 1(Integer), 200(Long)
2026-09-06T17:54:02.158+08:00 DEBUG 90233 --- [fang123-backend] [io-8090-exec-10] c.f.mapper.LoupanMapper.selectList       : <==      Total: 1
2026-09-06T17:54:03.999+08:00 DEBUG 90233 --- [fang123-backend] [nio-8090-exec-6] o.s.security.web.FilterChainProxy        : Securing GET /api/public/tupai-lands
2026-09-06T17:54:04.006+08:00 DEBUG 90233 --- [fang123-backend] [nio-8090-exec-6] o.s.s.w.a.AnonymousAuthenticationFilter  : Set SecurityContextHolder to anonymous SecurityContext
2026-09-06T17:54:04.006+08:00 DEBUG 90233 --- [fang123-backend] [nio-8090-exec-6] o.s.security.web.FilterChainProxy        : Secured GET /api/public/tupai-lands
2026-09-06T17:54:04.018+08:00 DEBUG 90233 --- [fang123-backend] [nio-8090-exec-6] c.f.m.LoupanTupaiLandMapper.selectList   : ==>  Preparing: SELECT id,loupan_id,land_name,land_no,district,plate,land_scope,land_status,winner_company,land_use_type,land_year,land_area,build_area_limit,plot_ratio,start_price,deal_price,floor_unit_price,premium_rate,deal_date,longitude,latitude,resource_id,location_image,sort,deleted,create_time,update_time FROM loupan_tupai_land WHERE deleted=0 ORDER BY deal_date DESC,sort DESC
2026-09-06T17:54:04.018+08:00 DEBUG 90233 --- [fang123-backend] [nio-8090-exec-6] c.f.m.LoupanTupaiLandMapper.selectList   : ==> Parameters: 
2026-09-06T17:54:04.128+08:00 DEBUG 90233 --- [fang123-backend] [nio-8090-exec-6] c.f.m.LoupanTupaiLandMapper.selectList   : <==      Total: 1103
2026-09-06T17:55:46.053+08:00 DEBUG 90233 --- [fang123-backend] [nio-8090-exec-2] o.s.security.web.FilterChainProxy        : Securing GET /api/public/loupan-filters
2026-09-06T17:55:46.053+08:00 DEBUG 90233 --- [fang123-backend] [nio-8090-exec-1] o.s.security.web.FilterChainProxy        : Securing GET /api/public/loupans?page=1&size=12&salesStatus=1
2026-09-06T17:55:46.072+08:00 DEBUG 90233 --- [fang123-backend] [nio-8090-exec-1] o.s.s.w.a.AnonymousAuthenticationFilter  : Set SecurityContextHolder to anonymous SecurityContext
2026-09-06T17:55:46.072+08:00 DEBUG 90233 --- [fang123-backend] [nio-8090-exec-2] o.s.s.w.a.AnonymousAuthenticationFilter  : Set SecurityContextHolder to anonymous SecurityContext
2026-09-06T17:55:46.072+08:00 DEBUG 90233 --- [fang123-backend] [nio-8090-exec-2] o.s.security.web.FilterChainProxy        : Secured GET /api/public/loupan-filters
2026-09-06T17:55:46.072+08:00 DEBUG 90233 --- [fang123-backend] [nio-8090-exec-1] o.s.security.web.FilterChainProxy        : Secured GET /api/public/loupans?page=1&size=12&salesStatus=1
2026-09-06T17:55:46.085+08:00 DEBUG 90233 --- [fang123-backend] [nio-8090-exec-2] c.f.mapper.LoupanMapper.selectList       : ==>  Preparing: SELECT id,land_id,land_no,cover_image,project_name,short_name,district,plate,avg_unit_price,avg_unit_price_yangfang,avg_unit_price_dieshu,avg_unit_price_paiwu,min_total_price,max_total_price,price_tag,sales_address,sales_status,sales_tel,project_address,show_house_desc,delivery_date,floor_height_min,floor_height_max,building_total,floor_min,floor_max,area_min,area_max,decorate_type,property_right_year,house_type,community_facility,people_car_separate,property_fee_high,property_fee_villa,property_company,park_total,park_sell_num,park_ratio,facade_material,self_hold_rate,build_area,land_area,house_total,plot_ratio,green_rate,project_company,brand_list,land_price,land_unit_price,land_buy_date,edu_support,traffic_support,medical_support,business_support,view_support,longitude,latitude,sort,deleted,create_time,update_time FROM loupan WHERE deleted=0
2026-09-06T17:55:46.085+08:00 DEBUG 90233 --- [fang123-backend] [nio-8090-exec-2] c.f.mapper.LoupanMapper.selectList       : ==> Parameters: 
2026-09-06T17:55:46.088+08:00 DEBUG 90233 --- [fang123-backend] [nio-8090-exec-1] c.f.m.LoupanMapper.selectList_mpCount    : ==>  Preparing: SELECT COUNT(*) AS total FROM loupan WHERE deleted = 0 AND (sales_status IN (?))
2026-09-06T17:55:46.089+08:00 DEBUG 90233 --- [fang123-backend] [nio-8090-exec-1] c.f.m.LoupanMapper.selectList_mpCount    : ==> Parameters: 1(Integer)
2026-09-06T17:55:46.094+08:00 DEBUG 90233 --- [fang123-backend] [nio-8090-exec-2] c.f.mapper.LoupanMapper.selectList       : <==      Total: 3
2026-09-06T17:55:46.096+08:00 DEBUG 90233 --- [fang123-backend] [nio-8090-exec-1] c.f.m.LoupanMapper.selectList_mpCount    : <==      Total: 1
2026-09-06T17:55:48.008+08:00 DEBUG 90233 --- [fang123-backend] [nio-8090-exec-7] o.s.security.web.FilterChainProxy        : Securing GET /api/public/loupan-filters
2026-09-06T17:55:48.008+08:00 DEBUG 90233 --- [fang123-backend] [nio-8090-exec-8] o.s.security.web.FilterChainProxy        : Securing GET /api/public/loupans?page=1&size=10&salesStatus=2,3
2026-09-06T17:55:48.010+08:00 DEBUG 90233 --- [fang123-backend] [nio-8090-exec-8] o.s.s.w.a.AnonymousAuthenticationFilter  : Set SecurityContextHolder to anonymous SecurityContext
2026-09-06T17:55:48.011+08:00 DEBUG 90233 --- [fang123-backend] [nio-8090-exec-8] o.s.security.web.FilterChainProxy        : Secured GET /api/public/loupans?page=1&size=10&salesStatus=2,3
2026-09-06T17:55:48.012+08:00 DEBUG 90233 --- [fang123-backend] [nio-8090-exec-7] o.s.s.w.a.AnonymousAuthenticationFilter  : Set SecurityContextHolder to anonymous SecurityContext
2026-09-06T17:55:48.014+08:00 DEBUG 90233 --- [fang123-backend] [nio-8090-exec-7] o.s.security.web.FilterChainProxy        : Secured GET /api/public/loupan-filters
2026-09-06T17:55:48.016+08:00 DEBUG 90233 --- [fang123-backend] [nio-8090-exec-7] c.f.mapper.LoupanMapper.selectList       : ==>  Preparing: SELECT id,land_id,land_no,cover_image,project_name,short_name,district,plate,avg_unit_price,avg_unit_price_yangfang,avg_unit_price_dieshu,avg_unit_price_paiwu,min_total_price,max_total_price,price_tag,sales_address,sales_status,sales_tel,project_address,show_house_desc,delivery_date,floor_height_min,floor_height_max,building_total,floor_min,floor_max,area_min,area_max,decorate_type,property_right_year,house_type,community_facility,people_car_separate,property_fee_high,property_fee_villa,property_company,park_total,park_sell_num,park_ratio,facade_material,self_hold_rate,build_area,land_area,house_total,plot_ratio,green_rate,project_company,brand_list,land_price,land_unit_price,land_buy_date,edu_support,traffic_support,medical_support,business_support,view_support,longitude,latitude,sort,deleted,create_time,update_time FROM loupan WHERE deleted=0
2026-09-06T17:55:48.016+08:00 DEBUG 90233 --- [fang123-backend] [nio-8090-exec-7] c.f.mapper.LoupanMapper.selectList       : ==> Parameters: 
2026-09-06T17:55:48.021+08:00 DEBUG 90233 --- [fang123-backend] [nio-8090-exec-8] c.f.m.LoupanMapper.selectList_mpCount    : ==>  Preparing: SELECT COUNT(*) AS total FROM loupan WHERE deleted = 0 AND (sales_status IN (?, ?))
2026-09-06T17:55:48.022+08:00 DEBUG 90233 --- [fang123-backend] [nio-8090-exec-8] c.f.m.LoupanMapper.selectList_mpCount    : ==> Parameters: 2(Integer), 3(Integer)
2026-09-06T17:55:48.023+08:00 DEBUG 90233 --- [fang123-backend] [nio-8090-exec-7] c.f.mapper.LoupanMapper.selectList       : <==      Total: 3
2026-09-06T17:55:48.024+08:00 DEBUG 90233 --- [fang123-backend] [nio-8090-exec-8] c.f.m.LoupanMapper.selectList_mpCount    : <==      Total: 1
2026-09-06T17:55:48.025+08:00 DEBUG 90233 --- [fang123-backend] [nio-8090-exec-8] c.f.mapper.LoupanMapper.selectList       : ==>  Preparing: SELECT id,land_id,land_no,cover_image,project_name,short_name,district,plate,avg_unit_price,avg_unit_price_yangfang,avg_unit_price_dieshu,avg_unit_price_paiwu,min_total_price,max_total_price,price_tag,sales_address,sales_status,sales_tel,project_address,show_house_desc,delivery_date,floor_height_min,floor_height_max,building_total,floor_min,floor_max,area_min,area_max,decorate_type,property_right_year,house_type,community_facility,people_car_separate,property_fee_high,property_fee_villa,property_company,park_total,park_sell_num,park_ratio,facade_material,self_hold_rate,build_area,land_area,house_total,plot_ratio,green_rate,project_company,brand_list,land_price,land_unit_price,land_buy_date,edu_support,traffic_support,medical_support,business_support,view_support,longitude,latitude,sort,deleted,create_time,update_time FROM loupan WHERE deleted=0 AND (sales_status IN (?,?)) ORDER BY sort DESC,create_time DESC LIMIT ?
2026-09-06T17:55:48.026+08:00 DEBUG 90233 --- [fang123-backend] [nio-8090-exec-8] c.f.mapper.LoupanMapper.selectList       : ==> Parameters: 2(Integer), 3(Integer), 10(Long)
2026-09-06T17:55:48.029+08:00 DEBUG 90233 --- [fang123-backend] [nio-8090-exec-8] c.f.mapper.LoupanMapper.selectList       : <==      Total: 2
2026-09-06T17:55:48.128+08:00 DEBUG 90233 --- [fang123-backend] [nio-8090-exec-5] o.s.security.web.FilterChainProxy        : Securing GET /api/public/loupans/huxings/batch?loupanIds=2,1
2026-09-06T17:55:48.130+08:00 DEBUG 90233 --- [fang123-backend] [nio-8090-exec-5] o.s.s.w.a.AnonymousAuthenticationFilter  : Set SecurityContextHolder to anonymous SecurityContext
2026-09-06T17:55:48.130+08:00 DEBUG 90233 --- [fang123-backend] [nio-8090-exec-5] o.s.security.web.FilterChainProxy        : Secured GET /api/public/loupans/huxings/batch?loupanIds=2,1
2026-09-06T17:55:48.131+08:00 DEBUG 90233 --- [fang123-backend] [nio-8090-exec-5] c.f.m.LoupanHuxingMapper.selectList      : ==>  Preparing: SELECT id,loupan_id,huxing_name,area,inside_area,inside_area_with_gift,room_num,hall_num,toilet_num,balcony_num,orientation,floor_type,unit_price,total_price_start,total_price_end,is_show_house,tag,sort,huxing_image,standard_huxing_image,deleted,create_time,update_time FROM loupan_huxing WHERE deleted=0 AND (loupan_id = ?) ORDER BY area DESC
2026-09-06T17:55:48.131+08:00 DEBUG 90233 --- [fang123-backend] [nio-8090-exec-5] c.f.m.LoupanHuxingMapper.selectList      : ==> Parameters: 2(Long)
2026-09-06T17:55:48.134+08:00 DEBUG 90233 --- [fang123-backend] [nio-8090-exec-5] c.f.m.LoupanHuxingMapper.selectList      : <==      Total: 0
2026-09-06T17:55:48.135+08:00 DEBUG 90233 --- [fang123-backend] [nio-8090-exec-5] c.f.m.LoupanHuxingMapper.selectList      : ==>  Preparing: SELECT id,loupan_id,huxing_name,area,inside_area,inside_area_with_gift,room_num,hall_num,toilet_num,balcony_num,orientation,floor_type,unit_price,total_price_start,total_price_end,is_show_house,tag,sort,huxing_image,standard_huxing_image,deleted,create_time,update_time FROM loupan_huxing WHERE deleted=0 AND (loupan_id = ?) ORDER BY area DESC
2026-09-06T17:55:48.135+08:00 DEBUG 90233 --- [fang123-backend] [nio-8090-exec-5] c.f.m.LoupanHuxingMapper.selectList      : ==> Parameters: 1(Long)
2026-09-06T17:55:48.136+08:00 DEBUG 90233 --- [fang123-backend] [nio-8090-exec-5] c.f.m.LoupanHuxingMapper.selectList      : <==      Total: 5
2026-09-06T17:55:50.286+08:00 DEBUG 90233 --- [fang123-backend] [nio-8090-exec-3] o.s.security.web.FilterChainProxy        : Securing GET /api/public/loupans?page=1&size=200&salesStatus=0,1&light=true
2026-09-06T17:55:50.288+08:00 DEBUG 90233 --- [fang123-backend] [nio-8090-exec-3] o.s.s.w.a.AnonymousAuthenticationFilter  : Set SecurityContextHolder to anonymous SecurityContext
2026-09-06T17:55:50.288+08:00 DEBUG 90233 --- [fang123-backend] [nio-8090-exec-3] o.s.security.web.FilterChainProxy        : Secured GET /api/public/loupans?page=1&size=200&salesStatus=0,1&light=true
2026-09-06T17:55:50.291+08:00 DEBUG 90233 --- [fang123-backend] [nio-8090-exec-3] c.f.m.LoupanMapper.selectList_mpCount    : ==>  Preparing: SELECT COUNT(*) AS total FROM loupan WHERE deleted = 0 AND (sales_status IN (?, ?))
2026-09-06T17:55:50.292+08:00 DEBUG 90233 --- [fang123-backend] [nio-8090-exec-3] c.f.m.LoupanMapper.selectList_mpCount    : ==> Parameters: 0(Integer), 1(Integer)
2026-09-06T17:55:50.293+08:00 DEBUG 90233 --- [fang123-backend] [nio-8090-exec-3] c.f.m.LoupanMapper.selectList_mpCount    : <==      Total: 1
2026-09-06T17:55:50.295+08:00 DEBUG 90233 --- [fang123-backend] [nio-8090-exec-3] c.f.mapper.LoupanMapper.selectList       : ==>  Preparing: SELECT id,project_name,cover_image,longitude,latitude,district,plate,house_type,decorate_type,avg_unit_price,area_min,area_max,sales_status,min_total_price,max_total_price FROM loupan WHERE deleted=0 AND (sales_status IN (?,?)) ORDER BY sort DESC,create_time DESC LIMIT ?
2026-09-06T17:55:50.295+08:00 DEBUG 90233 --- [fang123-backend] [nio-8090-exec-3] c.f.mapper.LoupanMapper.selectList       : ==> Parameters: 0(Integer), 1(Integer), 200(Long)
2026-09-06T17:55:50.296+08:00 DEBUG 90233 --- [fang123-backend] [nio-8090-exec-3] c.f.mapper.LoupanMapper.selectList       : <==      Total: 1
2026-09-06T17:55:52.284+08:00 DEBUG 90233 --- [fang123-backend] [nio-8090-exec-4] o.s.security.web.FilterChainProxy        : Securing GET /api/public/tupai-lands
2026-09-06T17:55:52.288+08:00 DEBUG 90233 --- [fang123-backend] [nio-8090-exec-4] o.s.s.w.a.AnonymousAuthenticationFilter  : Set SecurityContextHolder to anonymous SecurityContext
2026-09-06T17:55:52.288+08:00 DEBUG 90233 --- [fang123-backend] [nio-8090-exec-4] o.s.security.web.FilterChainProxy        : Secured GET /api/public/tupai-lands
2026-09-06T17:55:52.293+08:00 DEBUG 90233 --- [fang123-backend] [nio-8090-exec-4] c.f.m.LoupanTupaiLandMapper.selectList   : ==>  Preparing: SELECT id,loupan_id,land_name,land_no,district,plate,land_scope,land_status,winner_company,land_use_type,land_year,land_area,build_area_limit,plot_ratio,start_price,deal_price,floor_unit_price,premium_rate,deal_date,longitude,latitude,resource_id,location_image,sort,deleted,create_time,update_time FROM loupan_tupai_land WHERE deleted=0 ORDER BY deal_date DESC,sort DESC
2026-09-06T17:55:52.293+08:00 DEBUG 90233 --- [fang123-backend] [nio-8090-exec-4] c.f.m.LoupanTupaiLandMapper.selectList   : ==> Parameters: 
2026-09-06T17:55:52.380+08:00 DEBUG 90233 --- [fang123-backend] [nio-8090-exec-4] c.f.m.LoupanTupaiLandMapper.selectList   : <==      Total: 1103
2026-09-06T17:55:56.384+08:00 DEBUG 90233 --- [fang123-backend] [io-8090-exec-10] o.s.security.web.FilterChainProxy        : Securing GET /api/public/schools/light
2026-09-06T17:55:56.384+08:00 DEBUG 90233 --- [fang123-backend] [nio-8090-exec-9] o.s.security.web.FilterChainProxy        : Securing GET /api/public/schools/light?schoolType=%E5%B0%8F%E5%AD%A6,%E4%B9%9D%E5%B9%B4%E4%B8%80%E8%B4%AF%E5%88%B6
2026-09-06T17:55:56.388+08:00 DEBUG 90233 --- [fang123-backend] [nio-8090-exec-9] o.s.s.w.a.AnonymousAuthenticationFilter  : Set SecurityContextHolder to anonymous SecurityContext
2026-09-06T17:55:56.388+08:00 DEBUG 90233 --- [fang123-backend] [io-8090-exec-10] o.s.s.w.a.AnonymousAuthenticationFilter  : Set SecurityContextHolder to anonymous SecurityContext
2026-09-06T17:55:56.388+08:00 DEBUG 90233 --- [fang123-backend] [io-8090-exec-10] o.s.security.web.FilterChainProxy        : Secured GET /api/public/schools/light
2026-09-06T17:55:56.388+08:00 DEBUG 90233 --- [fang123-backend] [nio-8090-exec-9] o.s.security.web.FilterChainProxy        : Secured GET /api/public/schools/light?schoolType=%E5%B0%8F%E5%AD%A6,%E4%B9%9D%E5%B9%B4%E4%B8%80%E8%B4%AF%E5%88%B6
2026-09-06T17:55:56.410+08:00 DEBUG 90233 --- [fang123-backend] [nio-8090-exec-9] c.f.mapper.SchoolMapper.selectList       : ==>  Preparing: SELECT campus_code,school_org_name,campus_name,school_type,tier,longitude,latitude,edu_admin_department FROM school WHERE (school_type IN (?,?)) ORDER BY school_type ASC,campus_code ASC
2026-09-06T17:55:56.410+08:00 DEBUG 90233 --- [fang123-backend] [io-8090-exec-10] c.f.mapper.SchoolMapper.selectList       : ==>  Preparing: SELECT campus_code,school_org_name,campus_name,school_type,tier,longitude,latitude,edu_admin_department FROM school ORDER BY school_type ASC,campus_code ASC
2026-09-06T17:55:56.411+08:00 DEBUG 90233 --- [fang123-backend] [io-8090-exec-10] c.f.mapper.SchoolMapper.selectList       : ==> Parameters: 
2026-09-06T17:55:56.413+08:00 DEBUG 90233 --- [fang123-backend] [nio-8090-exec-9] c.f.mapper.SchoolMapper.selectList       : ==> Parameters: 小学(String), 九年一贯制(String)
2026-09-06T17:55:56.626+08:00 DEBUG 90233 --- [fang123-backend] [nio-8090-exec-9] c.f.mapper.SchoolMapper.selectList       : <==      Total: 543
2026-09-06T17:55:56.657+08:00 DEBUG 90233 --- [fang123-backend] [io-8090-exec-10] c.f.mapper.SchoolMapper.selectList       : <==      Total: 750
2026-09-06T17:56:02.001+08:00 DEBUG 90233 --- [fang123-backend] [nio-8090-exec-6] o.s.security.web.FilterChainProxy        : Securing GET /api/public/schools/2133006268001
2026-09-06T17:56:02.006+08:00 DEBUG 90233 --- [fang123-backend] [nio-8090-exec-6] o.s.s.w.a.AnonymousAuthenticationFilter  : Set SecurityContextHolder to anonymous SecurityContext
2026-09-06T17:56:02.008+08:00 DEBUG 90233 --- [fang123-backend] [nio-8090-exec-6] o.s.security.web.FilterChainProxy        : Secured GET /api/public/schools/2133006268001
2026-09-06T17:56:02.036+08:00 DEBUG 90233 --- [fang123-backend] [nio-8090-exec-6] c.f.mapper.SchoolMapper.selectById       : ==>  Preparing: SELECT campus_code,school_org_code,school_org_name,campus_name,school_address,contact_phone,school_type,sponsor_type,tier,longitude,latitude,edu_admin_department,school_district_scope,school_intro,target_middle_school_name,target_middle_school_code,community_names,district_map_image,map_fence,photos,school_logo,create_time FROM school WHERE campus_code=?
2026-09-06T17:56:02.038+08:00 DEBUG 90233 --- [fang123-backend] [nio-8090-exec-6] c.f.mapper.SchoolMapper.selectById       : ==> Parameters: 2133006268001(String)
2026-09-06T17:56:02.063+08:00 DEBUG 90233 --- [fang123-backend] [nio-8090-exec-6] c.f.mapper.SchoolMapper.selectById       : <==      Total: 1
2026-09-06T17:56:04.581+08:00 DEBUG 90233 --- [fang123-backend] [nio-8090-exec-1] o.s.security.web.FilterChainProxy        : Securing GET /api/public/schools/2133002325001
2026-09-06T17:56:04.583+08:00 DEBUG 90233 --- [fang123-backend] [nio-8090-exec-1] o.s.s.w.a.AnonymousAuthenticationFilter  : Set SecurityContextHolder to anonymous SecurityContext
2026-09-06T17:56:04.584+08:00 DEBUG 90233 --- [fang123-backend] [nio-8090-exec-1] o.s.security.web.FilterChainProxy        : Secured GET /api/public/schools/2133002325001
2026-09-06T17:56:04.586+08:00 DEBUG 90233 --- [fang123-backend] [nio-8090-exec-1] c.f.mapper.SchoolMapper.selectById       : ==>  Preparing: SELECT campus_code,school_org_code,school_org_name,campus_name,school_address,contact_phone,school_type,sponsor_type,tier,longitude,latitude,edu_admin_department,school_district_scope,school_intro,target_middle_school_name,target_middle_school_code,community_names,district_map_image,map_fence,photos,school_logo,create_time FROM school WHERE campus_code=?
2026-09-06T17:56:04.586+08:00 DEBUG 90233 --- [fang123-backend] [nio-8090-exec-1] c.f.mapper.SchoolMapper.selectById       : ==> Parameters: 2133002325001(String)
2026-09-06T17:56:04.588+08:00 DEBUG 90233 --- [fang123-backend] [nio-8090-exec-1] c.f.mapper.SchoolMapper.selectById       : <==      Total: 1
2026-09-06T17:56:07.683+08:00 DEBUG 90233 --- [fang123-backend] [nio-8090-exec-2] o.s.security.web.FilterChainProxy        : Securing GET /api/public/schools/2133001684001
2026-09-06T17:56:07.690+08:00 DEBUG 90233 --- [fang123-backend] [nio-8090-exec-2] o.s.s.w.a.AnonymousAuthenticationFilter  : Set SecurityContextHolder to anonymous SecurityContext
2026-09-06T17:56:07.690+08:00 DEBUG 90233 --- [fang123-backend] [nio-8090-exec-2] o.s.security.web.FilterChainProxy        : Secured GET /api/public/schools/2133001684001
2026-09-06T17:56:07.698+08:00 DEBUG 90233 --- [fang123-backend] [nio-8090-exec-2] c.f.mapper.SchoolMapper.selectById       : ==>  Preparing: SELECT campus_code,school_org_code,school_org_name,campus_name,school_address,contact_phone,school_type,sponsor_type,tier,longitude,latitude,edu_admin_department,school_district_scope,school_intro,target_middle_school_name,target_middle_school_code,community_names,district_map_image,map_fence,photos,school_logo,create_time FROM school WHERE campus_code=?
2026-09-06T17:56:07.699+08:00 DEBUG 90233 --- [fang123-backend] [nio-8090-exec-2] c.f.mapper.SchoolMapper.selectById       : ==> Parameters: 2133001684001(String)
2026-09-06T17:56:07.704+08:00 DEBUG 90233 --- [fang123-backend] [nio-8090-exec-2] c.f.mapper.SchoolMapper.selectById       : <==      Total: 1
2026-09-06T17:56:08.810+08:00 DEBUG 90233 --- [fang123-backend] [nio-8090-exec-7] o.s.security.web.FilterChainProxy        : Securing GET /api/public/schools/3133000825001
2026-09-06T17:56:08.812+08:00 DEBUG 90233 --- [fang123-backend] [nio-8090-exec-7] o.s.s.w.a.AnonymousAuthenticationFilter  : Set SecurityContextHolder to anonymous SecurityContext
2026-09-06T17:56:08.812+08:00 DEBUG 90233 --- [fang123-backend] [nio-8090-exec-7] o.s.security.web.FilterChainProxy        : Secured GET /api/public/schools/3133000825001
2026-09-06T17:56:08.815+08:00 DEBUG 90233 --- [fang123-backend] [nio-8090-exec-7] c.f.mapper.SchoolMapper.selectById       : ==>  Preparing: SELECT campus_code,school_org_code,school_org_name,campus_name,school_address,contact_phone,school_type,sponsor_type,tier,longitude,latitude,edu_admin_department,school_district_scope,school_intro,target_middle_school_name,target_middle_school_code,community_names,district_map_image,map_fence,photos,school_logo,create_time FROM school WHERE campus_code=?
2026-09-06T17:56:08.816+08:00 DEBUG 90233 --- [fang123-backend] [nio-8090-exec-7] c.f.mapper.SchoolMapper.selectById       : ==> Parameters: 3133000825001(String)
2026-09-06T17:56:08.818+08:00 DEBUG 90233 --- [fang123-backend] [nio-8090-exec-7] c.f.mapper.SchoolMapper.selectById       : <==      Total: 1
2026-09-06T17:56:15.287+08:00 DEBUG 90233 --- [fang123-backend] [nio-8090-exec-8] o.s.security.web.FilterChainProxy        : Securing GET /api/public/schools/3133000878001
2026-09-06T17:56:15.296+08:00 DEBUG 90233 --- [fang123-backend] [nio-8090-exec-8] o.s.s.w.a.AnonymousAuthenticationFilter  : Set SecurityContextHolder to anonymous SecurityContext
2026-09-06T17:56:15.296+08:00 DEBUG 90233 --- [fang123-backend] [nio-8090-exec-8] o.s.security.web.FilterChainProxy        : Secured GET /api/public/schools/3133000878001
2026-09-06T17:56:15.302+08:00 DEBUG 90233 --- [fang123-backend] [nio-8090-exec-8] c.f.mapper.SchoolMapper.selectById       : ==>  Preparing: SELECT campus_code,school_org_code,school_org_name,campus_name,school_address,contact_phone,school_type,sponsor_type,tier,longitude,latitude,edu_admin_department,school_district_scope,school_intro,target_middle_school_name,target_middle_school_code,community_names,district_map_image,map_fence,photos,school_logo,create_time FROM school WHERE campus_code=?
2026-09-06T17:56:15.304+08:00 DEBUG 90233 --- [fang123-backend] [nio-8090-exec-8] c.f.mapper.SchoolMapper.selectById       : ==> Parameters: 3133000878001(String)
2026-09-06T17:56:15.308+08:00 DEBUG 90233 --- [fang123-backend] [nio-8090-exec-8] c.f.mapper.SchoolMapper.selectById       : <==      Total: 1
2026-09-06T18:15:32.220+08:00  WARN 90233 --- [fang123-backend] [l-1 housekeeper] com.zaxxer.hikari.pool.HikariPool        : HikariPool-1 - Thread starvation or clock leap detected (housekeeper delta=4m23s296ms).
2026-09-06T18:43:54.155+08:00  WARN 90233 --- [fang123-backend] [l-1 housekeeper] com.zaxxer.hikari.pool.HikariPool        : HikariPool-1 - Thread starvation or clock leap detected (housekeeper delta=12m51s807ms).
2026-09-06T19:50:18.004+08:00  WARN 90233 --- [fang123-backend] [l-1 housekeeper] com.zaxxer.hikari.pool.HikariPool        : HikariPool-1 - Thread starvation or clock leap detected (housekeeper delta=1h6m23s850ms).
2026-09-06T20:04:44.605+08:00  WARN 90233 --- [fang123-backend] [l-1 housekeeper] com.zaxxer.hikari.pool.HikariPool        : HikariPool-1 - Thread starvation or clock leap detected (housekeeper delta=14m26s601ms).
2026-09-06T20:20:42.429+08:00  WARN 90233 --- [fang123-backend] [l-1 housekeeper] com.zaxxer.hikari.pool.HikariPool        : HikariPool-1 - Thread starvation or clock leap detected (housekeeper delta=15m27s805ms).
2026-09-06T20:36:40.598+08:00  WARN 90233 --- [fang123-backend] [l-1 housekeeper] com.zaxxer.hikari.pool.HikariPool        : HikariPool-1 - Thread starvation or clock leap detected (housekeeper delta=15m28s130ms).
2026-09-06T20:52:08.045+08:00  WARN 90233 --- [fang123-backend] [l-1 housekeeper] com.zaxxer.hikari.pool.HikariPool        : HikariPool-1 - Thread starvation or clock leap detected (housekeeper delta=15m27s447ms).
2026-09-06T21:08:05.850+08:00  WARN 90233 --- [fang123-backend] [l-1 housekeeper] com.zaxxer.hikari.pool.HikariPool        : HikariPool-1 - Thread starvation or clock leap detected (housekeeper delta=15m27s786ms).
2026-09-06T21:12:49.099+08:00  WARN 90233 --- [fang123-backend] [l-1 housekeeper] com.zaxxer.hikari.pool.HikariPool        : HikariPool-1 - Thread starvation or clock leap detected (housekeeper delta=4m43s250ms).
2026-09-06T21:17:47.582+08:00  WARN 90233 --- [fang123-backend] [l-1 housekeeper] com.zaxxer.hikari.pool.HikariPool        : HikariPool-1 - Thread starvation or clock leap detected (housekeeper delta=4m28s469ms).
2026-09-06T21:27:56.214+08:00  WARN 90233 --- [fang123-backend] [l-1 housekeeper] com.zaxxer.hikari.pool.HikariPool        : HikariPool-1 - Thread starvation or clock leap detected (housekeeper delta=4m38s541ms).
2026-09-06T21:32:53.137+08:00  WARN 90233 --- [fang123-backend] [l-1 housekeeper] com.zaxxer.hikari.pool.HikariPool        : HikariPool-1 - Thread starvation or clock leap detected (housekeeper delta=4m26s894ms).
2026-09-06T21:49:18.100+08:00  WARN 90233 --- [fang123-backend] [l-1 housekeeper] com.zaxxer.hikari.pool.HikariPool        : HikariPool-1 - Thread starvation or clock leap detected (housekeeper delta=15m54s950ms).
2026-09-06T22:05:03.317+08:00  WARN 90233 --- [fang123-backend] [l-1 housekeeper] com.zaxxer.hikari.pool.HikariPool        : HikariPool-1 - Thread starvation or clock leap detected (housekeeper delta=15m45s217ms).
2026-09-06T22:20:37.814+08:00  WARN 90233 --- [fang123-backend] [l-1 housekeeper] com.zaxxer.hikari.pool.HikariPool        : HikariPool-1 - Thread starvation or clock leap detected (housekeeper delta=15m4s479ms).
2026-09-06T23:39:38.564+08:00  WARN 90233 --- [fang123-backend] [l-1 housekeeper] com.zaxxer.hikari.pool.HikariPool        : HikariPool-1 - Retrograde clock change detected (housekeeper delta=29s860ms), soft-evicting connections from pool.
2026-09-07T21:26:27.043+08:00  WARN 90233 --- [fang123-backend] [l-1 housekeeper] com.zaxxer.hikari.pool.HikariPool        : HikariPool-1 - Retrograde clock change detected (housekeeper delta=29s847ms), soft-evicting connections from pool.
2026-09-07T21:34:13.828+08:00 DEBUG 90233 --- [fang123-backend] [nio-8090-exec-5] o.s.security.web.FilterChainProxy        : Securing GET /api/public/loupan-filters
2026-09-07T21:34:13.828+08:00 DEBUG 90233 --- [fang123-backend] [nio-8090-exec-3] o.s.security.web.FilterChainProxy        : Securing GET /api/public/loupans?page=1&size=12&salesStatus=1
2026-09-07T21:34:13.949+08:00 DEBUG 90233 --- [fang123-backend] [nio-8090-exec-5] o.s.s.w.a.AnonymousAuthenticationFilter  : Set SecurityContextHolder to anonymous SecurityContext
2026-09-07T21:34:13.949+08:00 DEBUG 90233 --- [fang123-backend] [nio-8090-exec-3] o.s.s.w.a.AnonymousAuthenticationFilter  : Set SecurityContextHolder to anonymous SecurityContext
2026-09-07T21:34:13.952+08:00 DEBUG 90233 --- [fang123-backend] [nio-8090-exec-5] o.s.security.web.FilterChainProxy        : Secured GET /api/public/loupan-filters
2026-09-07T21:34:13.952+08:00 DEBUG 90233 --- [fang123-backend] [nio-8090-exec-3] o.s.security.web.FilterChainProxy        : Secured GET /api/public/loupans?page=1&size=12&salesStatus=1
2026-09-07T21:34:14.192+08:00 DEBUG 90233 --- [fang123-backend] [nio-8090-exec-5] c.f.mapper.LoupanMapper.selectList       : ==>  Preparing: SELECT id,land_id,land_no,cover_image,project_name,short_name,district,plate,avg_unit_price,avg_unit_price_yangfang,avg_unit_price_dieshu,avg_unit_price_paiwu,min_total_price,max_total_price,price_tag,sales_address,sales_status,sales_tel,project_address,show_house_desc,delivery_date,floor_height_min,floor_height_max,building_total,floor_min,floor_max,area_min,area_max,decorate_type,property_right_year,house_type,community_facility,people_car_separate,property_fee_high,property_fee_villa,property_company,park_total,park_sell_num,park_ratio,facade_material,self_hold_rate,build_area,land_area,house_total,plot_ratio,green_rate,project_company,brand_list,land_price,land_unit_price,land_buy_date,edu_support,traffic_support,medical_support,business_support,view_support,longitude,latitude,sort,deleted,create_time,update_time FROM loupan WHERE deleted=0
2026-09-07T21:34:14.199+08:00 DEBUG 90233 --- [fang123-backend] [nio-8090-exec-5] c.f.mapper.LoupanMapper.selectList       : ==> Parameters: 
2026-09-07T21:34:14.227+08:00 DEBUG 90233 --- [fang123-backend] [nio-8090-exec-3] c.f.m.LoupanMapper.selectList_mpCount    : ==>  Preparing: SELECT COUNT(*) AS total FROM loupan WHERE deleted = 0 AND (sales_status IN (?))
2026-09-07T21:34:14.228+08:00 DEBUG 90233 --- [fang123-backend] [nio-8090-exec-3] c.f.m.LoupanMapper.selectList_mpCount    : ==> Parameters: 1(Integer)
2026-09-07T21:34:14.270+08:00 DEBUG 90233 --- [fang123-backend] [nio-8090-exec-3] c.f.m.LoupanMapper.selectList_mpCount    : <==      Total: 1
2026-09-07T21:34:14.276+08:00 DEBUG 90233 --- [fang123-backend] [nio-8090-exec-5] c.f.mapper.LoupanMapper.selectList       : <==      Total: 3
2026-09-07T21:34:24.797+08:00 DEBUG 90233 --- [fang123-backend] [nio-8090-exec-4] o.s.security.web.FilterChainProxy        : Securing POST /api/auth/admin/login
2026-09-07T21:34:24.806+08:00 DEBUG 90233 --- [fang123-backend] [nio-8090-exec-4] o.s.s.w.a.AnonymousAuthenticationFilter  : Set SecurityContextHolder to anonymous SecurityContext
2026-09-07T21:34:24.807+08:00 DEBUG 90233 --- [fang123-backend] [nio-8090-exec-4] o.s.security.web.FilterChainProxy        : Secured POST /api/auth/admin/login
2026-09-07T21:34:25.060+08:00 DEBUG 90233 --- [fang123-backend] [nio-8090-exec-4] c.f.mapper.AdminUserMapper.selectList    : ==>  Preparing: SELECT id,username,password,nickname,email,phone,avatar,gender,status,last_login_time,last_login_ip,create_time,update_time,is_deleted FROM admin_user WHERE is_deleted=0 AND (username = ?)
2026-09-07T21:34:25.061+08:00 DEBUG 90233 --- [fang123-backend] [nio-8090-exec-4] c.f.mapper.AdminUserMapper.selectList    : ==> Parameters: admin(String)
2026-09-07T21:34:25.102+08:00 DEBUG 90233 --- [fang123-backend] [nio-8090-exec-4] c.f.mapper.AdminUserMapper.selectList    : <==      Total: 1
2026-09-07T21:34:29.929+08:00 DEBUG 90233 --- [fang123-backend] [nio-8090-exec-9] o.s.security.web.FilterChainProxy        : Securing POST /api/auth/admin/login
2026-09-07T21:34:29.939+08:00 DEBUG 90233 --- [fang123-backend] [nio-8090-exec-9] o.s.s.w.a.AnonymousAuthenticationFilter  : Set SecurityContextHolder to anonymous SecurityContext
2026-09-07T21:34:29.939+08:00 DEBUG 90233 --- [fang123-backend] [nio-8090-exec-9] o.s.security.web.FilterChainProxy        : Secured POST /api/auth/admin/login
2026-09-07T21:34:29.956+08:00 DEBUG 90233 --- [fang123-backend] [nio-8090-exec-9] c.f.mapper.AdminUserMapper.selectList    : ==>  Preparing: SELECT id,username,password,nickname,email,phone,avatar,gender,status,last_login_time,last_login_ip,create_time,update_time,is_deleted FROM admin_user WHERE is_deleted=0 AND (username = ?)
2026-09-07T21:34:29.957+08:00 DEBUG 90233 --- [fang123-backend] [nio-8090-exec-9] c.f.mapper.AdminUserMapper.selectList    : ==> Parameters: admin(String)
2026-09-07T21:34:29.961+08:00 DEBUG 90233 --- [fang123-backend] [nio-8090-exec-9] c.f.mapper.AdminUserMapper.selectList    : <==      Total: 1
2026-09-07T21:34:30.082+08:00 DEBUG 90233 --- [fang123-backend] [nio-8090-exec-9] c.f.mapper.AdminUserMapper.updateById    : ==>  Preparing: UPDATE admin_user SET username=?, password=?, nickname=?, gender=?, status=?, last_login_time=?, last_login_ip=?, create_time=?, update_time=? WHERE id=? AND is_deleted=0
2026-09-07T21:34:30.085+08:00 DEBUG 90233 --- [fang123-backend] [nio-8090-exec-9] c.f.mapper.AdminUserMapper.updateById    : ==> Parameters: admin(String), $2b$10$k.YWnGF12dms9H5zEz.SSub8TxaKTX2Ss.zJFyiNZ9x/7VzZUgOUe(String), 超级管理员(String), 0(Integer), 1(Integer), 2026-09-07T21:34:30.040577(LocalDateTime), 0:0:0:0:0:0:0:1(String), 2026-06-21T21:01:16(LocalDateTime), 2026-06-21T21:01:16(LocalDateTime), 1(Long)
2026-09-07T21:34:30.175+08:00 DEBUG 90233 --- [fang123-backend] [nio-8090-exec-9] c.f.mapper.AdminUserMapper.updateById    : <==    Updates: 1
2026-09-07T21:34:30.423+08:00 DEBUG 90233 --- [fang123-backend] [io-8090-exec-10] o.s.security.web.FilterChainProxy        : Securing GET /api/admin/dashboard/stats
2026-09-07T21:34:30.424+08:00 DEBUG 90233 --- [fang123-backend] [io-8090-exec-10] o.s.security.web.FilterChainProxy        : Secured GET /api/admin/dashboard/stats
2026-09-07T21:34:30.441+08:00 DEBUG 90233 --- [fang123-backend] [io-8090-exec-10] c.f.mapper.UserInfoMapper.selectCount    : ==>  Preparing: SELECT COUNT( * ) AS total FROM user_info WHERE deleted=0
2026-09-07T21:34:30.441+08:00 DEBUG 90233 --- [fang123-backend] [io-8090-exec-10] c.f.mapper.UserInfoMapper.selectCount    : ==> Parameters: 
2026-09-07T21:34:30.451+08:00 DEBUG 90233 --- [fang123-backend] [io-8090-exec-10] c.f.mapper.UserInfoMapper.selectCount    : <==      Total: 1
2026-09-07T21:34:30.456+08:00 DEBUG 90233 --- [fang123-backend] [io-8090-exec-10] c.f.mapper.UserInfoMapper.selectCount    : ==>  Preparing: SELECT COUNT( * ) AS total FROM user_info WHERE deleted=0 AND (create_time >= ? AND create_time <= ?)
2026-09-07T21:34:30.457+08:00 DEBUG 90233 --- [fang123-backend] [io-8090-exec-10] c.f.mapper.UserInfoMapper.selectCount    : ==> Parameters: 2026-09-07T00:00(LocalDateTime), 2026-09-07T23:59:59.999999999(LocalDateTime)
2026-09-07T21:34:30.749+08:00 DEBUG 90233 --- [fang123-backend] [io-8090-exec-10] c.f.mapper.UserInfoMapper.selectCount    : <==      Total: 1
2026-09-07T21:34:30.754+08:00 DEBUG 90233 --- [fang123-backend] [io-8090-exec-10] c.f.mapper.TaskInfoMapper.selectCount    : ==>  Preparing: SELECT COUNT( * ) AS total FROM task_info WHERE deleted=0 AND (status = ?)
2026-09-07T21:34:30.755+08:00 DEBUG 90233 --- [fang123-backend] [io-8090-exec-10] c.f.mapper.TaskInfoMapper.selectCount    : ==> Parameters: 1(Integer)
2026-09-07T21:34:30.761+08:00 DEBUG 90233 --- [fang123-backend] [io-8090-exec-10] c.f.mapper.TaskInfoMapper.selectCount    : <==      Total: 1
2026-09-07T21:34:30.764+08:00 DEBUG 90233 --- [fang123-backend] [io-8090-exec-10] c.f.m.TaskUserOrderMapper.selectCount    : ==>  Preparing: SELECT COUNT( * ) AS total FROM task_user_order WHERE (create_time >= ? AND create_time <= ?)
2026-09-07T21:34:30.764+08:00 DEBUG 90233 --- [fang123-backend] [io-8090-exec-10] c.f.m.TaskUserOrderMapper.selectCount    : ==> Parameters: 2026-09-07T00:00(LocalDateTime), 2026-09-07T23:59:59.999999999(LocalDateTime)
2026-09-07T21:34:30.769+08:00 DEBUG 90233 --- [fang123-backend] [io-8090-exec-10] c.f.m.TaskUserOrderMapper.selectCount    : <==      Total: 1
2026-09-07T21:34:30.770+08:00 DEBUG 90233 --- [fang123-backend] [io-8090-exec-10] c.f.m.TaskUserOrderMapper.selectCount    : ==>  Preparing: SELECT COUNT( * ) AS total FROM task_user_order
2026-09-07T21:34:30.770+08:00 DEBUG 90233 --- [fang123-backend] [io-8090-exec-10] c.f.m.TaskUserOrderMapper.selectCount    : ==> Parameters: 
2026-09-07T21:34:30.771+08:00 DEBUG 90233 --- [fang123-backend] [io-8090-exec-10] c.f.m.TaskUserOrderMapper.selectCount    : <==      Total: 1
2026-09-07T21:34:30.774+08:00 DEBUG 90233 --- [fang123-backend] [io-8090-exec-10] c.f.mapper.TaskPayLogMapper.selectList   : ==>  Preparing: SELECT id,order_id,user_id,task_title,trade_no,wechat_pay_no,pay_amount,pay_status,fail_reason,retry_count,apply_time,pay_time,create_time,update_time FROM task_pay_log WHERE (pay_status = ? AND pay_time >= ? AND pay_time <= ?)
2026-09-07T21:34:30.774+08:00 DEBUG 90233 --- [fang123-backend] [io-8090-exec-10] c.f.mapper.TaskPayLogMapper.selectList   : ==> Parameters: 2(Integer), 2026-09-07T00:00(LocalDateTime), 2026-09-07T23:59:59.999999999(LocalDateTime)
2026-09-07T21:34:30.782+08:00 DEBUG 90233 --- [fang123-backend] [io-8090-exec-10] c.f.mapper.TaskPayLogMapper.selectList   : <==      Total: 0
2026-09-07T21:34:30.792+08:00 DEBUG 90233 --- [fang123-backend] [io-8090-exec-10] c.f.mapper.TaskPayLogMapper.selectList   : ==>  Preparing: SELECT id,order_id,user_id,task_title,trade_no,wechat_pay_no,pay_amount,pay_status,fail_reason,retry_count,apply_time,pay_time,create_time,update_time FROM task_pay_log WHERE (pay_status = ?)
2026-09-07T21:34:30.792+08:00 DEBUG 90233 --- [fang123-backend] [io-8090-exec-10] c.f.mapper.TaskPayLogMapper.selectList   : ==> Parameters: 2(Integer)
2026-09-07T21:34:30.793+08:00 DEBUG 90233 --- [fang123-backend] [io-8090-exec-10] c.f.mapper.TaskPayLogMapper.selectList   : <==      Total: 0
2026-09-07T21:37:50.932+08:00 DEBUG 90233 --- [fang123-backend] [nio-8090-exec-6] o.s.security.web.FilterChainProxy        : Securing GET /api/admin/medias?page=1&size=10
2026-09-07T21:37:50.937+08:00 DEBUG 90233 --- [fang123-backend] [nio-8090-exec-6] o.s.security.web.FilterChainProxy        : Secured GET /api/admin/medias?page=1&size=10
2026-09-07T21:37:50.958+08:00 DEBUG 90233 --- [fang123-backend] [nio-8090-exec-6] c.f.m.L.selectList_mpCount               : ==>  Preparing: SELECT COUNT(*) AS total FROM loupan_media WHERE deleted = 0
2026-09-07T21:37:50.958+08:00 DEBUG 90233 --- [fang123-backend] [nio-8090-exec-6] c.f.m.L.selectList_mpCount               : ==> Parameters: 
2026-09-07T21:37:50.974+08:00 DEBUG 90233 --- [fang123-backend] [nio-8090-exec-6] c.f.m.L.selectList_mpCount               : <==      Total: 1
2026-09-07T21:37:50.975+08:00 DEBUG 90233 --- [fang123-backend] [nio-8090-exec-6] c.f.mapper.LoupanMediaMapper.selectList  : ==>  Preparing: SELECT id,loupan_id,huxing_id,media_type,media_url,media_title,sort,deleted,create_time FROM loupan_media WHERE deleted=0 ORDER BY id DESC LIMIT ?
2026-09-07T21:37:50.976+08:00 DEBUG 90233 --- [fang123-backend] [nio-8090-exec-6] c.f.mapper.LoupanMediaMapper.selectList  : ==> Parameters: 10(Long)
2026-09-07T21:37:50.980+08:00 DEBUG 90233 --- [fang123-backend] [nio-8090-exec-6] c.f.mapper.LoupanMediaMapper.selectList  : <==      Total: 10
2026-09-07T21:38:01.298+08:00 DEBUG 90233 --- [fang123-backend] [nio-8090-exec-1] o.s.security.web.FilterChainProxy        : Securing POST /api/admin/medias/upload
2026-09-07T21:38:01.305+08:00 DEBUG 90233 --- [fang123-backend] [nio-8090-exec-1] o.s.security.web.FilterChainProxy        : Secured POST /api/admin/medias/upload
2026-09-07T21:38:11.071+08:00 DEBUG 90233 --- [fang123-backend] [nio-8090-exec-1] com.fang123.service.CosService           : File uploaded: key=media/loupan/97b58a27275c480bb4a7e39ba0ecd40e.mov, size=34610682
2026-09-07T21:40:08.170+08:00 DEBUG 90233 --- [fang123-backend] [nio-8090-exec-2] o.s.security.web.FilterChainProxy        : Securing GET /api/admin/medias?page=1&size=10
2026-09-07T21:40:08.178+08:00 DEBUG 90233 --- [fang123-backend] [nio-8090-exec-2] o.s.security.web.FilterChainProxy        : Secured GET /api/admin/medias?page=1&size=10
2026-09-07T21:40:08.196+08:00 DEBUG 90233 --- [fang123-backend] [nio-8090-exec-2] c.f.m.L.selectList_mpCount               : ==>  Preparing: SELECT COUNT(*) AS total FROM loupan_media WHERE deleted = 0
2026-09-07T21:40:08.196+08:00 DEBUG 90233 --- [fang123-backend] [nio-8090-exec-2] c.f.m.L.selectList_mpCount               : ==> Parameters: 
2026-09-07T21:40:08.231+08:00 DEBUG 90233 --- [fang123-backend] [nio-8090-exec-2] c.f.m.L.selectList_mpCount               : <==      Total: 1
2026-09-07T21:40:08.233+08:00 DEBUG 90233 --- [fang123-backend] [nio-8090-exec-2] c.f.mapper.LoupanMediaMapper.selectList  : ==>  Preparing: SELECT id,loupan_id,huxing_id,media_type,media_url,media_title,sort,deleted,create_time FROM loupan_media WHERE deleted=0 ORDER BY id DESC LIMIT ?
2026-09-07T21:40:08.233+08:00 DEBUG 90233 --- [fang123-backend] [nio-8090-exec-2] c.f.mapper.LoupanMediaMapper.selectList  : ==> Parameters: 10(Long)
2026-09-07T21:40:08.235+08:00 DEBUG 90233 --- [fang123-backend] [nio-8090-exec-2] c.f.mapper.LoupanMediaMapper.selectList  : <==      Total: 10
2026-09-07T21:40:13.093+08:00 DEBUG 90233 --- [fang123-backend] [nio-8090-exec-7] o.s.security.web.FilterChainProxy        : Securing GET /api/admin/medias?page=1&size=10
2026-09-07T21:40:13.102+08:00 DEBUG 90233 --- [fang123-backend] [nio-8090-exec-7] o.s.security.web.FilterChainProxy        : Secured GET /api/admin/medias?page=1&size=10
2026-09-07T21:40:13.116+08:00 DEBUG 90233 --- [fang123-backend] [nio-8090-exec-7] c.f.m.L.selectList_mpCount               : ==>  Preparing: SELECT COUNT(*) AS total FROM loupan_media WHERE deleted = 0
2026-09-07T21:40:13.117+08:00 DEBUG 90233 --- [fang123-backend] [nio-8090-exec-7] c.f.m.L.selectList_mpCount               : ==> Parameters: 
2026-09-07T21:40:13.119+08:00 DEBUG 90233 --- [fang123-backend] [nio-8090-exec-7] c.f.m.L.selectList_mpCount               : <==      Total: 1
2026-09-07T21:40:13.119+08:00 DEBUG 90233 --- [fang123-backend] [nio-8090-exec-7] c.f.mapper.LoupanMediaMapper.selectList  : ==>  Preparing: SELECT id,loupan_id,huxing_id,media_type,media_url,media_title,sort,deleted,create_time FROM loupan_media WHERE deleted=0 ORDER BY id DESC LIMIT ?
2026-09-07T21:40:13.119+08:00 DEBUG 90233 --- [fang123-backend] [nio-8090-exec-7] c.f.mapper.LoupanMediaMapper.selectList  : ==> Parameters: 10(Long)
2026-09-07T21:40:13.120+08:00 DEBUG 90233 --- [fang123-backend] [nio-8090-exec-7] c.f.mapper.LoupanMediaMapper.selectList  : <==      Total: 10
2026-09-07T21:41:10.923+08:00 DEBUG 90233 --- [fang123-backend] [nio-8090-exec-8] o.s.security.web.FilterChainProxy        : Securing GET /api/admin/medias?page=1&size=10
2026-09-07T21:41:10.937+08:00 DEBUG 90233 --- [fang123-backend] [nio-8090-exec-8] o.s.security.web.FilterChainProxy        : Secured GET /api/admin/medias?page=1&size=10
2026-09-07T21:41:10.959+08:00 DEBUG 90233 --- [fang123-backend] [nio-8090-exec-8] c.f.m.L.selectList_mpCount               : ==>  Preparing: SELECT COUNT(*) AS total FROM loupan_media WHERE deleted = 0
2026-09-07T21:41:10.960+08:00 DEBUG 90233 --- [fang123-backend] [nio-8090-exec-8] c.f.m.L.selectList_mpCount               : ==> Parameters: 
2026-09-07T21:41:10.962+08:00 DEBUG 90233 --- [fang123-backend] [nio-8090-exec-8] c.f.m.L.selectList_mpCount               : <==      Total: 1
2026-09-07T21:41:10.963+08:00 DEBUG 90233 --- [fang123-backend] [nio-8090-exec-8] c.f.mapper.LoupanMediaMapper.selectList  : ==>  Preparing: SELECT id,loupan_id,huxing_id,media_type,media_url,media_title,sort,deleted,create_time FROM loupan_media WHERE deleted=0 ORDER BY id DESC LIMIT ?
2026-09-07T21:41:10.964+08:00 DEBUG 90233 --- [fang123-backend] [nio-8090-exec-8] c.f.mapper.LoupanMediaMapper.selectList  : ==> Parameters: 10(Long)
2026-09-07T21:41:10.968+08:00 DEBUG 90233 --- [fang123-backend] [nio-8090-exec-8] c.f.mapper.LoupanMediaMapper.selectList  : <==      Total: 10
2026-09-07T21:41:24.717+08:00 DEBUG 90233 --- [fang123-backend] [nio-8090-exec-3] o.s.security.web.FilterChainProxy        : Securing POST /api/admin/medias/upload
2026-09-07T21:41:24.724+08:00 DEBUG 90233 --- [fang123-backend] [nio-8090-exec-3] o.s.security.web.FilterChainProxy        : Secured POST /api/admin/medias/upload
2026-09-07T21:41:32.078+08:00 DEBUG 90233 --- [fang123-backend] [nio-8090-exec-3] com.fang123.service.CosService           : File uploaded: key=media/loupan/e57472a7a2a8412498f48be61e4438b4.mov, size=34610682
2026-09-07T21:41:45.410+08:00 DEBUG 90233 --- [fang123-backend] [nio-8090-exec-5] o.s.security.web.FilterChainProxy        : Securing POST /api/admin/medias/upload
2026-09-07T21:41:45.417+08:00 DEBUG 90233 --- [fang123-backend] [nio-8090-exec-5] o.s.security.web.FilterChainProxy        : Secured POST /api/admin/medias/upload
2026-09-07T21:41:45.870+08:00  WARN 90233 --- [fang123-backend] [nio-8090-exec-5] c.fang123.common.GlobalExceptionHandler  : 上传文件过大: Maximum upload size exceeded
2026-09-07T21:42:47.338+08:00 DEBUG 90233 --- [fang123-backend] [nio-8090-exec-4] o.s.security.web.FilterChainProxy        : Securing GET /api/admin/medias?page=1&size=10
2026-09-07T21:42:47.345+08:00 DEBUG 90233 --- [fang123-backend] [nio-8090-exec-4] o.s.security.web.FilterChainProxy        : Secured GET /api/admin/medias?page=1&size=10
2026-09-07T21:42:47.366+08:00 DEBUG 90233 --- [fang123-backend] [nio-8090-exec-4] c.f.m.L.selectList_mpCount               : ==>  Preparing: SELECT COUNT(*) AS total FROM loupan_media WHERE deleted = 0
2026-09-07T21:42:47.367+08:00 DEBUG 90233 --- [fang123-backend] [nio-8090-exec-4] c.f.m.L.selectList_mpCount               : ==> Parameters: 
2026-09-07T21:42:47.412+08:00 DEBUG 90233 --- [fang123-backend] [nio-8090-exec-4] c.f.m.L.selectList_mpCount               : <==      Total: 1
2026-09-07T21:42:47.414+08:00 DEBUG 90233 --- [fang123-backend] [nio-8090-exec-4] c.f.mapper.LoupanMediaMapper.selectList  : ==>  Preparing: SELECT id,loupan_id,huxing_id,media_type,media_url,media_title,sort,deleted,create_time FROM loupan_media WHERE deleted=0 ORDER BY id DESC LIMIT ?
2026-09-07T21:42:47.415+08:00 DEBUG 90233 --- [fang123-backend] [nio-8090-exec-4] c.f.mapper.LoupanMediaMapper.selectList  : ==> Parameters: 10(Long)
2026-09-07T21:42:47.418+08:00 DEBUG 90233 --- [fang123-backend] [nio-8090-exec-4] c.f.mapper.LoupanMediaMapper.selectList  : <==      Total: 10
2026-09-07T21:42:49.403+08:00 DEBUG 90233 --- [fang123-backend] [nio-8090-exec-9] o.s.security.web.FilterChainProxy        : Securing GET /api/admin/medias?page=1&size=10
2026-09-07T21:42:49.410+08:00 DEBUG 90233 --- [fang123-backend] [nio-8090-exec-9] o.s.security.web.FilterChainProxy        : Secured GET /api/admin/medias?page=1&size=10
2026-09-07T21:42:49.419+08:00 DEBUG 90233 --- [fang123-backend] [nio-8090-exec-9] c.f.m.L.selectList_mpCount               : ==>  Preparing: SELECT COUNT(*) AS total FROM loupan_media WHERE deleted = 0
2026-09-07T21:42:49.419+08:00 DEBUG 90233 --- [fang123-backend] [nio-8090-exec-9] c.f.m.L.selectList_mpCount               : ==> Parameters: 
2026-09-07T21:42:49.422+08:00 DEBUG 90233 --- [fang123-backend] [nio-8090-exec-9] c.f.m.L.selectList_mpCount               : <==      Total: 1
2026-09-07T21:42:49.422+08:00 DEBUG 90233 --- [fang123-backend] [nio-8090-exec-9] c.f.mapper.LoupanMediaMapper.selectList  : ==>  Preparing: SELECT id,loupan_id,huxing_id,media_type,media_url,media_title,sort,deleted,create_time FROM loupan_media WHERE deleted=0 ORDER BY id DESC LIMIT ?
2026-09-07T21:42:49.422+08:00 DEBUG 90233 --- [fang123-backend] [nio-8090-exec-9] c.f.mapper.LoupanMediaMapper.selectList  : ==> Parameters: 10(Long)
2026-09-07T21:42:49.423+08:00 DEBUG 90233 --- [fang123-backend] [nio-8090-exec-9] c.f.mapper.LoupanMediaMapper.selectList  : <==      Total: 10
2026-09-07T21:42:50.785+08:00 DEBUG 90233 --- [fang123-backend] [io-8090-exec-10] o.s.security.web.FilterChainProxy        : Securing GET /api/admin/medias?page=1&size=10
2026-09-07T21:42:50.795+08:00 DEBUG 90233 --- [fang123-backend] [io-8090-exec-10] o.s.security.web.FilterChainProxy        : Secured GET /api/admin/medias?page=1&size=10
2026-09-07T21:42:50.804+08:00 DEBUG 90233 --- [fang123-backend] [io-8090-exec-10] c.f.m.L.selectList_mpCount               : ==>  Preparing: SELECT COUNT(*) AS total FROM loupan_media WHERE deleted = 0
2026-09-07T21:42:50.805+08:00 DEBUG 90233 --- [fang123-backend] [io-8090-exec-10] c.f.m.L.selectList_mpCount               : ==> Parameters: 
2026-09-07T21:42:50.808+08:00 DEBUG 90233 --- [fang123-backend] [io-8090-exec-10] c.f.m.L.selectList_mpCount               : <==      Total: 1
2026-09-07T21:42:50.809+08:00 DEBUG 90233 --- [fang123-backend] [io-8090-exec-10] c.f.mapper.LoupanMediaMapper.selectList  : ==>  Preparing: SELECT id,loupan_id,huxing_id,media_type,media_url,media_title,sort,deleted,create_time FROM loupan_media WHERE deleted=0 ORDER BY id DESC LIMIT ?
2026-09-07T21:42:50.809+08:00 DEBUG 90233 --- [fang123-backend] [io-8090-exec-10] c.f.mapper.LoupanMediaMapper.selectList  : ==> Parameters: 10(Long)
2026-09-07T21:42:50.811+08:00 DEBUG 90233 --- [fang123-backend] [io-8090-exec-10] c.f.mapper.LoupanMediaMapper.selectList  : <==      Total: 10
2026-09-07T21:42:58.855+08:00 DEBUG 90233 --- [fang123-backend] [nio-8090-exec-6] o.s.security.web.FilterChainProxy        : Securing GET /api/admin/medias?page=1&size=10
2026-09-07T21:42:58.862+08:00 DEBUG 90233 --- [fang123-backend] [nio-8090-exec-6] o.s.security.web.FilterChainProxy        : Secured GET /api/admin/medias?page=1&size=10
2026-09-07T21:42:58.877+08:00 DEBUG 90233 --- [fang123-backend] [nio-8090-exec-6] c.f.m.L.selectList_mpCount               : ==>  Preparing: SELECT COUNT(*) AS total FROM loupan_media WHERE deleted = 0
2026-09-07T21:42:58.878+08:00 DEBUG 90233 --- [fang123-backend] [nio-8090-exec-6] c.f.m.L.selectList_mpCount               : ==> Parameters: 
2026-09-07T21:42:58.880+08:00 DEBUG 90233 --- [fang123-backend] [nio-8090-exec-6] c.f.m.L.selectList_mpCount               : <==      Total: 1
2026-09-07T21:42:58.881+08:00 DEBUG 90233 --- [fang123-backend] [nio-8090-exec-6] c.f.mapper.LoupanMediaMapper.selectList  : ==>  Preparing: SELECT id,loupan_id,huxing_id,media_type,media_url,media_title,sort,deleted,create_time FROM loupan_media WHERE deleted=0 ORDER BY id DESC LIMIT ?
2026-09-07T21:42:58.881+08:00 DEBUG 90233 --- [fang123-backend] [nio-8090-exec-6] c.f.mapper.LoupanMediaMapper.selectList  : ==> Parameters: 10(Long)
2026-09-07T21:42:58.882+08:00 DEBUG 90233 --- [fang123-backend] [nio-8090-exec-6] c.f.mapper.LoupanMediaMapper.selectList  : <==      Total: 10
2026-09-07T21:43:01.848+08:00 DEBUG 90233 --- [fang123-backend] [nio-8090-exec-1] o.s.security.web.FilterChainProxy        : Securing GET /api/admin/medias?page=1&size=10
2026-09-07T21:43:01.854+08:00 DEBUG 90233 --- [fang123-backend] [nio-8090-exec-1] o.s.security.web.FilterChainProxy        : Secured GET /api/admin/medias?page=1&size=10
2026-09-07T21:43:01.867+08:00 DEBUG 90233 --- [fang123-backend] [nio-8090-exec-1] c.f.m.L.selectList_mpCount               : ==>  Preparing: SELECT COUNT(*) AS total FROM loupan_media WHERE deleted = 0
2026-09-07T21:43:01.867+08:00 DEBUG 90233 --- [fang123-backend] [nio-8090-exec-1] c.f.m.L.selectList_mpCount               : ==> Parameters: 
2026-09-07T21:43:01.869+08:00 DEBUG 90233 --- [fang123-backend] [nio-8090-exec-1] c.f.m.L.selectList_mpCount               : <==      Total: 1
2026-09-07T21:43:01.870+08:00 DEBUG 90233 --- [fang123-backend] [nio-8090-exec-1] c.f.mapper.LoupanMediaMapper.selectList  : ==>  Preparing: SELECT id,loupan_id,huxing_id,media_type,media_url,media_title,sort,deleted,create_time FROM loupan_media WHERE deleted=0 ORDER BY id DESC LIMIT ?
2026-09-07T21:43:01.870+08:00 DEBUG 90233 --- [fang123-backend] [nio-8090-exec-1] c.f.mapper.LoupanMediaMapper.selectList  : ==> Parameters: 10(Long)
2026-09-07T21:43:01.871+08:00 DEBUG 90233 --- [fang123-backend] [nio-8090-exec-1] c.f.mapper.LoupanMediaMapper.selectList  : <==      Total: 10
2026-09-07T21:43:04.083+08:00 DEBUG 90233 --- [fang123-backend] [nio-8090-exec-2] o.s.security.web.FilterChainProxy        : Securing GET /api/admin/medias?page=1&size=10
2026-09-07T21:43:04.086+08:00 DEBUG 90233 --- [fang123-backend] [nio-8090-exec-2] o.s.security.web.FilterChainProxy        : Secured GET /api/admin/medias?page=1&size=10
2026-09-07T21:43:04.092+08:00 DEBUG 90233 --- [fang123-backend] [nio-8090-exec-2] c.f.m.L.selectList_mpCount               : ==>  Preparing: SELECT COUNT(*) AS total FROM loupan_media WHERE deleted = 0
2026-09-07T21:43:04.092+08:00 DEBUG 90233 --- [fang123-backend] [nio-8090-exec-2] c.f.m.L.selectList_mpCount               : ==> Parameters: 
2026-09-07T21:43:04.094+08:00 DEBUG 90233 --- [fang123-backend] [nio-8090-exec-2] c.f.m.L.selectList_mpCount               : <==      Total: 1
2026-09-07T21:43:04.095+08:00 DEBUG 90233 --- [fang123-backend] [nio-8090-exec-2] c.f.mapper.LoupanMediaMapper.selectList  : ==>  Preparing: SELECT id,loupan_id,huxing_id,media_type,media_url,media_title,sort,deleted,create_time FROM loupan_media WHERE deleted=0 ORDER BY id DESC LIMIT ?
2026-09-07T21:43:04.095+08:00 DEBUG 90233 --- [fang123-backend] [nio-8090-exec-2] c.f.mapper.LoupanMediaMapper.selectList  : ==> Parameters: 10(Long)
2026-09-07T21:43:04.097+08:00 DEBUG 90233 --- [fang123-backend] [nio-8090-exec-2] c.f.mapper.LoupanMediaMapper.selectList  : <==      Total: 10
2026-09-07T21:43:07.108+08:00 DEBUG 90233 --- [fang123-backend] [nio-8090-exec-7] o.s.security.web.FilterChainProxy        : Securing GET /api/admin/medias?page=1&size=10
2026-09-07T21:43:07.111+08:00 DEBUG 90233 --- [fang123-backend] [nio-8090-exec-7] o.s.security.web.FilterChainProxy        : Secured GET /api/admin/medias?page=1&size=10
2026-09-07T21:43:07.116+08:00 DEBUG 90233 --- [fang123-backend] [nio-8090-exec-7] c.f.m.L.selectList_mpCount               : ==>  Preparing: SELECT COUNT(*) AS total FROM loupan_media WHERE deleted = 0
2026-09-07T21:43:07.117+08:00 DEBUG 90233 --- [fang123-backend] [nio-8090-exec-7] c.f.m.L.selectList_mpCount               : ==> Parameters: 
2026-09-07T21:43:07.127+08:00 DEBUG 90233 --- [fang123-backend] [nio-8090-exec-7] c.f.m.L.selectList_mpCount               : <==      Total: 1
2026-09-07T21:43:07.130+08:00 DEBUG 90233 --- [fang123-backend] [nio-8090-exec-7] c.f.mapper.LoupanMediaMapper.selectList  : ==>  Preparing: SELECT id,loupan_id,huxing_id,media_type,media_url,media_title,sort,deleted,create_time FROM loupan_media WHERE deleted=0 ORDER BY id DESC LIMIT ?
2026-09-07T21:43:07.131+08:00 DEBUG 90233 --- [fang123-backend] [nio-8090-exec-7] c.f.mapper.LoupanMediaMapper.selectList  : ==> Parameters: 10(Long)
2026-09-07T21:43:07.132+08:00 DEBUG 90233 --- [fang123-backend] [nio-8090-exec-7] c.f.mapper.LoupanMediaMapper.selectList  : <==      Total: 10
2026-09-07T21:43:09.861+08:00 DEBUG 90233 --- [fang123-backend] [nio-8090-exec-8] o.s.security.web.FilterChainProxy        : Securing GET /api/admin/medias?page=1&size=10
2026-09-07T21:43:09.866+08:00 DEBUG 90233 --- [fang123-backend] [nio-8090-exec-8] o.s.security.web.FilterChainProxy        : Secured GET /api/admin/medias?page=1&size=10
2026-09-07T21:43:09.890+08:00 DEBUG 90233 --- [fang123-backend] [nio-8090-exec-8] c.f.m.L.selectList_mpCount               : ==>  Preparing: SELECT COUNT(*) AS total FROM loupan_media WHERE deleted = 0
2026-09-07T21:43:09.891+08:00 DEBUG 90233 --- [fang123-backend] [nio-8090-exec-8] c.f.m.L.selectList_mpCount               : ==> Parameters: 
2026-09-07T21:43:09.892+08:00 DEBUG 90233 --- [fang123-backend] [nio-8090-exec-8] c.f.m.L.selectList_mpCount               : <==      Total: 1
2026-09-07T21:43:09.893+08:00 DEBUG 90233 --- [fang123-backend] [nio-8090-exec-8] c.f.mapper.LoupanMediaMapper.selectList  : ==>  Preparing: SELECT id,loupan_id,huxing_id,media_type,media_url,media_title,sort,deleted,create_time FROM loupan_media WHERE deleted=0 ORDER BY id DESC LIMIT ?
2026-09-07T21:43:09.893+08:00 DEBUG 90233 --- [fang123-backend] [nio-8090-exec-8] c.f.mapper.LoupanMediaMapper.selectList  : ==> Parameters: 10(Long)
2026-09-07T21:43:09.894+08:00 DEBUG 90233 --- [fang123-backend] [nio-8090-exec-8] c.f.mapper.LoupanMediaMapper.selectList  : <==      Total: 10
2026-09-07T21:43:10.546+08:00 DEBUG 90233 --- [fang123-backend] [nio-8090-exec-3] o.s.security.web.FilterChainProxy        : Securing GET /api/admin/medias?page=1&size=10
2026-09-07T21:43:10.548+08:00 DEBUG 90233 --- [fang123-backend] [nio-8090-exec-3] o.s.security.web.FilterChainProxy        : Secured GET /api/admin/medias?page=1&size=10
2026-09-07T21:43:10.558+08:00 DEBUG 90233 --- [fang123-backend] [nio-8090-exec-3] c.f.m.L.selectList_mpCount               : ==>  Preparing: SELECT COUNT(*) AS total FROM loupan_media WHERE deleted = 0
2026-09-07T21:43:10.558+08:00 DEBUG 90233 --- [fang123-backend] [nio-8090-exec-3] c.f.m.L.selectList_mpCount               : ==> Parameters: 
2026-09-07T21:43:10.565+08:00 DEBUG 90233 --- [fang123-backend] [nio-8090-exec-3] c.f.m.L.selectList_mpCount               : <==      Total: 1
2026-09-07T21:43:10.565+08:00 DEBUG 90233 --- [fang123-backend] [nio-8090-exec-3] c.f.mapper.LoupanMediaMapper.selectList  : ==>  Preparing: SELECT id,loupan_id,huxing_id,media_type,media_url,media_title,sort,deleted,create_time FROM loupan_media WHERE deleted=0 ORDER BY id DESC LIMIT ?
2026-09-07T21:43:10.566+08:00 DEBUG 90233 --- [fang123-backend] [nio-8090-exec-3] c.f.mapper.LoupanMediaMapper.selectList  : ==> Parameters: 10(Long)
2026-09-07T21:43:10.577+08:00 DEBUG 90233 --- [fang123-backend] [nio-8090-exec-3] c.f.mapper.LoupanMediaMapper.selectList  : <==      Total: 10
2026-09-07T21:43:12.457+08:00 DEBUG 90233 --- [fang123-backend] [nio-8090-exec-5] o.s.security.web.FilterChainProxy        : Securing GET /api/admin/medias?page=1&size=10
2026-09-07T21:43:12.463+08:00 DEBUG 90233 --- [fang123-backend] [nio-8090-exec-5] o.s.security.web.FilterChainProxy        : Secured GET /api/admin/medias?page=1&size=10
2026-09-07T21:43:12.476+08:00 DEBUG 90233 --- [fang123-backend] [nio-8090-exec-5] c.f.m.L.selectList_mpCount               : ==>  Preparing: SELECT COUNT(*) AS total FROM loupan_media WHERE deleted = 0
2026-09-07T21:43:12.476+08:00 DEBUG 90233 --- [fang123-backend] [nio-8090-exec-5] c.f.m.L.selectList_mpCount               : ==> Parameters: 
2026-09-07T21:43:12.478+08:00 DEBUG 90233 --- [fang123-backend] [nio-8090-exec-5] c.f.m.L.selectList_mpCount               : <==      Total: 1
2026-09-07T21:43:12.479+08:00 DEBUG 90233 --- [fang123-backend] [nio-8090-exec-5] c.f.mapper.LoupanMediaMapper.selectList  : ==>  Preparing: SELECT id,loupan_id,huxing_id,media_type,media_url,media_title,sort,deleted,create_time FROM loupan_media WHERE deleted=0 ORDER BY id DESC LIMIT ?
2026-09-07T21:43:12.479+08:00 DEBUG 90233 --- [fang123-backend] [nio-8090-exec-5] c.f.mapper.LoupanMediaMapper.selectList  : ==> Parameters: 10(Long)
2026-09-07T21:43:12.480+08:00 DEBUG 90233 --- [fang123-backend] [nio-8090-exec-5] c.f.mapper.LoupanMediaMapper.selectList  : <==      Total: 10
2026-09-07T21:43:14.407+08:00 DEBUG 90233 --- [fang123-backend] [nio-8090-exec-4] o.s.security.web.FilterChainProxy        : Securing GET /api/admin/medias?page=1&size=10
2026-09-07T21:43:14.410+08:00 DEBUG 90233 --- [fang123-backend] [nio-8090-exec-4] o.s.security.web.FilterChainProxy        : Secured GET /api/admin/medias?page=1&size=10
2026-09-07T21:43:14.417+08:00 DEBUG 90233 --- [fang123-backend] [nio-8090-exec-4] c.f.m.L.selectList_mpCount               : ==>  Preparing: SELECT COUNT(*) AS total FROM loupan_media WHERE deleted = 0
2026-09-07T21:43:14.418+08:00 DEBUG 90233 --- [fang123-backend] [nio-8090-exec-4] c.f.m.L.selectList_mpCount               : ==> Parameters: 
2026-09-07T21:43:14.420+08:00 DEBUG 90233 --- [fang123-backend] [nio-8090-exec-4] c.f.m.L.selectList_mpCount               : <==      Total: 1
2026-09-07T21:43:14.420+08:00 DEBUG 90233 --- [fang123-backend] [nio-8090-exec-4] c.f.mapper.LoupanMediaMapper.selectList  : ==>  Preparing: SELECT id,loupan_id,huxing_id,media_type,media_url,media_title,sort,deleted,create_time FROM loupan_media WHERE deleted=0 ORDER BY id DESC LIMIT ?
2026-09-07T21:43:14.421+08:00 DEBUG 90233 --- [fang123-backend] [nio-8090-exec-4] c.f.mapper.LoupanMediaMapper.selectList  : ==> Parameters: 10(Long)
2026-09-07T21:43:14.422+08:00 DEBUG 90233 --- [fang123-backend] [nio-8090-exec-4] c.f.mapper.LoupanMediaMapper.selectList  : <==      Total: 10
2026-09-07T22:27:14.076+08:00 DEBUG 90233 --- [fang123-backend] [nio-8090-exec-9] o.s.security.web.FilterChainProxy        : Securing GET /api/admin/real-deals?page=1&size=10
2026-09-07T22:27:14.076+08:00 DEBUG 90233 --- [fang123-backend] [io-8090-exec-10] o.s.security.web.FilterChainProxy        : Securing GET /api/admin/loupans/options
2026-09-07T22:27:14.105+08:00 DEBUG 90233 --- [fang123-backend] [io-8090-exec-10] o.s.security.web.FilterChainProxy        : Secured GET /api/admin/loupans/options
2026-09-07T22:27:14.105+08:00 DEBUG 90233 --- [fang123-backend] [nio-8090-exec-9] o.s.security.web.FilterChainProxy        : Secured GET /api/admin/real-deals?page=1&size=10
2026-09-07T22:27:14.187+08:00 DEBUG 90233 --- [fang123-backend] [io-8090-exec-10] c.f.mapper.LoupanMapper.selectList       : ==>  Preparing: SELECT id,land_id,land_no,cover_image,project_name,short_name,district,plate,avg_unit_price,avg_unit_price_yangfang,avg_unit_price_dieshu,avg_unit_price_paiwu,min_total_price,max_total_price,price_tag,sales_address,sales_status,sales_tel,project_address,show_house_desc,delivery_date,floor_height_min,floor_height_max,building_total,floor_min,floor_max,area_min,area_max,decorate_type,property_right_year,house_type,community_facility,people_car_separate,property_fee_high,property_fee_villa,property_company,park_total,park_sell_num,park_ratio,facade_material,self_hold_rate,build_area,land_area,house_total,plot_ratio,green_rate,project_company,brand_list,land_price,land_unit_price,land_buy_date,edu_support,traffic_support,medical_support,business_support,view_support,longitude,latitude,sort,deleted,create_time,update_time FROM loupan WHERE deleted=0 ORDER BY sort DESC,create_time DESC
2026-09-07T22:27:14.190+08:00 DEBUG 90233 --- [fang123-backend] [io-8090-exec-10] c.f.mapper.LoupanMapper.selectList       : ==> Parameters: 
2026-09-07T22:27:14.229+08:00 DEBUG 90233 --- [fang123-backend] [nio-8090-exec-9] c.f.m.R.selectList_mpCount               : ==>  Preparing: SELECT COUNT(*) AS total FROM real_deal_info WHERE (deleted = ?)
2026-09-07T22:27:14.231+08:00 DEBUG 90233 --- [fang123-backend] [nio-8090-exec-9] c.f.m.R.selectList_mpCount               : ==> Parameters: 0(Integer)
2026-09-07T22:27:14.231+08:00 DEBUG 90233 --- [fang123-backend] [io-8090-exec-10] c.f.mapper.LoupanMapper.selectList       : <==      Total: 3
2026-09-07T22:27:14.243+08:00 DEBUG 90233 --- [fang123-backend] [nio-8090-exec-9] c.f.m.R.selectList_mpCount               : <==      Total: 1
2026-09-07T22:27:14.244+08:00 DEBUG 90233 --- [fang123-backend] [nio-8090-exec-9] c.f.m.RealDealInfoMapper.selectList      : ==>  Preparing: SELECT id,deal_date,district,plate,community_name,room_no,house_area,deal_price,remark,yfyj,loupan_id,deleted,create_time,update_time FROM real_deal_info WHERE (deleted = ?) ORDER BY deal_date DESC,id DESC LIMIT ?
2026-09-07T22:27:14.244+08:00 DEBUG 90233 --- [fang123-backend] [nio-8090-exec-9] c.f.m.RealDealInfoMapper.selectList      : ==> Parameters: 0(Integer), 10(Long)
2026-09-07T22:27:14.251+08:00 DEBUG 90233 --- [fang123-backend] [nio-8090-exec-9] c.f.m.RealDealInfoMapper.selectList      : <==      Total: 5
2026-09-07T22:46:52.300+08:00 DEBUG 90233 --- [fang123-backend] [nio-8090-exec-6] o.s.security.web.FilterChainProxy        : Securing GET /api/admin/loupans?page=1&size=10
2026-09-07T22:46:52.308+08:00 DEBUG 90233 --- [fang123-backend] [nio-8090-exec-6] o.s.security.web.FilterChainProxy        : Secured GET /api/admin/loupans?page=1&size=10
2026-09-07T22:46:52.327+08:00 DEBUG 90233 --- [fang123-backend] [nio-8090-exec-6] c.f.m.LoupanMapper.selectList_mpCount    : ==>  Preparing: SELECT COUNT(*) AS total FROM loupan WHERE deleted = 0
2026-09-07T22:46:52.327+08:00 DEBUG 90233 --- [fang123-backend] [nio-8090-exec-6] c.f.m.LoupanMapper.selectList_mpCount    : ==> Parameters: 
2026-09-07T22:46:52.357+08:00 DEBUG 90233 --- [fang123-backend] [nio-8090-exec-6] c.f.m.LoupanMapper.selectList_mpCount    : <==      Total: 1
2026-09-07T22:46:52.357+08:00 DEBUG 90233 --- [fang123-backend] [nio-8090-exec-6] c.f.mapper.LoupanMapper.selectList       : ==>  Preparing: SELECT id,land_id,land_no,cover_image,project_name,short_name,district,plate,avg_unit_price,avg_unit_price_yangfang,avg_unit_price_dieshu,avg_unit_price_paiwu,min_total_price,max_total_price,price_tag,sales_address,sales_status,sales_tel,project_address,show_house_desc,delivery_date,floor_height_min,floor_height_max,building_total,floor_min,floor_max,area_min,area_max,decorate_type,property_right_year,house_type,community_facility,people_car_separate,property_fee_high,property_fee_villa,property_company,park_total,park_sell_num,park_ratio,facade_material,self_hold_rate,build_area,land_area,house_total,plot_ratio,green_rate,project_company,brand_list,land_price,land_unit_price,land_buy_date,edu_support,traffic_support,medical_support,business_support,view_support,longitude,latitude,sort,deleted,create_time,update_time FROM loupan WHERE deleted=0 ORDER BY id DESC LIMIT ?
2026-09-07T22:46:52.358+08:00 DEBUG 90233 --- [fang123-backend] [nio-8090-exec-6] c.f.mapper.LoupanMapper.selectList       : ==> Parameters: 10(Long)
2026-09-07T22:46:52.376+08:00 DEBUG 90233 --- [fang123-backend] [nio-8090-exec-6] c.f.mapper.LoupanMapper.selectList       : <==      Total: 3
