Standard Commons Logging discovery in action with spring-jcl: please remove commons-logging.jar from classpath in order to avoid potential conflicts

  .   ____          _            __ _ _
 /\\ / ___'_ __ _ _(_)_ __  __ _ \ \ \ \
( ( )\___ | '_ | '_| | '_ \/ _` | \ \ \ \
 \\/  ___)| |_)| | | | | || (_| |  ) ) ) )
  '  |____| .__|_| |_|_| |_\__, | / / / /
 =========|_|==============|___/=/_/_/_/

 :: Spring Boot ::                (v3.4.1)

2026-10-04T14:21:38.267+08:00  INFO 11360 --- [fang123-backend] [           main] com.fang123.Fang123Application           : Starting Fang123Application v1.0.1-SNAPSHOT using Java 21.0.10 with PID 11360 (/Users/neo/neocode/fang123/backend/target/fang123-backend-1.0.1-SNAPSHOT.jar started by neo in /Users/neo/neocode/fang123/backend)
2026-10-04T14:21:38.268+08:00 DEBUG 11360 --- [fang123-backend] [           main] com.fang123.Fang123Application           : Running with Spring Boot v3.4.1, Spring v6.2.1
2026-10-04T14:21:38.269+08:00  INFO 11360 --- [fang123-backend] [           main] com.fang123.Fang123Application           : The following 1 profile is active: "dev"
2026-10-04T14:21:39.020+08:00  INFO 11360 --- [fang123-backend] [           main] o.s.b.w.embedded.tomcat.TomcatWebServer  : Tomcat initialized with port 8090 (http)
2026-10-04T14:21:39.029+08:00  INFO 11360 --- [fang123-backend] [           main] o.apache.catalina.core.StandardService   : Starting service [Tomcat]
2026-10-04T14:21:39.029+08:00  INFO 11360 --- [fang123-backend] [           main] o.apache.catalina.core.StandardEngine    : Starting Servlet engine: [Apache Tomcat/10.1.34]
2026-10-04T14:21:39.045+08:00  INFO 11360 --- [fang123-backend] [           main] o.a.c.c.C.[Tomcat].[localhost].[/]       : Initializing Spring embedded WebApplicationContext
2026-10-04T14:21:39.046+08:00  INFO 11360 --- [fang123-backend] [           main] w.s.c.ServletWebServerApplicationContext : Root WebApplicationContext: initialization completed in 752 ms
Standard Commons Logging discovery in action with spring-jcl: please remove commons-logging.jar from classpath in order to avoid potential conflicts
2026-10-04T14:21:39.079+08:00 DEBUG 11360 --- [fang123-backend] [           main] c.f.config.JwtAuthenticationFilter       : Filter 'jwtAuthenticationFilter' configured for use
 _ _   |_  _ _|_. ___ _ |    _ 
| | |\/|_)(_| | |_\  |_)||_|_\ 
     /               |         
                        3.5.7 
2026-10-04T14:21:39.510+08:00  INFO 11360 --- [fang123-backend] [           main] com.fang123.service.CosService           : COS 凭证检查: secretId 前缀=AKID691g..., region=ap-shanghai
2026-10-04T14:21:39.632+08:00 DEBUG 11360 --- [fang123-backend] [           main] com.fang123.service.CosService           : COS client initialized for bucket: neoimage-1251198067
2026-10-04T14:21:39.978+08:00  WARN 11360 --- [fang123-backend] [           main] .s.s.UserDetailsServiceAutoConfiguration : 

Using generated security password: 7dccf7a6-569d-48c0-9f54-974f3f4efe20

This generated password is for development use only. Your security configuration must be updated before running your application in production.

2026-10-04T14:21:39.981+08:00  INFO 11360 --- [fang123-backend] [           main] r$InitializeUserDetailsManagerConfigurer : Global AuthenticationManager configured with UserDetailsService bean with name inMemoryUserDetailsManager
2026-10-04T14:21:40.102+08:00 DEBUG 11360 --- [fang123-backend] [           main] o.s.s.web.DefaultSecurityFilterChain     : Will secure any request with filters: DisableEncodeUrlFilter, WebAsyncManagerIntegrationFilter, SecurityContextHolderFilter, HeaderWriterFilter, LogoutFilter, JwtAuthenticationFilter, RequestCacheAwareFilter, SecurityContextHolderAwareRequestFilter, AnonymousAuthenticationFilter, SessionManagementFilter, ExceptionTranslationFilter, AuthorizationFilter
2026-10-04T14:21:40.250+08:00  INFO 11360 --- [fang123-backend] [           main] o.s.b.w.embedded.tomcat.TomcatWebServer  : Tomcat started on port 8090 (http) with context path '/'
2026-10-04T14:21:40.256+08:00  INFO 11360 --- [fang123-backend] [           main] com.fang123.Fang123Application           : Started Fang123Application in 2.304 seconds (process running for 2.772)
2026-10-04T14:21:47.067+08:00  INFO 11360 --- [fang123-backend] [nio-8090-exec-1] o.a.c.c.C.[Tomcat].[localhost].[/]       : Initializing Spring DispatcherServlet 'dispatcherServlet'
2026-10-04T14:21:47.068+08:00  INFO 11360 --- [fang123-backend] [nio-8090-exec-1] o.s.web.servlet.DispatcherServlet        : Initializing Servlet 'dispatcherServlet'
2026-10-04T14:21:47.071+08:00  INFO 11360 --- [fang123-backend] [nio-8090-exec-1] o.s.web.servlet.DispatcherServlet        : Completed initialization in 3 ms
2026-10-04T14:21:47.087+08:00 DEBUG 11360 --- [fang123-backend] [nio-8090-exec-3] o.s.security.web.FilterChainProxy        : Securing GET /api/public/loupans?page=1&size=12&salesStatus=1
2026-10-04T14:21:47.087+08:00 DEBUG 11360 --- [fang123-backend] [nio-8090-exec-2] o.s.security.web.FilterChainProxy        : Securing GET /api/public/loupan-spotlight/counts
2026-10-04T14:21:47.087+08:00 DEBUG 11360 --- [fang123-backend] [nio-8090-exec-1] o.s.security.web.FilterChainProxy        : Securing GET /api/public/loupan-filters
2026-10-04T14:21:47.321+08:00 DEBUG 11360 --- [fang123-backend] [nio-8090-exec-3] o.s.s.w.a.AnonymousAuthenticationFilter  : Set SecurityContextHolder to anonymous SecurityContext
2026-10-04T14:21:47.321+08:00 DEBUG 11360 --- [fang123-backend] [nio-8090-exec-1] o.s.s.w.a.AnonymousAuthenticationFilter  : Set SecurityContextHolder to anonymous SecurityContext
2026-10-04T14:21:47.321+08:00 DEBUG 11360 --- [fang123-backend] [nio-8090-exec-2] o.s.s.w.a.AnonymousAuthenticationFilter  : Set SecurityContextHolder to anonymous SecurityContext
2026-10-04T14:21:47.323+08:00 DEBUG 11360 --- [fang123-backend] [nio-8090-exec-1] o.s.security.web.FilterChainProxy        : Secured GET /api/public/loupan-filters
2026-10-04T14:21:47.323+08:00 DEBUG 11360 --- [fang123-backend] [nio-8090-exec-2] o.s.security.web.FilterChainProxy        : Secured GET /api/public/loupan-spotlight/counts
2026-10-04T14:21:47.323+08:00 DEBUG 11360 --- [fang123-backend] [nio-8090-exec-3] o.s.security.web.FilterChainProxy        : Secured GET /api/public/loupans?page=1&size=12&salesStatus=1
2026-10-04T14:21:47.364+08:00 DEBUG 11360 --- [fang123-backend] [nio-8090-exec-6] o.s.security.web.FilterChainProxy        : Securing GET /api/public/loupans?page=1&size=12&salesStatus=1
2026-10-04T14:21:47.364+08:00 DEBUG 11360 --- [fang123-backend] [nio-8090-exec-5] o.s.security.web.FilterChainProxy        : Securing GET /api/public/loupan-spotlight/counts
2026-10-04T14:21:47.364+08:00 DEBUG 11360 --- [fang123-backend] [nio-8090-exec-4] o.s.security.web.FilterChainProxy        : Securing GET /api/public/loupan-filters
2026-10-04T14:21:47.369+08:00 DEBUG 11360 --- [fang123-backend] [nio-8090-exec-4] o.s.s.w.a.AnonymousAuthenticationFilter  : Set SecurityContextHolder to anonymous SecurityContext
2026-10-04T14:21:47.369+08:00 DEBUG 11360 --- [fang123-backend] [nio-8090-exec-6] o.s.s.w.a.AnonymousAuthenticationFilter  : Set SecurityContextHolder to anonymous SecurityContext
2026-10-04T14:21:47.370+08:00 DEBUG 11360 --- [fang123-backend] [nio-8090-exec-4] o.s.security.web.FilterChainProxy        : Secured GET /api/public/loupan-filters
2026-10-04T14:21:47.369+08:00 DEBUG 11360 --- [fang123-backend] [nio-8090-exec-5] o.s.s.w.a.AnonymousAuthenticationFilter  : Set SecurityContextHolder to anonymous SecurityContext
2026-10-04T14:21:47.370+08:00 DEBUG 11360 --- [fang123-backend] [nio-8090-exec-5] o.s.security.web.FilterChainProxy        : Secured GET /api/public/loupan-spotlight/counts
2026-10-04T14:21:47.370+08:00 DEBUG 11360 --- [fang123-backend] [nio-8090-exec-6] o.s.security.web.FilterChainProxy        : Secured GET /api/public/loupans?page=1&size=12&salesStatus=1
2026-10-04T14:21:47.429+08:00  INFO 11360 --- [fang123-backend] [nio-8090-exec-1] com.zaxxer.hikari.HikariDataSource       : HikariPool-1 - Starting...
2026-10-04T14:21:47.827+08:00  INFO 11360 --- [fang123-backend] [nio-8090-exec-1] com.zaxxer.hikari.pool.HikariPool        : HikariPool-1 - Added connection com.mysql.cj.jdbc.ConnectionImpl@12445a7c
2026-10-04T14:21:47.828+08:00  INFO 11360 --- [fang123-backend] [nio-8090-exec-1] com.zaxxer.hikari.HikariDataSource       : HikariPool-1 - Start completed.
2026-10-04T14:21:47.833+08:00 DEBUG 11360 --- [fang123-backend] [nio-8090-exec-1] c.f.mapper.LoupanMapper.selectList       : ==>  Preparing: SELECT id,land_id,land_no,cover_image,project_name,short_name,district,plate,avg_unit_price,avg_unit_price_yangfang,avg_unit_price_dieshu,avg_unit_price_paiwu,min_total_price,max_total_price,price_tag,sales_address,sales_status,sales_tel,project_address,show_house_desc,opening_date,delivery_date,floor_height_min,floor_height_max,building_total,floor_min,floor_max,area_min,area_max,decorate_type,property_right_year,house_type,community_facility,people_car_separate,property_fee_high,property_fee_villa,property_company,park_total,park_sell_num,park_ratio,facade_material,self_hold_rate,build_area,land_area,house_total,plot_ratio,green_rate,project_company,brand_list,land_price,land_unit_price,land_buy_date,edu_support,traffic_support,medical_support,business_support,view_support,longitude,latitude,sort,deleted,create_time,update_time FROM loupan WHERE deleted=0
2026-10-04T14:21:47.833+08:00 DEBUG 11360 --- [fang123-backend] [nio-8090-exec-2] c.f.m.L.selectList                       : ==>  Preparing: SELECT id,loupan_id,project_name,publicity_date,issue_date,develop_company,location,sale_address,sale_phone,online_sale_area,permit_no,permit_no_str,deleted,create_time,update_time FROM loupan_presale_permit WHERE deleted=0 AND (loupan_id IS NOT NULL AND publicity_date IS NOT NULL AND publicity_date <= ? AND issue_date IS NOT NULL AND issue_date > ? AND publicity_date < issue_date) ORDER BY publicity_date DESC,id DESC
2026-10-04T14:21:47.847+08:00 DEBUG 11360 --- [fang123-backend] [nio-8090-exec-1] c.f.mapper.LoupanMapper.selectList       : ==> Parameters: 
2026-10-04T14:21:47.847+08:00 DEBUG 11360 --- [fang123-backend] [nio-8090-exec-2] c.f.m.L.selectList                       : ==> Parameters: 2026-10-04(LocalDate), 2026-10-04(LocalDate)
2026-10-04T14:21:47.868+08:00 DEBUG 11360 --- [fang123-backend] [nio-8090-exec-6] c.f.m.LoupanMapper.selectList_mpCount    : ==>  Preparing: SELECT COUNT(*) AS total FROM loupan WHERE deleted = 0 AND (sales_status IN (?))
2026-10-04T14:21:47.869+08:00 DEBUG 11360 --- [fang123-backend] [nio-8090-exec-6] c.f.m.LoupanMapper.selectList_mpCount    : ==> Parameters: 1(Integer)
2026-10-04T14:21:47.888+08:00 DEBUG 11360 --- [fang123-backend] [nio-8090-exec-2] c.f.m.L.selectList                       : <==      Total: 0
2026-10-04T14:21:47.889+08:00 DEBUG 11360 --- [fang123-backend] [nio-8090-exec-6] c.f.m.LoupanMapper.selectList_mpCount    : <==      Total: 1
2026-10-04T14:21:47.892+08:00 DEBUG 11360 --- [fang123-backend] [nio-8090-exec-1] c.f.mapper.LoupanMapper.selectList       : <==      Total: 2
2026-10-04T14:21:47.893+08:00 DEBUG 11360 --- [fang123-backend] [nio-8090-exec-3] c.f.m.LoupanMapper.selectList_mpCount    : ==>  Preparing: SELECT COUNT(*) AS total FROM loupan WHERE deleted = 0 AND (sales_status IN (?))
2026-10-04T14:21:47.893+08:00 DEBUG 11360 --- [fang123-backend] [nio-8090-exec-5] c.f.m.L.selectList                       : ==>  Preparing: SELECT id,loupan_id,project_name,publicity_date,issue_date,develop_company,location,sale_address,sale_phone,online_sale_area,permit_no,permit_no_str,deleted,create_time,update_time FROM loupan_presale_permit WHERE deleted=0 AND (loupan_id IS NOT NULL AND publicity_date IS NOT NULL AND publicity_date <= ? AND issue_date IS NOT NULL AND issue_date > ? AND publicity_date < issue_date) ORDER BY publicity_date DESC,id DESC
2026-10-04T14:21:47.893+08:00 DEBUG 11360 --- [fang123-backend] [nio-8090-exec-3] c.f.m.LoupanMapper.selectList_mpCount    : ==> Parameters: 1(Integer)
2026-10-04T14:21:47.893+08:00 DEBUG 11360 --- [fang123-backend] [nio-8090-exec-6] c.f.mapper.LoupanMapper.selectList       : ==>  Preparing: SELECT id,land_id,land_no,cover_image,project_name,short_name,district,plate,avg_unit_price,avg_unit_price_yangfang,avg_unit_price_dieshu,avg_unit_price_paiwu,min_total_price,max_total_price,price_tag,sales_address,sales_status,sales_tel,project_address,show_house_desc,opening_date,delivery_date,floor_height_min,floor_height_max,building_total,floor_min,floor_max,area_min,area_max,decorate_type,property_right_year,house_type,community_facility,people_car_separate,property_fee_high,property_fee_villa,property_company,park_total,park_sell_num,park_ratio,facade_material,self_hold_rate,build_area,land_area,house_total,plot_ratio,green_rate,project_company,brand_list,land_price,land_unit_price,land_buy_date,edu_support,traffic_support,medical_support,business_support,view_support,longitude,latitude,sort,deleted,create_time,update_time FROM loupan WHERE deleted=0 AND (sales_status IN (?)) ORDER BY sort DESC,create_time DESC LIMIT ?
2026-10-04T14:21:47.894+08:00 DEBUG 11360 --- [fang123-backend] [nio-8090-exec-5] c.f.m.L.selectList                       : ==> Parameters: 2026-10-04(LocalDate), 2026-10-04(LocalDate)
2026-10-04T14:21:47.894+08:00 DEBUG 11360 --- [fang123-backend] [nio-8090-exec-3] c.f.m.LoupanMapper.selectList_mpCount    : <==      Total: 1
2026-10-04T14:21:47.894+08:00 DEBUG 11360 --- [fang123-backend] [nio-8090-exec-5] c.f.m.L.selectList                       : <==      Total: 0
2026-10-04T14:21:47.895+08:00 DEBUG 11360 --- [fang123-backend] [nio-8090-exec-4] c.f.mapper.LoupanMapper.selectList       : ==>  Preparing: SELECT id,land_id,land_no,cover_image,project_name,short_name,district,plate,avg_unit_price,avg_unit_price_yangfang,avg_unit_price_dieshu,avg_unit_price_paiwu,min_total_price,max_total_price,price_tag,sales_address,sales_status,sales_tel,project_address,show_house_desc,opening_date,delivery_date,floor_height_min,floor_height_max,building_total,floor_min,floor_max,area_min,area_max,decorate_type,property_right_year,house_type,community_facility,people_car_separate,property_fee_high,property_fee_villa,property_company,park_total,park_sell_num,park_ratio,facade_material,self_hold_rate,build_area,land_area,house_total,plot_ratio,green_rate,project_company,brand_list,land_price,land_unit_price,land_buy_date,edu_support,traffic_support,medical_support,business_support,view_support,longitude,latitude,sort,deleted,create_time,update_time FROM loupan WHERE deleted=0
2026-10-04T14:21:47.895+08:00 DEBUG 11360 --- [fang123-backend] [nio-8090-exec-3] c.f.mapper.LoupanMapper.selectList       : ==>  Preparing: SELECT id,land_id,land_no,cover_image,project_name,short_name,district,plate,avg_unit_price,avg_unit_price_yangfang,avg_unit_price_dieshu,avg_unit_price_paiwu,min_total_price,max_total_price,price_tag,sales_address,sales_status,sales_tel,project_address,show_house_desc,opening_date,delivery_date,floor_height_min,floor_height_max,building_total,floor_min,floor_max,area_min,area_max,decorate_type,property_right_year,house_type,community_facility,people_car_separate,property_fee_high,property_fee_villa,property_company,park_total,park_sell_num,park_ratio,facade_material,self_hold_rate,build_area,land_area,house_total,plot_ratio,green_rate,project_company,brand_list,land_price,land_unit_price,land_buy_date,edu_support,traffic_support,medical_support,business_support,view_support,longitude,latitude,sort,deleted,create_time,update_time FROM loupan WHERE deleted=0 AND (sales_status IN (?)) ORDER BY sort DESC,create_time DESC LIMIT ?
2026-10-04T14:21:47.895+08:00 DEBUG 11360 --- [fang123-backend] [nio-8090-exec-4] c.f.mapper.LoupanMapper.selectList       : ==> Parameters: 
2026-10-04T14:21:47.895+08:00 DEBUG 11360 --- [fang123-backend] [nio-8090-exec-3] c.f.mapper.LoupanMapper.selectList       : ==> Parameters: 1(Integer), 12(Long)
2026-10-04T14:21:47.895+08:00 DEBUG 11360 --- [fang123-backend] [nio-8090-exec-6] c.f.mapper.LoupanMapper.selectList       : ==> Parameters: 1(Integer), 12(Long)
2026-10-04T14:21:47.898+08:00 DEBUG 11360 --- [fang123-backend] [nio-8090-exec-3] c.f.mapper.LoupanMapper.selectList       : <==      Total: 2
2026-10-04T14:21:47.898+08:00 DEBUG 11360 --- [fang123-backend] [nio-8090-exec-2] c.f.m.L.selectList                       : ==>  Preparing: SELECT id,loupan_id,project_name,publicity_date,issue_date,develop_company,location,sale_address,sale_phone,online_sale_area,permit_no,permit_no_str,deleted,create_time,update_time FROM loupan_presale_permit WHERE deleted=0 AND (loupan_id IS NOT NULL AND issue_date IS NOT NULL AND issue_date >= ? AND issue_date <= ?) ORDER BY issue_date DESC,id DESC
2026-10-04T14:21:47.898+08:00 DEBUG 11360 --- [fang123-backend] [nio-8090-exec-2] c.f.m.L.selectList                       : ==> Parameters: 2026-09-27(LocalDate), 2026-10-04(LocalDate)
2026-10-04T14:21:47.899+08:00 DEBUG 11360 --- [fang123-backend] [nio-8090-exec-6] c.f.mapper.LoupanMapper.selectList       : <==      Total: 2
2026-10-04T14:21:47.900+08:00 DEBUG 11360 --- [fang123-backend] [nio-8090-exec-4] c.f.mapper.LoupanMapper.selectList       : <==      Total: 2
2026-10-04T14:21:47.900+08:00 DEBUG 11360 --- [fang123-backend] [nio-8090-exec-5] c.f.m.L.selectList                       : ==>  Preparing: SELECT id,loupan_id,project_name,publicity_date,issue_date,develop_company,location,sale_address,sale_phone,online_sale_area,permit_no,permit_no_str,deleted,create_time,update_time FROM loupan_presale_permit WHERE deleted=0 AND (loupan_id IS NOT NULL AND issue_date IS NOT NULL AND issue_date >= ? AND issue_date <= ?) ORDER BY issue_date DESC,id DESC
2026-10-04T14:21:47.900+08:00 DEBUG 11360 --- [fang123-backend] [nio-8090-exec-2] c.f.m.L.selectList                       : <==      Total: 0
2026-10-04T14:21:47.900+08:00 DEBUG 11360 --- [fang123-backend] [nio-8090-exec-2] c.f.c.LoupanSpotlightController          : [spotlight] counts today=2026-10-04 presale=0 opening=0
2026-10-04T14:21:47.900+08:00 DEBUG 11360 --- [fang123-backend] [nio-8090-exec-5] c.f.m.L.selectList                       : ==> Parameters: 2026-09-27(LocalDate), 2026-10-04(LocalDate)
2026-10-04T14:21:47.900+08:00 DEBUG 11360 --- [fang123-backend] [nio-8090-exec-5] c.f.m.L.selectList                       : <==      Total: 0
2026-10-04T14:21:47.901+08:00 DEBUG 11360 --- [fang123-backend] [nio-8090-exec-5] c.f.c.LoupanSpotlightController          : [spotlight] counts today=2026-10-04 presale=0 opening=0
2026-10-04T14:21:48.818+08:00 DEBUG 11360 --- [fang123-backend] [nio-8090-exec-7] o.s.security.web.FilterChainProxy        : Securing GET /api/public/loupans?page=1&size=200&salesStatus=0,1&light=true
2026-10-04T14:21:48.820+08:00 DEBUG 11360 --- [fang123-backend] [nio-8090-exec-7] o.s.s.w.a.AnonymousAuthenticationFilter  : Set SecurityContextHolder to anonymous SecurityContext
2026-10-04T14:21:48.820+08:00 DEBUG 11360 --- [fang123-backend] [nio-8090-exec-7] o.s.security.web.FilterChainProxy        : Secured GET /api/public/loupans?page=1&size=200&salesStatus=0,1&light=true
2026-10-04T14:21:48.836+08:00 DEBUG 11360 --- [fang123-backend] [nio-8090-exec-7] c.f.m.LoupanMapper.selectList_mpCount    : ==>  Preparing: SELECT COUNT(*) AS total FROM loupan WHERE deleted = 0 AND (sales_status IN (?, ?))
2026-10-04T14:21:48.836+08:00 DEBUG 11360 --- [fang123-backend] [nio-8090-exec-7] c.f.m.LoupanMapper.selectList_mpCount    : ==> Parameters: 0(Integer), 1(Integer)
2026-10-04T14:21:48.837+08:00 DEBUG 11360 --- [fang123-backend] [nio-8090-exec-7] c.f.m.LoupanMapper.selectList_mpCount    : <==      Total: 1
2026-10-04T14:21:48.837+08:00 DEBUG 11360 --- [fang123-backend] [nio-8090-exec-7] c.f.mapper.LoupanMapper.selectList       : ==>  Preparing: SELECT id,project_name,cover_image,longitude,latitude,district,plate,house_type,decorate_type,avg_unit_price,avg_unit_price_yangfang,avg_unit_price_dieshu,avg_unit_price_paiwu,area_min,area_max,sales_status,min_total_price,max_total_price FROM loupan WHERE deleted=0 AND (sales_status IN (?,?)) ORDER BY sort DESC,create_time DESC LIMIT ?
2026-10-04T14:21:48.838+08:00 DEBUG 11360 --- [fang123-backend] [nio-8090-exec-7] c.f.mapper.LoupanMapper.selectList       : ==> Parameters: 0(Integer), 1(Integer), 200(Long)
2026-10-04T14:21:48.840+08:00 DEBUG 11360 --- [fang123-backend] [nio-8090-exec-7] c.f.mapper.LoupanMapper.selectList       : <==      Total: 2
2026-10-04T14:21:59.739+08:00 DEBUG 11360 --- [fang123-backend] [nio-8090-exec-8] o.s.security.web.FilterChainProxy        : Securing GET /api/public/loupans/KjtcfZ4fS28
2026-10-04T14:21:59.744+08:00 DEBUG 11360 --- [fang123-backend] [nio-8090-exec-8] o.s.s.w.a.AnonymousAuthenticationFilter  : Set SecurityContextHolder to anonymous SecurityContext
2026-10-04T14:21:59.744+08:00 DEBUG 11360 --- [fang123-backend] [nio-8090-exec-8] o.s.security.web.FilterChainProxy        : Secured GET /api/public/loupans/KjtcfZ4fS28
2026-10-04T14:21:59.762+08:00 DEBUG 11360 --- [fang123-backend] [nio-8090-exec-8] c.f.mapper.LoupanMapper.selectById       : ==>  Preparing: SELECT id,land_id,land_no,cover_image,project_name,short_name,district,plate,avg_unit_price,avg_unit_price_yangfang,avg_unit_price_dieshu,avg_unit_price_paiwu,min_total_price,max_total_price,price_tag,sales_address,sales_status,sales_tel,project_address,show_house_desc,opening_date,delivery_date,floor_height_min,floor_height_max,building_total,floor_min,floor_max,area_min,area_max,decorate_type,property_right_year,house_type,community_facility,people_car_separate,property_fee_high,property_fee_villa,property_company,park_total,park_sell_num,park_ratio,facade_material,self_hold_rate,build_area,land_area,house_total,plot_ratio,green_rate,project_company,brand_list,land_price,land_unit_price,land_buy_date,edu_support,traffic_support,medical_support,business_support,view_support,longitude,latitude,sort,deleted,create_time,update_time FROM loupan WHERE id=? AND deleted=0
2026-10-04T14:21:59.763+08:00 DEBUG 11360 --- [fang123-backend] [nio-8090-exec-8] c.f.mapper.LoupanMapper.selectById       : ==> Parameters: 2(Long)
2026-10-04T14:21:59.802+08:00 DEBUG 11360 --- [fang123-backend] [nio-8090-exec-8] c.f.mapper.LoupanMapper.selectById       : <==      Total: 1
2026-10-04T14:21:59.848+08:00 DEBUG 11360 --- [fang123-backend] [nio-8090-exec-2] o.s.security.web.FilterChainProxy        : Securing GET /api/public/loupans/KjtcfZ4fS28/medias
2026-10-04T14:21:59.848+08:00 DEBUG 11360 --- [fang123-backend] [io-8090-exec-10] o.s.security.web.FilterChainProxy        : Securing GET /api/public/loupans/KjtcfZ4fS28/presale-permits
2026-10-04T14:21:59.848+08:00 DEBUG 11360 --- [fang123-backend] [nio-8090-exec-9] o.s.security.web.FilterChainProxy        : Securing GET /api/public/loupans/KjtcfZ4fS28/huxings
2026-10-04T14:21:59.849+08:00 DEBUG 11360 --- [fang123-backend] [nio-8090-exec-2] o.s.s.w.a.AnonymousAuthenticationFilter  : Set SecurityContextHolder to anonymous SecurityContext
2026-10-04T14:21:59.849+08:00 DEBUG 11360 --- [fang123-backend] [nio-8090-exec-9] o.s.s.w.a.AnonymousAuthenticationFilter  : Set SecurityContextHolder to anonymous SecurityContext
2026-10-04T14:21:59.849+08:00 DEBUG 11360 --- [fang123-backend] [nio-8090-exec-9] o.s.security.web.FilterChainProxy        : Secured GET /api/public/loupans/KjtcfZ4fS28/huxings
2026-10-04T14:21:59.849+08:00 DEBUG 11360 --- [fang123-backend] [io-8090-exec-10] o.s.s.w.a.AnonymousAuthenticationFilter  : Set SecurityContextHolder to anonymous SecurityContext
2026-10-04T14:21:59.849+08:00 DEBUG 11360 --- [fang123-backend] [nio-8090-exec-2] o.s.security.web.FilterChainProxy        : Secured GET /api/public/loupans/KjtcfZ4fS28/medias
2026-10-04T14:21:59.849+08:00 DEBUG 11360 --- [fang123-backend] [io-8090-exec-10] o.s.security.web.FilterChainProxy        : Secured GET /api/public/loupans/KjtcfZ4fS28/presale-permits
2026-10-04T14:21:59.857+08:00 DEBUG 11360 --- [fang123-backend] [nio-8090-exec-2] c.f.mapper.LoupanMediaMapper.selectList  : ==>  Preparing: SELECT id,loupan_id,huxing_id,media_type,media_url,media_title,sort,deleted,create_time FROM loupan_media WHERE deleted=0 AND (loupan_id = ?) ORDER BY sort ASC
2026-10-04T14:21:59.860+08:00 DEBUG 11360 --- [fang123-backend] [io-8090-exec-10] c.f.m.L.selectList                       : ==>  Preparing: SELECT id,loupan_id,project_name,publicity_date,issue_date,develop_company,location,sale_address,sale_phone,online_sale_area,permit_no,permit_no_str,deleted,create_time,update_time FROM loupan_presale_permit WHERE deleted=0 AND (loupan_id = ?) ORDER BY issue_date DESC
2026-10-04T14:21:59.860+08:00 DEBUG 11360 --- [fang123-backend] [io-8090-exec-10] c.f.m.L.selectList                       : ==> Parameters: 2(Long)
2026-10-04T14:21:59.860+08:00 DEBUG 11360 --- [fang123-backend] [nio-8090-exec-2] c.f.mapper.LoupanMediaMapper.selectList  : ==> Parameters: 2(Long)
2026-10-04T14:21:59.860+08:00 DEBUG 11360 --- [fang123-backend] [nio-8090-exec-9] c.f.m.LoupanHuxingMapper.selectList      : ==>  Preparing: SELECT id,loupan_id,huxing_name,area,inside_area,inside_area_with_gift,room_num,hall_num,toilet_num,balcony_num,orientation,floor_type,unit_price,total_price_start,total_price_end,is_show_house,tag,sort,huxing_image,standard_huxing_image,deleted,create_time,update_time FROM loupan_huxing WHERE deleted=0 AND (loupan_id = ?) ORDER BY sort ASC
2026-10-04T14:21:59.861+08:00 DEBUG 11360 --- [fang123-backend] [nio-8090-exec-9] c.f.m.LoupanHuxingMapper.selectList      : ==> Parameters: 2(Long)
2026-10-04T14:21:59.907+08:00 DEBUG 11360 --- [fang123-backend] [nio-8090-exec-9] c.f.m.LoupanHuxingMapper.selectList      : <==      Total: 0
2026-10-04T14:21:59.910+08:00 DEBUG 11360 --- [fang123-backend] [io-8090-exec-10] c.f.m.L.selectList                       : <==      Total: 1
2026-10-04T14:21:59.910+08:00 DEBUG 11360 --- [fang123-backend] [nio-8090-exec-2] c.f.mapper.LoupanMediaMapper.selectList  : <==      Total: 11
2026-10-04T14:22:02.563+08:00 DEBUG 11360 --- [fang123-backend] [nio-8090-exec-5] o.s.security.web.FilterChainProxy        : Securing GET /api/public/loupans
2026-10-04T14:22:02.566+08:00 DEBUG 11360 --- [fang123-backend] [nio-8090-exec-5] o.s.s.w.a.AnonymousAuthenticationFilter  : Set SecurityContextHolder to anonymous SecurityContext
2026-10-04T14:22:02.566+08:00 DEBUG 11360 --- [fang123-backend] [nio-8090-exec-5] o.s.security.web.FilterChainProxy        : Secured GET /api/public/loupans
2026-10-04T14:22:02.584+08:00 DEBUG 11360 --- [fang123-backend] [nio-8090-exec-5] c.f.m.LoupanMapper.selectList_mpCount    : ==>  Preparing: SELECT COUNT(*) AS total FROM loupan WHERE deleted = 0
2026-10-04T14:22:02.589+08:00 DEBUG 11360 --- [fang123-backend] [nio-8090-exec-5] c.f.m.LoupanMapper.selectList_mpCount    : ==> Parameters: 
2026-10-04T14:22:02.598+08:00 DEBUG 11360 --- [fang123-backend] [nio-8090-exec-5] c.f.m.LoupanMapper.selectList_mpCount    : <==      Total: 1
2026-10-04T14:22:02.599+08:00 DEBUG 11360 --- [fang123-backend] [nio-8090-exec-5] c.f.mapper.LoupanMapper.selectList       : ==>  Preparing: SELECT id,land_id,land_no,cover_image,project_name,short_name,district,plate,avg_unit_price,avg_unit_price_yangfang,avg_unit_price_dieshu,avg_unit_price_paiwu,min_total_price,max_total_price,price_tag,sales_address,sales_status,sales_tel,project_address,show_house_desc,opening_date,delivery_date,floor_height_min,floor_height_max,building_total,floor_min,floor_max,area_min,area_max,decorate_type,property_right_year,house_type,community_facility,people_car_separate,property_fee_high,property_fee_villa,property_company,park_total,park_sell_num,park_ratio,facade_material,self_hold_rate,build_area,land_area,house_total,plot_ratio,green_rate,project_company,brand_list,land_price,land_unit_price,land_buy_date,edu_support,traffic_support,medical_support,business_support,view_support,longitude,latitude,sort,deleted,create_time,update_time FROM loupan WHERE deleted=0 ORDER BY sort DESC,create_time DESC LIMIT ?
2026-10-04T14:22:02.599+08:00 DEBUG 11360 --- [fang123-backend] [nio-8090-exec-5] c.f.mapper.LoupanMapper.selectList       : ==> Parameters: 12(Long)
2026-10-04T14:22:02.602+08:00 DEBUG 11360 --- [fang123-backend] [nio-8090-exec-5] c.f.mapper.LoupanMapper.selectList       : <==      Total: 2
2026-10-04T14:22:03.630+08:00 DEBUG 11360 --- [fang123-backend] [nio-8090-exec-1] o.s.security.web.FilterChainProxy        : Securing GET /api/public/loupans
2026-10-04T14:22:03.630+08:00 DEBUG 11360 --- [fang123-backend] [nio-8090-exec-1] o.s.s.w.a.AnonymousAuthenticationFilter  : Set SecurityContextHolder to anonymous SecurityContext
2026-10-04T14:22:03.631+08:00 DEBUG 11360 --- [fang123-backend] [nio-8090-exec-1] o.s.security.web.FilterChainProxy        : Secured GET /api/public/loupans
2026-10-04T14:22:03.641+08:00 DEBUG 11360 --- [fang123-backend] [nio-8090-exec-1] c.f.m.LoupanMapper.selectList_mpCount    : ==>  Preparing: SELECT COUNT(*) AS total FROM loupan WHERE deleted = 0
2026-10-04T14:22:03.641+08:00 DEBUG 11360 --- [fang123-backend] [nio-8090-exec-1] c.f.m.LoupanMapper.selectList_mpCount    : ==> Parameters: 
2026-10-04T14:22:03.643+08:00 DEBUG 11360 --- [fang123-backend] [nio-8090-exec-1] c.f.m.LoupanMapper.selectList_mpCount    : <==      Total: 1
2026-10-04T14:22:03.643+08:00 DEBUG 11360 --- [fang123-backend] [nio-8090-exec-1] c.f.mapper.LoupanMapper.selectList       : ==>  Preparing: SELECT id,land_id,land_no,cover_image,project_name,short_name,district,plate,avg_unit_price,avg_unit_price_yangfang,avg_unit_price_dieshu,avg_unit_price_paiwu,min_total_price,max_total_price,price_tag,sales_address,sales_status,sales_tel,project_address,show_house_desc,opening_date,delivery_date,floor_height_min,floor_height_max,building_total,floor_min,floor_max,area_min,area_max,decorate_type,property_right_year,house_type,community_facility,people_car_separate,property_fee_high,property_fee_villa,property_company,park_total,park_sell_num,park_ratio,facade_material,self_hold_rate,build_area,land_area,house_total,plot_ratio,green_rate,project_company,brand_list,land_price,land_unit_price,land_buy_date,edu_support,traffic_support,medical_support,business_support,view_support,longitude,latitude,sort,deleted,create_time,update_time FROM loupan WHERE deleted=0 ORDER BY sort DESC,create_time DESC LIMIT ?
2026-10-04T14:22:03.643+08:00 DEBUG 11360 --- [fang123-backend] [nio-8090-exec-1] c.f.mapper.LoupanMapper.selectList       : ==> Parameters: 12(Long)
2026-10-04T14:22:03.646+08:00 DEBUG 11360 --- [fang123-backend] [nio-8090-exec-1] c.f.mapper.LoupanMapper.selectList       : <==      Total: 2
2026-10-04T14:22:08.988+08:00 DEBUG 11360 --- [fang123-backend] [nio-8090-exec-6] o.s.security.web.FilterChainProxy        : Securing GET /api/public/loupans?page=1&size=200&salesStatus=0,1&light=true
2026-10-04T14:22:08.990+08:00 DEBUG 11360 --- [fang123-backend] [nio-8090-exec-6] o.s.s.w.a.AnonymousAuthenticationFilter  : Set SecurityContextHolder to anonymous SecurityContext
2026-10-04T14:22:08.991+08:00 DEBUG 11360 --- [fang123-backend] [nio-8090-exec-6] o.s.security.web.FilterChainProxy        : Secured GET /api/public/loupans?page=1&size=200&salesStatus=0,1&light=true
2026-10-04T14:22:09.002+08:00 DEBUG 11360 --- [fang123-backend] [nio-8090-exec-6] c.f.m.LoupanMapper.selectList_mpCount    : ==>  Preparing: SELECT COUNT(*) AS total FROM loupan WHERE deleted = 0 AND (sales_status IN (?, ?))
2026-10-04T14:22:09.002+08:00 DEBUG 11360 --- [fang123-backend] [nio-8090-exec-6] c.f.m.LoupanMapper.selectList_mpCount    : ==> Parameters: 0(Integer), 1(Integer)
2026-10-04T14:22:09.007+08:00 DEBUG 11360 --- [fang123-backend] [nio-8090-exec-6] c.f.m.LoupanMapper.selectList_mpCount    : <==      Total: 1
2026-10-04T14:22:09.008+08:00 DEBUG 11360 --- [fang123-backend] [nio-8090-exec-6] c.f.mapper.LoupanMapper.selectList       : ==>  Preparing: SELECT id,project_name,cover_image,longitude,latitude,district,plate,house_type,decorate_type,avg_unit_price,avg_unit_price_yangfang,avg_unit_price_dieshu,avg_unit_price_paiwu,area_min,area_max,sales_status,min_total_price,max_total_price FROM loupan WHERE deleted=0 AND (sales_status IN (?,?)) ORDER BY sort DESC,create_time DESC LIMIT ?
2026-10-04T14:22:09.008+08:00 DEBUG 11360 --- [fang123-backend] [nio-8090-exec-6] c.f.mapper.LoupanMapper.selectList       : ==> Parameters: 0(Integer), 1(Integer), 200(Long)
2026-10-04T14:22:09.010+08:00 DEBUG 11360 --- [fang123-backend] [nio-8090-exec-6] c.f.mapper.LoupanMapper.selectList       : <==      Total: 2
2026-10-04T14:22:22.469+08:00 DEBUG 11360 --- [fang123-backend] [nio-8090-exec-7] o.s.security.web.FilterChainProxy        : Securing GET /api/public/loupans/KjtcfZ4fS2w
2026-10-04T14:22:22.470+08:00 DEBUG 11360 --- [fang123-backend] [nio-8090-exec-7] o.s.s.w.a.AnonymousAuthenticationFilter  : Set SecurityContextHolder to anonymous SecurityContext
2026-10-04T14:22:22.470+08:00 DEBUG 11360 --- [fang123-backend] [nio-8090-exec-7] o.s.security.web.FilterChainProxy        : Secured GET /api/public/loupans/KjtcfZ4fS2w
2026-10-04T14:22:22.480+08:00 DEBUG 11360 --- [fang123-backend] [nio-8090-exec-7] c.f.mapper.LoupanMapper.selectById       : ==>  Preparing: SELECT id,land_id,land_no,cover_image,project_name,short_name,district,plate,avg_unit_price,avg_unit_price_yangfang,avg_unit_price_dieshu,avg_unit_price_paiwu,min_total_price,max_total_price,price_tag,sales_address,sales_status,sales_tel,project_address,show_house_desc,opening_date,delivery_date,floor_height_min,floor_height_max,building_total,floor_min,floor_max,area_min,area_max,decorate_type,property_right_year,house_type,community_facility,people_car_separate,property_fee_high,property_fee_villa,property_company,park_total,park_sell_num,park_ratio,facade_material,self_hold_rate,build_area,land_area,house_total,plot_ratio,green_rate,project_company,brand_list,land_price,land_unit_price,land_buy_date,edu_support,traffic_support,medical_support,business_support,view_support,longitude,latitude,sort,deleted,create_time,update_time FROM loupan WHERE id=? AND deleted=0
2026-10-04T14:22:22.481+08:00 DEBUG 11360 --- [fang123-backend] [nio-8090-exec-7] c.f.mapper.LoupanMapper.selectById       : ==> Parameters: 1(Long)
2026-10-04T14:22:22.532+08:00 DEBUG 11360 --- [fang123-backend] [nio-8090-exec-7] c.f.mapper.LoupanMapper.selectById       : <==      Total: 1
2026-10-04T14:22:22.588+08:00 DEBUG 11360 --- [fang123-backend] [io-8090-exec-10] o.s.security.web.FilterChainProxy        : Securing GET /api/public/loupans/KjtcfZ4fS2w/medias
2026-10-04T14:22:22.588+08:00 DEBUG 11360 --- [fang123-backend] [nio-8090-exec-9] o.s.security.web.FilterChainProxy        : Securing GET /api/public/loupans/KjtcfZ4fS2w/huxings
2026-10-04T14:22:22.588+08:00 DEBUG 11360 --- [fang123-backend] [nio-8090-exec-8] o.s.security.web.FilterChainProxy        : Securing GET /api/public/loupans/KjtcfZ4fS2w/presale-permits
2026-10-04T14:22:22.588+08:00 DEBUG 11360 --- [fang123-backend] [nio-8090-exec-9] o.s.s.w.a.AnonymousAuthenticationFilter  : Set SecurityContextHolder to anonymous SecurityContext
2026-10-04T14:22:22.588+08:00 DEBUG 11360 --- [fang123-backend] [io-8090-exec-10] o.s.s.w.a.AnonymousAuthenticationFilter  : Set SecurityContextHolder to anonymous SecurityContext
2026-10-04T14:22:22.588+08:00 DEBUG 11360 --- [fang123-backend] [nio-8090-exec-8] o.s.s.w.a.AnonymousAuthenticationFilter  : Set SecurityContextHolder to anonymous SecurityContext
2026-10-04T14:22:22.589+08:00 DEBUG 11360 --- [fang123-backend] [io-8090-exec-10] o.s.security.web.FilterChainProxy        : Secured GET /api/public/loupans/KjtcfZ4fS2w/medias
2026-10-04T14:22:22.589+08:00 DEBUG 11360 --- [fang123-backend] [nio-8090-exec-8] o.s.security.web.FilterChainProxy        : Secured GET /api/public/loupans/KjtcfZ4fS2w/presale-permits
2026-10-04T14:22:22.589+08:00 DEBUG 11360 --- [fang123-backend] [nio-8090-exec-9] o.s.security.web.FilterChainProxy        : Secured GET /api/public/loupans/KjtcfZ4fS2w/huxings
2026-10-04T14:22:22.591+08:00 DEBUG 11360 --- [fang123-backend] [nio-8090-exec-8] c.f.m.L.selectList                       : ==>  Preparing: SELECT id,loupan_id,project_name,publicity_date,issue_date,develop_company,location,sale_address,sale_phone,online_sale_area,permit_no,permit_no_str,deleted,create_time,update_time FROM loupan_presale_permit WHERE deleted=0 AND (loupan_id = ?) ORDER BY issue_date DESC
2026-10-04T14:22:22.592+08:00 DEBUG 11360 --- [fang123-backend] [nio-8090-exec-8] c.f.m.L.selectList                       : ==> Parameters: 1(Long)
2026-10-04T14:22:22.592+08:00 DEBUG 11360 --- [fang123-backend] [nio-8090-exec-9] c.f.m.LoupanHuxingMapper.selectList      : ==>  Preparing: SELECT id,loupan_id,huxing_name,area,inside_area,inside_area_with_gift,room_num,hall_num,toilet_num,balcony_num,orientation,floor_type,unit_price,total_price_start,total_price_end,is_show_house,tag,sort,huxing_image,standard_huxing_image,deleted,create_time,update_time FROM loupan_huxing WHERE deleted=0 AND (loupan_id = ?) ORDER BY sort ASC
2026-10-04T14:22:22.593+08:00 DEBUG 11360 --- [fang123-backend] [io-8090-exec-10] c.f.mapper.LoupanMediaMapper.selectList  : ==>  Preparing: SELECT id,loupan_id,huxing_id,media_type,media_url,media_title,sort,deleted,create_time FROM loupan_media WHERE deleted=0 AND (loupan_id = ?) ORDER BY sort ASC
2026-10-04T14:22:22.593+08:00 DEBUG 11360 --- [fang123-backend] [nio-8090-exec-9] c.f.m.LoupanHuxingMapper.selectList      : ==> Parameters: 1(Long)
2026-10-04T14:22:22.593+08:00 DEBUG 11360 --- [fang123-backend] [io-8090-exec-10] c.f.mapper.LoupanMediaMapper.selectList  : ==> Parameters: 1(Long)
2026-10-04T14:22:22.607+08:00 DEBUG 11360 --- [fang123-backend] [nio-8090-exec-9] c.f.m.LoupanHuxingMapper.selectList      : <==      Total: 5
2026-10-04T14:22:22.619+08:00 DEBUG 11360 --- [fang123-backend] [io-8090-exec-10] c.f.mapper.LoupanMediaMapper.selectList  : <==      Total: 5
2026-10-04T14:22:22.631+08:00 DEBUG 11360 --- [fang123-backend] [nio-8090-exec-8] c.f.m.L.selectList                       : <==      Total: 1
2026-10-04T14:22:30.057+08:00 DEBUG 11360 --- [fang123-backend] [nio-8090-exec-2] o.s.security.web.FilterChainProxy        : Securing GET /api/public/loupans?page=1&size=200&salesStatus=0,1&light=true
2026-10-04T14:22:30.057+08:00 DEBUG 11360 --- [fang123-backend] [nio-8090-exec-2] o.s.s.w.a.AnonymousAuthenticationFilter  : Set SecurityContextHolder to anonymous SecurityContext
2026-10-04T14:22:30.057+08:00 DEBUG 11360 --- [fang123-backend] [nio-8090-exec-2] o.s.security.web.FilterChainProxy        : Secured GET /api/public/loupans?page=1&size=200&salesStatus=0,1&light=true
2026-10-04T14:22:30.063+08:00 DEBUG 11360 --- [fang123-backend] [nio-8090-exec-2] c.f.m.LoupanMapper.selectList_mpCount    : ==>  Preparing: SELECT COUNT(*) AS total FROM loupan WHERE deleted = 0 AND (sales_status IN (?, ?))
2026-10-04T14:22:30.063+08:00 DEBUG 11360 --- [fang123-backend] [nio-8090-exec-2] c.f.m.LoupanMapper.selectList_mpCount    : ==> Parameters: 0(Integer), 1(Integer)
2026-10-04T14:22:30.064+08:00 DEBUG 11360 --- [fang123-backend] [nio-8090-exec-2] c.f.m.LoupanMapper.selectList_mpCount    : <==      Total: 1
2026-10-04T14:22:30.065+08:00 DEBUG 11360 --- [fang123-backend] [nio-8090-exec-2] c.f.mapper.LoupanMapper.selectList       : ==>  Preparing: SELECT id,project_name,cover_image,longitude,latitude,district,plate,house_type,decorate_type,avg_unit_price,avg_unit_price_yangfang,avg_unit_price_dieshu,avg_unit_price_paiwu,area_min,area_max,sales_status,min_total_price,max_total_price FROM loupan WHERE deleted=0 AND (sales_status IN (?,?)) ORDER BY sort DESC,create_time DESC LIMIT ?
2026-10-04T14:22:30.065+08:00 DEBUG 11360 --- [fang123-backend] [nio-8090-exec-2] c.f.mapper.LoupanMapper.selectList       : ==> Parameters: 0(Integer), 1(Integer), 200(Long)
2026-10-04T14:22:30.066+08:00 DEBUG 11360 --- [fang123-backend] [nio-8090-exec-2] c.f.mapper.LoupanMapper.selectList       : <==      Total: 2
2026-10-04T14:24:40.891+08:00 DEBUG 11360 --- [fang123-backend] [nio-8090-exec-5] o.s.security.web.FilterChainProxy        : Securing GET /api/public/loupans?page=1&size=200&salesStatus=0,1&light=true
2026-10-04T14:24:40.895+08:00 DEBUG 11360 --- [fang123-backend] [nio-8090-exec-5] o.s.s.w.a.AnonymousAuthenticationFilter  : Set SecurityContextHolder to anonymous SecurityContext
2026-10-04T14:24:40.895+08:00 DEBUG 11360 --- [fang123-backend] [nio-8090-exec-5] o.s.security.web.FilterChainProxy        : Secured GET /api/public/loupans?page=1&size=200&salesStatus=0,1&light=true
2026-10-04T14:24:40.911+08:00 DEBUG 11360 --- [fang123-backend] [nio-8090-exec-5] c.f.m.LoupanMapper.selectList_mpCount    : ==>  Preparing: SELECT COUNT(*) AS total FROM loupan WHERE deleted = 0 AND (sales_status IN (?, ?))
2026-10-04T14:24:40.912+08:00 DEBUG 11360 --- [fang123-backend] [nio-8090-exec-5] c.f.m.LoupanMapper.selectList_mpCount    : ==> Parameters: 0(Integer), 1(Integer)
2026-10-04T14:24:40.944+08:00 DEBUG 11360 --- [fang123-backend] [nio-8090-exec-5] c.f.m.LoupanMapper.selectList_mpCount    : <==      Total: 1
2026-10-04T14:24:40.945+08:00 DEBUG 11360 --- [fang123-backend] [nio-8090-exec-5] c.f.mapper.LoupanMapper.selectList       : ==>  Preparing: SELECT id,project_name,cover_image,longitude,latitude,district,plate,house_type,decorate_type,avg_unit_price,avg_unit_price_yangfang,avg_unit_price_dieshu,avg_unit_price_paiwu,area_min,area_max,sales_status,min_total_price,max_total_price FROM loupan WHERE deleted=0 AND (sales_status IN (?,?)) ORDER BY sort DESC,create_time DESC LIMIT ?
2026-10-04T14:24:40.945+08:00 DEBUG 11360 --- [fang123-backend] [nio-8090-exec-5] c.f.mapper.LoupanMapper.selectList       : ==> Parameters: 0(Integer), 1(Integer), 200(Long)
2026-10-04T14:24:40.947+08:00 DEBUG 11360 --- [fang123-backend] [nio-8090-exec-5] c.f.mapper.LoupanMapper.selectList       : <==      Total: 2
2026-10-04T14:38:46.919+08:00 DEBUG 11360 --- [fang123-backend] [nio-8090-exec-4] o.s.security.web.FilterChainProxy        : Securing GET /api/public/loupans?page=1&size=200&salesStatus=0,1&light=true
2026-10-04T14:38:46.926+08:00 DEBUG 11360 --- [fang123-backend] [nio-8090-exec-4] o.s.s.w.a.AnonymousAuthenticationFilter  : Set SecurityContextHolder to anonymous SecurityContext
2026-10-04T14:38:46.926+08:00 DEBUG 11360 --- [fang123-backend] [nio-8090-exec-4] o.s.security.web.FilterChainProxy        : Secured GET /api/public/loupans?page=1&size=200&salesStatus=0,1&light=true
2026-10-04T14:38:46.946+08:00 DEBUG 11360 --- [fang123-backend] [nio-8090-exec-4] c.f.m.LoupanMapper.selectList_mpCount    : ==>  Preparing: SELECT COUNT(*) AS total FROM loupan WHERE deleted = 0 AND (sales_status IN (?, ?))
2026-10-04T14:38:46.947+08:00 DEBUG 11360 --- [fang123-backend] [nio-8090-exec-4] c.f.m.LoupanMapper.selectList_mpCount    : ==> Parameters: 0(Integer), 1(Integer)
2026-10-04T14:38:46.987+08:00 DEBUG 11360 --- [fang123-backend] [nio-8090-exec-4] c.f.m.LoupanMapper.selectList_mpCount    : <==      Total: 1
2026-10-04T14:38:46.987+08:00 DEBUG 11360 --- [fang123-backend] [nio-8090-exec-4] c.f.mapper.LoupanMapper.selectList       : ==>  Preparing: SELECT id,project_name,cover_image,longitude,latitude,district,plate,house_type,decorate_type,avg_unit_price,avg_unit_price_yangfang,avg_unit_price_dieshu,avg_unit_price_paiwu,area_min,area_max,sales_status,min_total_price,max_total_price FROM loupan WHERE deleted=0 AND (sales_status IN (?,?)) ORDER BY sort DESC,create_time DESC LIMIT ?
2026-10-04T14:38:46.988+08:00 DEBUG 11360 --- [fang123-backend] [nio-8090-exec-4] c.f.mapper.LoupanMapper.selectList       : ==> Parameters: 0(Integer), 1(Integer), 200(Long)
2026-10-04T14:38:46.991+08:00 DEBUG 11360 --- [fang123-backend] [nio-8090-exec-4] c.f.mapper.LoupanMapper.selectList       : <==      Total: 2
2026-10-04T14:38:52.652+08:00 DEBUG 11360 --- [fang123-backend] [nio-8090-exec-1] o.s.security.web.FilterChainProxy        : Securing GET /api/public/loupans?page=1&size=200&salesStatus=0,1&light=true
2026-10-04T14:38:52.656+08:00 DEBUG 11360 --- [fang123-backend] [nio-8090-exec-1] o.s.s.w.a.AnonymousAuthenticationFilter  : Set SecurityContextHolder to anonymous SecurityContext
2026-10-04T14:38:52.656+08:00 DEBUG 11360 --- [fang123-backend] [nio-8090-exec-1] o.s.security.web.FilterChainProxy        : Secured GET /api/public/loupans?page=1&size=200&salesStatus=0,1&light=true
2026-10-04T14:38:52.679+08:00 DEBUG 11360 --- [fang123-backend] [nio-8090-exec-1] c.f.m.LoupanMapper.selectList_mpCount    : ==>  Preparing: SELECT COUNT(*) AS total FROM loupan WHERE deleted = 0 AND (sales_status IN (?, ?))
2026-10-04T14:38:52.680+08:00 DEBUG 11360 --- [fang123-backend] [nio-8090-exec-1] c.f.m.LoupanMapper.selectList_mpCount    : ==> Parameters: 0(Integer), 1(Integer)
2026-10-04T14:38:52.683+08:00 DEBUG 11360 --- [fang123-backend] [nio-8090-exec-1] c.f.m.LoupanMapper.selectList_mpCount    : <==      Total: 1
2026-10-04T14:38:52.684+08:00 DEBUG 11360 --- [fang123-backend] [nio-8090-exec-1] c.f.mapper.LoupanMapper.selectList       : ==>  Preparing: SELECT id,project_name,cover_image,longitude,latitude,district,plate,house_type,decorate_type,avg_unit_price,avg_unit_price_yangfang,avg_unit_price_dieshu,avg_unit_price_paiwu,area_min,area_max,sales_status,min_total_price,max_total_price FROM loupan WHERE deleted=0 AND (sales_status IN (?,?)) ORDER BY sort DESC,create_time DESC LIMIT ?
2026-10-04T14:38:52.684+08:00 DEBUG 11360 --- [fang123-backend] [nio-8090-exec-1] c.f.mapper.LoupanMapper.selectList       : ==> Parameters: 0(Integer), 1(Integer), 200(Long)
2026-10-04T14:38:52.687+08:00 DEBUG 11360 --- [fang123-backend] [nio-8090-exec-1] c.f.mapper.LoupanMapper.selectList       : <==      Total: 2
2026-10-04T14:38:54.613+08:00 DEBUG 11360 --- [fang123-backend] [nio-8090-exec-3] o.s.security.web.FilterChainProxy        : Securing GET /api/public/loupans?page=1&size=200&salesStatus=0,1&light=true
2026-10-04T14:38:54.617+08:00 DEBUG 11360 --- [fang123-backend] [nio-8090-exec-3] o.s.s.w.a.AnonymousAuthenticationFilter  : Set SecurityContextHolder to anonymous SecurityContext
2026-10-04T14:38:54.618+08:00 DEBUG 11360 --- [fang123-backend] [nio-8090-exec-3] o.s.security.web.FilterChainProxy        : Secured GET /api/public/loupans?page=1&size=200&salesStatus=0,1&light=true
2026-10-04T14:38:54.628+08:00 DEBUG 11360 --- [fang123-backend] [nio-8090-exec-3] c.f.m.LoupanMapper.selectList_mpCount    : ==>  Preparing: SELECT COUNT(*) AS total FROM loupan WHERE deleted = 0 AND (sales_status IN (?, ?))
2026-10-04T14:38:54.630+08:00 DEBUG 11360 --- [fang123-backend] [nio-8090-exec-3] c.f.m.LoupanMapper.selectList_mpCount    : ==> Parameters: 0(Integer), 1(Integer)
2026-10-04T14:38:54.632+08:00 DEBUG 11360 --- [fang123-backend] [nio-8090-exec-3] c.f.m.LoupanMapper.selectList_mpCount    : <==      Total: 1
2026-10-04T14:38:54.633+08:00 DEBUG 11360 --- [fang123-backend] [nio-8090-exec-3] c.f.mapper.LoupanMapper.selectList       : ==>  Preparing: SELECT id,project_name,cover_image,longitude,latitude,district,plate,house_type,decorate_type,avg_unit_price,avg_unit_price_yangfang,avg_unit_price_dieshu,avg_unit_price_paiwu,area_min,area_max,sales_status,min_total_price,max_total_price FROM loupan WHERE deleted=0 AND (sales_status IN (?,?)) ORDER BY sort DESC,create_time DESC LIMIT ?
2026-10-04T14:38:54.633+08:00 DEBUG 11360 --- [fang123-backend] [nio-8090-exec-3] c.f.mapper.LoupanMapper.selectList       : ==> Parameters: 0(Integer), 1(Integer), 200(Long)
2026-10-04T14:38:54.634+08:00 DEBUG 11360 --- [fang123-backend] [nio-8090-exec-3] c.f.mapper.LoupanMapper.selectList       : <==      Total: 2
2026-10-04T14:38:58.959+08:00 DEBUG 11360 --- [fang123-backend] [nio-8090-exec-6] o.s.security.web.FilterChainProxy        : Securing GET /api/public/loupans?page=1&size=200&salesStatus=0,1&light=true
2026-10-04T14:38:58.967+08:00 DEBUG 11360 --- [fang123-backend] [nio-8090-exec-6] o.s.s.w.a.AnonymousAuthenticationFilter  : Set SecurityContextHolder to anonymous SecurityContext
2026-10-04T14:38:58.968+08:00 DEBUG 11360 --- [fang123-backend] [nio-8090-exec-6] o.s.security.web.FilterChainProxy        : Secured GET /api/public/loupans?page=1&size=200&salesStatus=0,1&light=true
2026-10-04T14:38:58.987+08:00 DEBUG 11360 --- [fang123-backend] [nio-8090-exec-6] c.f.m.LoupanMapper.selectList_mpCount    : ==>  Preparing: SELECT COUNT(*) AS total FROM loupan WHERE deleted = 0 AND (sales_status IN (?, ?))
2026-10-04T14:38:58.988+08:00 DEBUG 11360 --- [fang123-backend] [nio-8090-exec-6] c.f.m.LoupanMapper.selectList_mpCount    : ==> Parameters: 0(Integer), 1(Integer)
2026-10-04T14:38:58.991+08:00 DEBUG 11360 --- [fang123-backend] [nio-8090-exec-6] c.f.m.LoupanMapper.selectList_mpCount    : <==      Total: 1
2026-10-04T14:38:58.992+08:00 DEBUG 11360 --- [fang123-backend] [nio-8090-exec-6] c.f.mapper.LoupanMapper.selectList       : ==>  Preparing: SELECT id,project_name,cover_image,longitude,latitude,district,plate,house_type,decorate_type,avg_unit_price,avg_unit_price_yangfang,avg_unit_price_dieshu,avg_unit_price_paiwu,area_min,area_max,sales_status,min_total_price,max_total_price FROM loupan WHERE deleted=0 AND (sales_status IN (?,?)) ORDER BY sort DESC,create_time DESC LIMIT ?
2026-10-04T14:38:58.992+08:00 DEBUG 11360 --- [fang123-backend] [nio-8090-exec-6] c.f.mapper.LoupanMapper.selectList       : ==> Parameters: 0(Integer), 1(Integer), 200(Long)
2026-10-04T14:38:58.993+08:00 DEBUG 11360 --- [fang123-backend] [nio-8090-exec-6] c.f.mapper.LoupanMapper.selectList       : <==      Total: 2
2026-10-04T14:39:09.983+08:00 DEBUG 11360 --- [fang123-backend] [nio-8090-exec-7] o.s.security.web.FilterChainProxy        : Securing GET /api/public/loupans?page=1&size=200&salesStatus=0,1&light=true
2026-10-04T14:39:09.985+08:00 DEBUG 11360 --- [fang123-backend] [nio-8090-exec-7] o.s.s.w.a.AnonymousAuthenticationFilter  : Set SecurityContextHolder to anonymous SecurityContext
2026-10-04T14:39:09.986+08:00 DEBUG 11360 --- [fang123-backend] [nio-8090-exec-7] o.s.security.web.FilterChainProxy        : Secured GET /api/public/loupans?page=1&size=200&salesStatus=0,1&light=true
2026-10-04T14:39:10.000+08:00 DEBUG 11360 --- [fang123-backend] [nio-8090-exec-7] c.f.m.LoupanMapper.selectList_mpCount    : ==>  Preparing: SELECT COUNT(*) AS total FROM loupan WHERE deleted = 0 AND (sales_status IN (?, ?))
2026-10-04T14:39:10.002+08:00 DEBUG 11360 --- [fang123-backend] [nio-8090-exec-7] c.f.m.LoupanMapper.selectList_mpCount    : ==> Parameters: 0(Integer), 1(Integer)
2026-10-04T14:39:10.005+08:00 DEBUG 11360 --- [fang123-backend] [nio-8090-exec-7] c.f.m.LoupanMapper.selectList_mpCount    : <==      Total: 1
2026-10-04T14:39:10.006+08:00 DEBUG 11360 --- [fang123-backend] [nio-8090-exec-7] c.f.mapper.LoupanMapper.selectList       : ==>  Preparing: SELECT id,project_name,cover_image,longitude,latitude,district,plate,house_type,decorate_type,avg_unit_price,avg_unit_price_yangfang,avg_unit_price_dieshu,avg_unit_price_paiwu,area_min,area_max,sales_status,min_total_price,max_total_price FROM loupan WHERE deleted=0 AND (sales_status IN (?,?)) ORDER BY sort DESC,create_time DESC LIMIT ?
2026-10-04T14:39:10.006+08:00 DEBUG 11360 --- [fang123-backend] [nio-8090-exec-7] c.f.mapper.LoupanMapper.selectList       : ==> Parameters: 0(Integer), 1(Integer), 200(Long)
2026-10-04T14:39:10.007+08:00 DEBUG 11360 --- [fang123-backend] [nio-8090-exec-7] c.f.mapper.LoupanMapper.selectList       : <==      Total: 2
2026-10-04T14:39:23.000+08:00 DEBUG 11360 --- [fang123-backend] [io-8090-exec-10] o.s.security.web.FilterChainProxy        : Securing GET /api/public/loupans?page=1&size=200&salesStatus=0,1&light=true
2026-10-04T14:39:23.003+08:00 DEBUG 11360 --- [fang123-backend] [io-8090-exec-10] o.s.s.w.a.AnonymousAuthenticationFilter  : Set SecurityContextHolder to anonymous SecurityContext
2026-10-04T14:39:23.003+08:00 DEBUG 11360 --- [fang123-backend] [io-8090-exec-10] o.s.security.web.FilterChainProxy        : Secured GET /api/public/loupans?page=1&size=200&salesStatus=0,1&light=true
2026-10-04T14:39:23.021+08:00 DEBUG 11360 --- [fang123-backend] [io-8090-exec-10] c.f.m.LoupanMapper.selectList_mpCount    : ==>  Preparing: SELECT COUNT(*) AS total FROM loupan WHERE deleted = 0 AND (sales_status IN (?, ?))
2026-10-04T14:39:23.022+08:00 DEBUG 11360 --- [fang123-backend] [io-8090-exec-10] c.f.m.LoupanMapper.selectList_mpCount    : ==> Parameters: 0(Integer), 1(Integer)
2026-10-04T14:39:23.025+08:00 DEBUG 11360 --- [fang123-backend] [io-8090-exec-10] c.f.m.LoupanMapper.selectList_mpCount    : <==      Total: 1
2026-10-04T14:39:23.026+08:00 DEBUG 11360 --- [fang123-backend] [io-8090-exec-10] c.f.mapper.LoupanMapper.selectList       : ==>  Preparing: SELECT id,project_name,cover_image,longitude,latitude,district,plate,house_type,decorate_type,avg_unit_price,avg_unit_price_yangfang,avg_unit_price_dieshu,avg_unit_price_paiwu,area_min,area_max,sales_status,min_total_price,max_total_price FROM loupan WHERE deleted=0 AND (sales_status IN (?,?)) ORDER BY sort DESC,create_time DESC LIMIT ?
2026-10-04T14:39:23.026+08:00 DEBUG 11360 --- [fang123-backend] [io-8090-exec-10] c.f.mapper.LoupanMapper.selectList       : ==> Parameters: 0(Integer), 1(Integer), 200(Long)
2026-10-04T14:39:23.028+08:00 DEBUG 11360 --- [fang123-backend] [io-8090-exec-10] c.f.mapper.LoupanMapper.selectList       : <==      Total: 2
2026-10-04T14:39:42.006+08:00 DEBUG 11360 --- [fang123-backend] [nio-8090-exec-8] o.s.security.web.FilterChainProxy        : Securing GET /api/public/loupan-filters
2026-10-04T14:39:42.006+08:00 DEBUG 11360 --- [fang123-backend] [nio-8090-exec-2] o.s.security.web.FilterChainProxy        : Securing GET /api/public/loupan-spotlight/counts
2026-10-04T14:39:42.006+08:00 DEBUG 11360 --- [fang123-backend] [nio-8090-exec-9] o.s.security.web.FilterChainProxy        : Securing GET /api/public/loupans?page=1&size=12&salesStatus=1
2026-10-04T14:39:42.010+08:00 DEBUG 11360 --- [fang123-backend] [nio-8090-exec-8] o.s.s.w.a.AnonymousAuthenticationFilter  : Set SecurityContextHolder to anonymous SecurityContext
2026-10-04T14:39:42.010+08:00 DEBUG 11360 --- [fang123-backend] [nio-8090-exec-2] o.s.s.w.a.AnonymousAuthenticationFilter  : Set SecurityContextHolder to anonymous SecurityContext
2026-10-04T14:39:42.010+08:00 DEBUG 11360 --- [fang123-backend] [nio-8090-exec-9] o.s.s.w.a.AnonymousAuthenticationFilter  : Set SecurityContextHolder to anonymous SecurityContext
2026-10-04T14:39:42.010+08:00 DEBUG 11360 --- [fang123-backend] [nio-8090-exec-2] o.s.security.web.FilterChainProxy        : Secured GET /api/public/loupan-spotlight/counts
2026-10-04T14:39:42.010+08:00 DEBUG 11360 --- [fang123-backend] [nio-8090-exec-9] o.s.security.web.FilterChainProxy        : Secured GET /api/public/loupans?page=1&size=12&salesStatus=1
2026-10-04T14:39:42.010+08:00 DEBUG 11360 --- [fang123-backend] [nio-8090-exec-8] o.s.security.web.FilterChainProxy        : Secured GET /api/public/loupan-filters
2026-10-04T14:39:42.016+08:00 DEBUG 11360 --- [fang123-backend] [nio-8090-exec-8] c.f.mapper.LoupanMapper.selectList       : ==>  Preparing: SELECT id,land_id,land_no,cover_image,project_name,short_name,district,plate,avg_unit_price,avg_unit_price_yangfang,avg_unit_price_dieshu,avg_unit_price_paiwu,min_total_price,max_total_price,price_tag,sales_address,sales_status,sales_tel,project_address,show_house_desc,opening_date,delivery_date,floor_height_min,floor_height_max,building_total,floor_min,floor_max,area_min,area_max,decorate_type,property_right_year,house_type,community_facility,people_car_separate,property_fee_high,property_fee_villa,property_company,park_total,park_sell_num,park_ratio,facade_material,self_hold_rate,build_area,land_area,house_total,plot_ratio,green_rate,project_company,brand_list,land_price,land_unit_price,land_buy_date,edu_support,traffic_support,medical_support,business_support,view_support,longitude,latitude,sort,deleted,create_time,update_time FROM loupan WHERE deleted=0
2026-10-04T14:39:42.016+08:00 DEBUG 11360 --- [fang123-backend] [nio-8090-exec-2] c.f.m.L.selectList                       : ==>  Preparing: SELECT id,loupan_id,project_name,publicity_date,issue_date,develop_company,location,sale_address,sale_phone,online_sale_area,permit_no,permit_no_str,deleted,create_time,update_time FROM loupan_presale_permit WHERE deleted=0 AND (loupan_id IS NOT NULL AND publicity_date IS NOT NULL AND publicity_date <= ? AND issue_date IS NOT NULL AND issue_date > ? AND publicity_date < issue_date) ORDER BY publicity_date DESC,id DESC
2026-10-04T14:39:42.018+08:00 DEBUG 11360 --- [fang123-backend] [nio-8090-exec-8] c.f.mapper.LoupanMapper.selectList       : ==> Parameters: 
2026-10-04T14:39:42.020+08:00 DEBUG 11360 --- [fang123-backend] [nio-8090-exec-2] c.f.m.L.selectList                       : ==> Parameters: 2026-10-04(LocalDate), 2026-10-04(LocalDate)
2026-10-04T14:39:42.024+08:00 DEBUG 11360 --- [fang123-backend] [nio-8090-exec-9] c.f.m.LoupanMapper.selectList_mpCount    : ==>  Preparing: SELECT COUNT(*) AS total FROM loupan WHERE deleted = 0 AND (sales_status IN (?))
2026-10-04T14:39:42.024+08:00 DEBUG 11360 --- [fang123-backend] [nio-8090-exec-9] c.f.m.LoupanMapper.selectList_mpCount    : ==> Parameters: 1(Integer)
2026-10-04T14:39:42.026+08:00 DEBUG 11360 --- [fang123-backend] [nio-8090-exec-9] c.f.m.LoupanMapper.selectList_mpCount    : <==      Total: 1
2026-10-04T14:39:42.027+08:00 DEBUG 11360 --- [fang123-backend] [nio-8090-exec-9] c.f.mapper.LoupanMapper.selectList       : ==>  Preparing: SELECT id,land_id,land_no,cover_image,project_name,short_name,district,plate,avg_unit_price,avg_unit_price_yangfang,avg_unit_price_dieshu,avg_unit_price_paiwu,min_total_price,max_total_price,price_tag,sales_address,sales_status,sales_tel,project_address,show_house_desc,opening_date,delivery_date,floor_height_min,floor_height_max,building_total,floor_min,floor_max,area_min,area_max,decorate_type,property_right_year,house_type,community_facility,people_car_separate,property_fee_high,property_fee_villa,property_company,park_total,park_sell_num,park_ratio,facade_material,self_hold_rate,build_area,land_area,house_total,plot_ratio,green_rate,project_company,brand_list,land_price,land_unit_price,land_buy_date,edu_support,traffic_support,medical_support,business_support,view_support,longitude,latitude,sort,deleted,create_time,update_time FROM loupan WHERE deleted=0 AND (sales_status IN (?)) ORDER BY sort DESC,create_time DESC LIMIT ?
2026-10-04T14:39:42.028+08:00 DEBUG 11360 --- [fang123-backend] [nio-8090-exec-8] c.f.mapper.LoupanMapper.selectList       : <==      Total: 2
2026-10-04T14:39:42.031+08:00 DEBUG 11360 --- [fang123-backend] [nio-8090-exec-9] c.f.mapper.LoupanMapper.selectList       : ==> Parameters: 1(Integer), 12(Long)
2026-10-04T14:39:42.032+08:00 DEBUG 11360 --- [fang123-backend] [nio-8090-exec-2] c.f.m.L.selectList                       : <==      Total: 0
2026-10-04T14:39:42.034+08:00 DEBUG 11360 --- [fang123-backend] [nio-8090-exec-9] c.f.mapper.LoupanMapper.selectList       : <==      Total: 2
2026-10-04T14:39:42.034+08:00 DEBUG 11360 --- [fang123-backend] [nio-8090-exec-2] c.f.m.L.selectList                       : ==>  Preparing: SELECT id,loupan_id,project_name,publicity_date,issue_date,develop_company,location,sale_address,sale_phone,online_sale_area,permit_no,permit_no_str,deleted,create_time,update_time FROM loupan_presale_permit WHERE deleted=0 AND (loupan_id IS NOT NULL AND issue_date IS NOT NULL AND issue_date >= ? AND issue_date <= ?) ORDER BY issue_date DESC,id DESC
2026-10-04T14:39:42.036+08:00 DEBUG 11360 --- [fang123-backend] [nio-8090-exec-2] c.f.m.L.selectList                       : ==> Parameters: 2026-09-27(LocalDate), 2026-10-04(LocalDate)
2026-10-04T14:39:42.040+08:00 DEBUG 11360 --- [fang123-backend] [nio-8090-exec-2] c.f.m.L.selectList                       : <==      Total: 0
2026-10-04T14:39:42.041+08:00 DEBUG 11360 --- [fang123-backend] [nio-8090-exec-2] c.f.c.LoupanSpotlightController          : [spotlight] counts today=2026-10-04 presale=0 opening=0
2026-10-04T14:39:55.439+08:00 DEBUG 11360 --- [fang123-backend] [nio-8090-exec-5] o.s.security.web.FilterChainProxy        : Securing GET /api/public/loupans?page=1&size=200&salesStatus=0,1&light=true
2026-10-04T14:39:55.440+08:00 DEBUG 11360 --- [fang123-backend] [nio-8090-exec-5] o.s.s.w.a.AnonymousAuthenticationFilter  : Set SecurityContextHolder to anonymous SecurityContext
2026-10-04T14:39:55.441+08:00 DEBUG 11360 --- [fang123-backend] [nio-8090-exec-5] o.s.security.web.FilterChainProxy        : Secured GET /api/public/loupans?page=1&size=200&salesStatus=0,1&light=true
2026-10-04T14:39:55.456+08:00 DEBUG 11360 --- [fang123-backend] [nio-8090-exec-5] c.f.m.LoupanMapper.selectList_mpCount    : ==>  Preparing: SELECT COUNT(*) AS total FROM loupan WHERE deleted = 0 AND (sales_status IN (?, ?))
2026-10-04T14:39:55.457+08:00 DEBUG 11360 --- [fang123-backend] [nio-8090-exec-5] c.f.m.LoupanMapper.selectList_mpCount    : ==> Parameters: 0(Integer), 1(Integer)
2026-10-04T14:39:55.459+08:00 DEBUG 11360 --- [fang123-backend] [nio-8090-exec-5] c.f.m.LoupanMapper.selectList_mpCount    : <==      Total: 1
2026-10-04T14:39:55.460+08:00 DEBUG 11360 --- [fang123-backend] [nio-8090-exec-5] c.f.mapper.LoupanMapper.selectList       : ==>  Preparing: SELECT id,project_name,cover_image,longitude,latitude,district,plate,house_type,decorate_type,avg_unit_price,avg_unit_price_yangfang,avg_unit_price_dieshu,avg_unit_price_paiwu,area_min,area_max,sales_status,min_total_price,max_total_price FROM loupan WHERE deleted=0 AND (sales_status IN (?,?)) ORDER BY sort DESC,create_time DESC LIMIT ?
2026-10-04T14:39:55.461+08:00 DEBUG 11360 --- [fang123-backend] [nio-8090-exec-5] c.f.mapper.LoupanMapper.selectList       : ==> Parameters: 0(Integer), 1(Integer), 200(Long)
2026-10-04T14:39:55.464+08:00 DEBUG 11360 --- [fang123-backend] [nio-8090-exec-5] c.f.mapper.LoupanMapper.selectList       : <==      Total: 2
2026-10-04T14:40:15.739+08:00 DEBUG 11360 --- [fang123-backend] [nio-8090-exec-4] o.s.security.web.FilterChainProxy        : Securing GET /api/public/loupans?page=1&size=200&salesStatus=0,1&light=true
2026-10-04T14:40:15.741+08:00 DEBUG 11360 --- [fang123-backend] [nio-8090-exec-4] o.s.s.w.a.AnonymousAuthenticationFilter  : Set SecurityContextHolder to anonymous SecurityContext
2026-10-04T14:40:15.742+08:00 DEBUG 11360 --- [fang123-backend] [nio-8090-exec-4] o.s.security.web.FilterChainProxy        : Secured GET /api/public/loupans?page=1&size=200&salesStatus=0,1&light=true
2026-10-04T14:40:15.753+08:00 DEBUG 11360 --- [fang123-backend] [nio-8090-exec-4] c.f.m.LoupanMapper.selectList_mpCount    : ==>  Preparing: SELECT COUNT(*) AS total FROM loupan WHERE deleted = 0 AND (sales_status IN (?, ?))
2026-10-04T14:40:15.753+08:00 DEBUG 11360 --- [fang123-backend] [nio-8090-exec-4] c.f.m.LoupanMapper.selectList_mpCount    : ==> Parameters: 0(Integer), 1(Integer)
2026-10-04T14:40:15.766+08:00 DEBUG 11360 --- [fang123-backend] [nio-8090-exec-4] c.f.m.LoupanMapper.selectList_mpCount    : <==      Total: 1
2026-10-04T14:40:15.768+08:00 DEBUG 11360 --- [fang123-backend] [nio-8090-exec-4] c.f.mapper.LoupanMapper.selectList       : ==>  Preparing: SELECT id,project_name,cover_image,longitude,latitude,district,plate,house_type,decorate_type,avg_unit_price,avg_unit_price_yangfang,avg_unit_price_dieshu,avg_unit_price_paiwu,area_min,area_max,sales_status,min_total_price,max_total_price FROM loupan WHERE deleted=0 AND (sales_status IN (?,?)) ORDER BY sort DESC,create_time DESC LIMIT ?
2026-10-04T14:40:15.769+08:00 DEBUG 11360 --- [fang123-backend] [nio-8090-exec-4] c.f.mapper.LoupanMapper.selectList       : ==> Parameters: 0(Integer), 1(Integer), 200(Long)
2026-10-04T14:40:15.770+08:00 DEBUG 11360 --- [fang123-backend] [nio-8090-exec-4] c.f.mapper.LoupanMapper.selectList       : <==      Total: 2
2026-10-04T14:40:28.212+08:00 DEBUG 11360 --- [fang123-backend] [nio-8090-exec-1] o.s.security.web.FilterChainProxy        : Securing GET /api/public/loupans?page=1&size=200&salesStatus=0,1&light=true
2026-10-04T14:40:28.212+08:00 DEBUG 11360 --- [fang123-backend] [nio-8090-exec-1] o.s.s.w.a.AnonymousAuthenticationFilter  : Set SecurityContextHolder to anonymous SecurityContext
2026-10-04T14:40:28.212+08:00 DEBUG 11360 --- [fang123-backend] [nio-8090-exec-1] o.s.security.web.FilterChainProxy        : Secured GET /api/public/loupans?page=1&size=200&salesStatus=0,1&light=true
2026-10-04T14:40:28.220+08:00 DEBUG 11360 --- [fang123-backend] [nio-8090-exec-1] c.f.m.LoupanMapper.selectList_mpCount    : ==>  Preparing: SELECT COUNT(*) AS total FROM loupan WHERE deleted = 0 AND (sales_status IN (?, ?))
2026-10-04T14:40:28.220+08:00 DEBUG 11360 --- [fang123-backend] [nio-8090-exec-1] c.f.m.LoupanMapper.selectList_mpCount    : ==> Parameters: 0(Integer), 1(Integer)
2026-10-04T14:40:28.222+08:00 DEBUG 11360 --- [fang123-backend] [nio-8090-exec-1] c.f.m.LoupanMapper.selectList_mpCount    : <==      Total: 1
2026-10-04T14:40:28.222+08:00 DEBUG 11360 --- [fang123-backend] [nio-8090-exec-1] c.f.mapper.LoupanMapper.selectList       : ==>  Preparing: SELECT id,project_name,cover_image,longitude,latitude,district,plate,house_type,decorate_type,avg_unit_price,avg_unit_price_yangfang,avg_unit_price_dieshu,avg_unit_price_paiwu,area_min,area_max,sales_status,min_total_price,max_total_price FROM loupan WHERE deleted=0 AND (sales_status IN (?,?)) ORDER BY sort DESC,create_time DESC LIMIT ?
2026-10-04T14:40:28.222+08:00 DEBUG 11360 --- [fang123-backend] [nio-8090-exec-1] c.f.mapper.LoupanMapper.selectList       : ==> Parameters: 0(Integer), 1(Integer), 200(Long)
2026-10-04T14:40:28.224+08:00 DEBUG 11360 --- [fang123-backend] [nio-8090-exec-1] c.f.mapper.LoupanMapper.selectList       : <==      Total: 2
2026-10-04T14:40:36.638+08:00 DEBUG 11360 --- [fang123-backend] [nio-8090-exec-6] o.s.security.web.FilterChainProxy        : Securing GET /api/public/loupans?page=1&size=200&salesStatus=0,1&light=true
2026-10-04T14:40:36.639+08:00 DEBUG 11360 --- [fang123-backend] [nio-8090-exec-6] o.s.s.w.a.AnonymousAuthenticationFilter  : Set SecurityContextHolder to anonymous SecurityContext
2026-10-04T14:40:36.639+08:00 DEBUG 11360 --- [fang123-backend] [nio-8090-exec-6] o.s.security.web.FilterChainProxy        : Secured GET /api/public/loupans?page=1&size=200&salesStatus=0,1&light=true
2026-10-04T14:40:36.653+08:00 DEBUG 11360 --- [fang123-backend] [nio-8090-exec-6] c.f.m.LoupanMapper.selectList_mpCount    : ==>  Preparing: SELECT COUNT(*) AS total FROM loupan WHERE deleted = 0 AND (sales_status IN (?, ?))
2026-10-04T14:40:36.654+08:00 DEBUG 11360 --- [fang123-backend] [nio-8090-exec-6] c.f.m.LoupanMapper.selectList_mpCount    : ==> Parameters: 0(Integer), 1(Integer)
2026-10-04T14:40:36.656+08:00 DEBUG 11360 --- [fang123-backend] [nio-8090-exec-6] c.f.m.LoupanMapper.selectList_mpCount    : <==      Total: 1
2026-10-04T14:40:36.657+08:00 DEBUG 11360 --- [fang123-backend] [nio-8090-exec-6] c.f.mapper.LoupanMapper.selectList       : ==>  Preparing: SELECT id,project_name,cover_image,longitude,latitude,district,plate,house_type,decorate_type,avg_unit_price,avg_unit_price_yangfang,avg_unit_price_dieshu,avg_unit_price_paiwu,area_min,area_max,sales_status,min_total_price,max_total_price FROM loupan WHERE deleted=0 AND (sales_status IN (?,?)) ORDER BY sort DESC,create_time DESC LIMIT ?
2026-10-04T14:40:36.658+08:00 DEBUG 11360 --- [fang123-backend] [nio-8090-exec-6] c.f.mapper.LoupanMapper.selectList       : ==> Parameters: 0(Integer), 1(Integer), 200(Long)
2026-10-04T14:40:36.661+08:00 DEBUG 11360 --- [fang123-backend] [nio-8090-exec-6] c.f.mapper.LoupanMapper.selectList       : <==      Total: 2
2026-10-04T14:43:47.472+08:00 DEBUG 11360 --- [fang123-backend] [nio-8090-exec-7] o.s.security.web.FilterChainProxy        : Securing GET /api/admin/dashboard/stats
2026-10-04T14:43:47.484+08:00 DEBUG 11360 --- [fang123-backend] [nio-8090-exec-7] o.s.s.w.a.AnonymousAuthenticationFilter  : Set SecurityContextHolder to anonymous SecurityContext
2026-10-04T14:43:57.087+08:00 DEBUG 11360 --- [fang123-backend] [io-8090-exec-10] o.s.security.web.FilterChainProxy        : Securing POST /api/auth/admin/login
2026-10-04T14:43:57.089+08:00 DEBUG 11360 --- [fang123-backend] [io-8090-exec-10] o.s.s.w.a.AnonymousAuthenticationFilter  : Set SecurityContextHolder to anonymous SecurityContext
2026-10-04T14:43:57.089+08:00 DEBUG 11360 --- [fang123-backend] [io-8090-exec-10] o.s.security.web.FilterChainProxy        : Secured POST /api/auth/admin/login
2026-10-04T14:43:57.559+08:00 DEBUG 11360 --- [fang123-backend] [io-8090-exec-10] c.f.mapper.AdminUserMapper.selectList    : ==>  Preparing: SELECT id,username,password,nickname,email,phone,avatar,gender,status,last_login_time,last_login_ip,create_time,update_time,is_deleted FROM admin_user WHERE is_deleted=0 AND (username = ?)
2026-10-04T14:43:57.560+08:00 DEBUG 11360 --- [fang123-backend] [io-8090-exec-10] c.f.mapper.AdminUserMapper.selectList    : ==> Parameters: admin(String)
2026-10-04T14:43:57.638+08:00 DEBUG 11360 --- [fang123-backend] [io-8090-exec-10] c.f.mapper.AdminUserMapper.selectList    : <==      Total: 1
2026-10-04T14:44:01.176+08:00 DEBUG 11360 --- [fang123-backend] [nio-8090-exec-9] o.s.security.web.FilterChainProxy        : Securing POST /api/auth/admin/login
2026-10-04T14:44:01.177+08:00 DEBUG 11360 --- [fang123-backend] [nio-8090-exec-9] o.s.s.w.a.AnonymousAuthenticationFilter  : Set SecurityContextHolder to anonymous SecurityContext
2026-10-04T14:44:01.178+08:00 DEBUG 11360 --- [fang123-backend] [nio-8090-exec-9] o.s.security.web.FilterChainProxy        : Secured POST /api/auth/admin/login
2026-10-04T14:44:01.183+08:00 DEBUG 11360 --- [fang123-backend] [nio-8090-exec-9] c.f.mapper.AdminUserMapper.selectList    : ==>  Preparing: SELECT id,username,password,nickname,email,phone,avatar,gender,status,last_login_time,last_login_ip,create_time,update_time,is_deleted FROM admin_user WHERE is_deleted=0 AND (username = ?)
2026-10-04T14:44:01.184+08:00 DEBUG 11360 --- [fang123-backend] [nio-8090-exec-9] c.f.mapper.AdminUserMapper.selectList    : ==> Parameters: admin(String)
2026-10-04T14:44:01.188+08:00 DEBUG 11360 --- [fang123-backend] [nio-8090-exec-9] c.f.mapper.AdminUserMapper.selectList    : <==      Total: 1
2026-10-04T14:44:01.284+08:00 DEBUG 11360 --- [fang123-backend] [nio-8090-exec-9] c.f.mapper.AdminUserMapper.updateById    : ==>  Preparing: UPDATE admin_user SET username=?, password=?, nickname=?, gender=?, status=?, last_login_time=?, last_login_ip=?, create_time=?, update_time=? WHERE id=? AND is_deleted=0
2026-10-04T14:44:01.285+08:00 DEBUG 11360 --- [fang123-backend] [nio-8090-exec-9] c.f.mapper.AdminUserMapper.updateById    : ==> Parameters: admin(String), $2b$10$k.YWnGF12dms9H5zEz.SSub8TxaKTX2Ss.zJFyiNZ9x/7VzZUgOUe(String), 超级管理员(String), 0(Integer), 1(Integer), 2026-10-04T14:44:01.278405(LocalDateTime), 0:0:0:0:0:0:0:1(String), 2026-06-21T21:01:16(LocalDateTime), 2026-06-21T21:01:16(LocalDateTime), 1(Long)
2026-10-04T14:44:01.299+08:00 DEBUG 11360 --- [fang123-backend] [nio-8090-exec-9] c.f.mapper.AdminUserMapper.updateById    : <==    Updates: 1
2026-10-04T14:44:01.376+08:00 DEBUG 11360 --- [fang123-backend] [nio-8090-exec-8] o.s.security.web.FilterChainProxy        : Securing GET /api/admin/dashboard/stats
2026-10-04T14:44:01.384+08:00 DEBUG 11360 --- [fang123-backend] [nio-8090-exec-8] o.s.security.web.FilterChainProxy        : Secured GET /api/admin/dashboard/stats
2026-10-04T14:44:01.386+08:00 DEBUG 11360 --- [fang123-backend] [nio-8090-exec-8] c.f.mapper.UserInfoMapper.selectCount    : ==>  Preparing: SELECT COUNT( * ) AS total FROM user_info WHERE deleted=0
2026-10-04T14:44:01.386+08:00 DEBUG 11360 --- [fang123-backend] [nio-8090-exec-8] c.f.mapper.UserInfoMapper.selectCount    : ==> Parameters: 
2026-10-04T14:44:01.395+08:00 DEBUG 11360 --- [fang123-backend] [nio-8090-exec-8] c.f.mapper.UserInfoMapper.selectCount    : <==      Total: 1
2026-10-04T14:44:01.396+08:00 DEBUG 11360 --- [fang123-backend] [nio-8090-exec-8] c.f.mapper.UserInfoMapper.selectCount    : ==>  Preparing: SELECT COUNT( * ) AS total FROM user_info WHERE deleted=0 AND (create_time >= ? AND create_time <= ?)
2026-10-04T14:44:01.396+08:00 DEBUG 11360 --- [fang123-backend] [nio-8090-exec-8] c.f.mapper.UserInfoMapper.selectCount    : ==> Parameters: 2026-10-04T00:00(LocalDateTime), 2026-10-04T23:59:59.999999999(LocalDateTime)
2026-10-04T14:44:01.398+08:00 DEBUG 11360 --- [fang123-backend] [nio-8090-exec-8] c.f.mapper.UserInfoMapper.selectCount    : <==      Total: 1
2026-10-04T14:44:01.400+08:00 DEBUG 11360 --- [fang123-backend] [nio-8090-exec-8] c.f.mapper.TaskInfoMapper.selectCount    : ==>  Preparing: SELECT COUNT( * ) AS total FROM task_info WHERE deleted=0 AND (status = ?)
2026-10-04T14:44:01.400+08:00 DEBUG 11360 --- [fang123-backend] [nio-8090-exec-8] c.f.mapper.TaskInfoMapper.selectCount    : ==> Parameters: 1(Integer)
2026-10-04T14:44:01.405+08:00 DEBUG 11360 --- [fang123-backend] [nio-8090-exec-8] c.f.mapper.TaskInfoMapper.selectCount    : <==      Total: 1
2026-10-04T14:44:01.406+08:00 DEBUG 11360 --- [fang123-backend] [nio-8090-exec-8] c.f.m.TaskUserOrderMapper.selectCount    : ==>  Preparing: SELECT COUNT( * ) AS total FROM task_user_order WHERE (create_time >= ? AND create_time <= ?)
2026-10-04T14:44:01.406+08:00 DEBUG 11360 --- [fang123-backend] [nio-8090-exec-8] c.f.m.TaskUserOrderMapper.selectCount    : ==> Parameters: 2026-10-04T00:00(LocalDateTime), 2026-10-04T23:59:59.999999999(LocalDateTime)
2026-10-04T14:44:01.409+08:00 DEBUG 11360 --- [fang123-backend] [nio-8090-exec-8] c.f.m.TaskUserOrderMapper.selectCount    : <==      Total: 1
2026-10-04T14:44:01.410+08:00 DEBUG 11360 --- [fang123-backend] [nio-8090-exec-8] c.f.m.TaskUserOrderMapper.selectCount    : ==>  Preparing: SELECT COUNT( * ) AS total FROM task_user_order
2026-10-04T14:44:01.410+08:00 DEBUG 11360 --- [fang123-backend] [nio-8090-exec-8] c.f.m.TaskUserOrderMapper.selectCount    : ==> Parameters: 
2026-10-04T14:44:01.411+08:00 DEBUG 11360 --- [fang123-backend] [nio-8090-exec-8] c.f.m.TaskUserOrderMapper.selectCount    : <==      Total: 1
2026-10-04T14:44:01.412+08:00 DEBUG 11360 --- [fang123-backend] [nio-8090-exec-8] c.f.mapper.TaskPayLogMapper.selectList   : ==>  Preparing: SELECT id,order_id,user_id,task_title,trade_no,wechat_pay_no,pay_amount,pay_status,fail_reason,retry_count,apply_time,pay_time,create_time,update_time FROM task_pay_log WHERE (pay_status = ? AND pay_time >= ? AND pay_time <= ?)
2026-10-04T14:44:01.413+08:00 DEBUG 11360 --- [fang123-backend] [nio-8090-exec-8] c.f.mapper.TaskPayLogMapper.selectList   : ==> Parameters: 2(Integer), 2026-10-04T00:00(LocalDateTime), 2026-10-04T23:59:59.999999999(LocalDateTime)
2026-10-04T14:44:01.416+08:00 DEBUG 11360 --- [fang123-backend] [nio-8090-exec-8] c.f.mapper.TaskPayLogMapper.selectList   : <==      Total: 0
2026-10-04T14:44:01.418+08:00 DEBUG 11360 --- [fang123-backend] [nio-8090-exec-8] c.f.mapper.TaskPayLogMapper.selectList   : ==>  Preparing: SELECT id,order_id,user_id,task_title,trade_no,wechat_pay_no,pay_amount,pay_status,fail_reason,retry_count,apply_time,pay_time,create_time,update_time FROM task_pay_log WHERE (pay_status = ?)
2026-10-04T14:44:01.418+08:00 DEBUG 11360 --- [fang123-backend] [nio-8090-exec-8] c.f.mapper.TaskPayLogMapper.selectList   : ==> Parameters: 2(Integer)
2026-10-04T14:44:01.418+08:00 DEBUG 11360 --- [fang123-backend] [nio-8090-exec-8] c.f.mapper.TaskPayLogMapper.selectList   : <==      Total: 0
2026-10-04T14:44:03.301+08:00 DEBUG 11360 --- [fang123-backend] [nio-8090-exec-5] o.s.security.web.FilterChainProxy        : Securing GET /api/admin/loupans/districts
2026-10-04T14:44:03.301+08:00 DEBUG 11360 --- [fang123-backend] [nio-8090-exec-2] o.s.security.web.FilterChainProxy        : Securing GET /api/admin/loupans?page=1&size=10
2026-10-04T14:44:03.304+08:00 DEBUG 11360 --- [fang123-backend] [nio-8090-exec-5] o.s.security.web.FilterChainProxy        : Secured GET /api/admin/loupans/districts
2026-10-04T14:44:03.304+08:00 DEBUG 11360 --- [fang123-backend] [nio-8090-exec-2] o.s.security.web.FilterChainProxy        : Secured GET /api/admin/loupans?page=1&size=10
2026-10-04T14:44:03.309+08:00 DEBUG 11360 --- [fang123-backend] [nio-8090-exec-5] c.f.mapper.LoupanMapper.selectList       : ==>  Preparing: SELECT district FROM loupan WHERE deleted=0 AND (district IS NOT NULL)
2026-10-04T14:44:03.309+08:00 DEBUG 11360 --- [fang123-backend] [nio-8090-exec-5] c.f.mapper.LoupanMapper.selectList       : ==> Parameters: 
2026-10-04T14:44:03.310+08:00 DEBUG 11360 --- [fang123-backend] [nio-8090-exec-5] c.f.mapper.LoupanMapper.selectList       : <==      Total: 2
2026-10-04T14:44:03.313+08:00 DEBUG 11360 --- [fang123-backend] [nio-8090-exec-2] c.f.m.LoupanMapper.selectList_mpCount    : ==>  Preparing: SELECT COUNT(*) AS total FROM loupan WHERE deleted = 0
2026-10-04T14:44:03.314+08:00 DEBUG 11360 --- [fang123-backend] [nio-8090-exec-2] c.f.m.LoupanMapper.selectList_mpCount    : ==> Parameters: 
2026-10-04T14:44:03.315+08:00 DEBUG 11360 --- [fang123-backend] [nio-8090-exec-2] c.f.m.LoupanMapper.selectList_mpCount    : <==      Total: 1
2026-10-04T14:44:03.315+08:00 DEBUG 11360 --- [fang123-backend] [nio-8090-exec-2] c.f.mapper.LoupanMapper.selectList       : ==>  Preparing: SELECT id,land_id,land_no,cover_image,project_name,short_name,district,plate,avg_unit_price,avg_unit_price_yangfang,avg_unit_price_dieshu,avg_unit_price_paiwu,min_total_price,max_total_price,price_tag,sales_address,sales_status,sales_tel,project_address,show_house_desc,opening_date,delivery_date,floor_height_min,floor_height_max,building_total,floor_min,floor_max,area_min,area_max,decorate_type,property_right_year,house_type,community_facility,people_car_separate,property_fee_high,property_fee_villa,property_company,park_total,park_sell_num,park_ratio,facade_material,self_hold_rate,build_area,land_area,house_total,plot_ratio,green_rate,project_company,brand_list,land_price,land_unit_price,land_buy_date,edu_support,traffic_support,medical_support,business_support,view_support,longitude,latitude,sort,deleted,create_time,update_time FROM loupan WHERE deleted=0 ORDER BY id DESC LIMIT ?
2026-10-04T14:44:03.315+08:00 DEBUG 11360 --- [fang123-backend] [nio-8090-exec-2] c.f.mapper.LoupanMapper.selectList       : ==> Parameters: 10(Long)
2026-10-04T14:44:03.317+08:00 DEBUG 11360 --- [fang123-backend] [nio-8090-exec-2] c.f.mapper.LoupanMapper.selectList       : <==      Total: 2
2026-10-04T14:44:15.140+08:00 DEBUG 11360 --- [fang123-backend] [nio-8090-exec-4] o.s.security.web.FilterChainProxy        : Securing GET /api/public/tupai-lands
2026-10-04T14:44:15.147+08:00 DEBUG 11360 --- [fang123-backend] [nio-8090-exec-4] o.s.s.w.a.AnonymousAuthenticationFilter  : Set SecurityContextHolder to anonymous SecurityContext
2026-10-04T14:44:15.148+08:00 DEBUG 11360 --- [fang123-backend] [nio-8090-exec-4] o.s.security.web.FilterChainProxy        : Secured GET /api/public/tupai-lands
2026-10-04T14:44:15.171+08:00 DEBUG 11360 --- [fang123-backend] [nio-8090-exec-4] c.f.m.LoupanTupaiLandMapper.selectList   : ==>  Preparing: SELECT id,loupan_id,land_name,land_no,district,plate,land_scope,land_status,winner_company,land_use_type,land_year,land_area,build_area_limit,plot_ratio,start_price,deal_price,floor_unit_price,premium_rate,deal_date,longitude,latitude,resource_id,location_image,sort,deleted,create_time,update_time FROM loupan_tupai_land WHERE deleted=0 ORDER BY deal_date DESC,sort DESC
2026-10-04T14:44:15.172+08:00 DEBUG 11360 --- [fang123-backend] [nio-8090-exec-4] c.f.m.LoupanTupaiLandMapper.selectList   : ==> Parameters: 
2026-10-04T14:44:15.310+08:00 DEBUG 11360 --- [fang123-backend] [nio-8090-exec-4] c.f.m.LoupanTupaiLandMapper.selectList   : <==      Total: 1103
2026-10-04T14:44:44.467+08:00 DEBUG 11360 --- [fang123-backend] [nio-8090-exec-1] o.s.security.web.FilterChainProxy        : Securing PUT /api/admin/loupans/2
2026-10-04T14:44:44.474+08:00 DEBUG 11360 --- [fang123-backend] [nio-8090-exec-1] o.s.security.web.FilterChainProxy        : Secured PUT /api/admin/loupans/2
2026-10-04T14:44:44.533+08:00 DEBUG 11360 --- [fang123-backend] [nio-8090-exec-1] c.f.mapper.LoupanMapper.selectById       : ==>  Preparing: SELECT id,land_id,land_no,cover_image,project_name,short_name,district,plate,avg_unit_price,avg_unit_price_yangfang,avg_unit_price_dieshu,avg_unit_price_paiwu,min_total_price,max_total_price,price_tag,sales_address,sales_status,sales_tel,project_address,show_house_desc,opening_date,delivery_date,floor_height_min,floor_height_max,building_total,floor_min,floor_max,area_min,area_max,decorate_type,property_right_year,house_type,community_facility,people_car_separate,property_fee_high,property_fee_villa,property_company,park_total,park_sell_num,park_ratio,facade_material,self_hold_rate,build_area,land_area,house_total,plot_ratio,green_rate,project_company,brand_list,land_price,land_unit_price,land_buy_date,edu_support,traffic_support,medical_support,business_support,view_support,longitude,latitude,sort,deleted,create_time,update_time FROM loupan WHERE id=? AND deleted=0
2026-10-04T14:44:44.534+08:00 DEBUG 11360 --- [fang123-backend] [nio-8090-exec-1] c.f.mapper.LoupanMapper.selectById       : ==> Parameters: 2(Long)
2026-10-04T14:44:44.576+08:00 DEBUG 11360 --- [fang123-backend] [nio-8090-exec-1] c.f.mapper.LoupanMapper.selectById       : <==      Total: 1
2026-10-04T14:44:44.604+08:00 DEBUG 11360 --- [fang123-backend] [nio-8090-exec-1] c.f.mapper.LoupanMapper.updateById       : ==>  Preparing: UPDATE loupan SET land_id=?, land_no=?, cover_image=?, project_name=?, short_name=?, district=?, plate=?, avg_unit_price=?, avg_unit_price_yangfang=?, avg_unit_price_dieshu=?, avg_unit_price_paiwu=?, price_tag=?, sales_address=?, sales_status=?, sales_tel=?, project_address=?, show_house_desc=?, delivery_date=?, floor_height_min=?, floor_height_max=?, building_total=?, floor_min=?, floor_max=?, area_min=?, area_max=?, decorate_type=?, property_right_year=?, house_type=?, community_facility=?, people_car_separate=?, property_fee_high=?, property_fee_villa=?, property_company=?, park_total=?, park_sell_num=?, park_ratio=?, facade_material=?, self_hold_rate=?, build_area=?, land_area=?, house_total=?, plot_ratio=?, green_rate=?, project_company=?, brand_list=?, land_price=?, land_unit_price=?, land_buy_date=?, edu_support=?, traffic_support=?, medical_support=?, business_support=?, view_support=?, longitude=?, latitude=?, sort=?, create_time=?, update_time=? WHERE id=? AND deleted=0
2026-10-04T14:44:44.606+08:00 DEBUG 11360 --- [fang123-backend] [nio-8090-exec-1] c.f.mapper.LoupanMapper.updateById       : ==> Parameters: 1(Long), (String), (String), 滨江兴耀.沐青云(String), 沐青云(String), 钱塘区(String), (String), 28000(Integer), 30000(Integer), 33000(Integer), 50000(Integer), (String), 杭州市.钱塘区.1号大街与10号大街交叉口以东180米(String), 1(Integer), 0571-86958155(String), 钱塘区1号大街与10号大街交叉口以东180米(String), (String), 2029-03-30(LocalDate), 3(BigDecimal), 3(BigDecimal), 10(Integer), 16(Integer), 26(Integer), 100(Integer), 166(Integer), 1(Integer), 70(Integer), 1(Integer), (String), 1(Integer), 4.2(BigDecimal), 5.6(BigDecimal), 滨江物业(String), 0(Integer), 831(Integer), (String), (String), 0(BigDecimal), 155483(Long), 45310(Long), 711(Integer), 2.14(BigDecimal), 30(BigDecimal), 杭州星湛置业有限公司(String), (String), 129891(Long), 13396(Integer), 2025-04-28(LocalDate), (String), (String), (String), (String), (String), 120.340493(BigDecimal), 30.298768(BigDecimal), 0(Integer), 2026-06-22T22:46:16(LocalDateTime), 2026-10-02T15:16:20(LocalDateTime), 2(Long)
2026-10-04T14:44:44.619+08:00 DEBUG 11360 --- [fang123-backend] [nio-8090-exec-1] c.f.mapper.LoupanMapper.updateById       : <==    Updates: 1
2026-10-04T14:44:44.620+08:00 DEBUG 11360 --- [fang123-backend] [nio-8090-exec-1] c.f.mapper.LoupanMapper.selectById       : ==>  Preparing: SELECT id,land_id,land_no,cover_image,project_name,short_name,district,plate,avg_unit_price,avg_unit_price_yangfang,avg_unit_price_dieshu,avg_unit_price_paiwu,min_total_price,max_total_price,price_tag,sales_address,sales_status,sales_tel,project_address,show_house_desc,opening_date,delivery_date,floor_height_min,floor_height_max,building_total,floor_min,floor_max,area_min,area_max,decorate_type,property_right_year,house_type,community_facility,people_car_separate,property_fee_high,property_fee_villa,property_company,park_total,park_sell_num,park_ratio,facade_material,self_hold_rate,build_area,land_area,house_total,plot_ratio,green_rate,project_company,brand_list,land_price,land_unit_price,land_buy_date,edu_support,traffic_support,medical_support,business_support,view_support,longitude,latitude,sort,deleted,create_time,update_time FROM loupan WHERE id=? AND deleted=0
2026-10-04T14:44:44.620+08:00 DEBUG 11360 --- [fang123-backend] [nio-8090-exec-1] c.f.mapper.LoupanMapper.selectById       : ==> Parameters: 2(Long)
2026-10-04T14:44:44.622+08:00 DEBUG 11360 --- [fang123-backend] [nio-8090-exec-1] c.f.mapper.LoupanMapper.selectById       : <==      Total: 1
2026-10-04T14:44:44.648+08:00 DEBUG 11360 --- [fang123-backend] [nio-8090-exec-6] o.s.security.web.FilterChainProxy        : Securing GET /api/admin/loupans?page=1&size=10
2026-10-04T14:44:44.648+08:00 DEBUG 11360 --- [fang123-backend] [nio-8090-exec-3] o.s.security.web.FilterChainProxy        : Securing GET /api/admin/loupans/districts
2026-10-04T14:44:44.650+08:00 DEBUG 11360 --- [fang123-backend] [nio-8090-exec-3] o.s.security.web.FilterChainProxy        : Secured GET /api/admin/loupans/districts
2026-10-04T14:44:44.650+08:00 DEBUG 11360 --- [fang123-backend] [nio-8090-exec-6] o.s.security.web.FilterChainProxy        : Secured GET /api/admin/loupans?page=1&size=10
2026-10-04T14:44:44.652+08:00 DEBUG 11360 --- [fang123-backend] [nio-8090-exec-3] c.f.mapper.LoupanMapper.selectList       : ==>  Preparing: SELECT district FROM loupan WHERE deleted=0 AND (district IS NOT NULL)
2026-10-04T14:44:44.653+08:00 DEBUG 11360 --- [fang123-backend] [nio-8090-exec-3] c.f.mapper.LoupanMapper.selectList       : ==> Parameters: 
2026-10-04T14:44:44.655+08:00 DEBUG 11360 --- [fang123-backend] [nio-8090-exec-3] c.f.mapper.LoupanMapper.selectList       : <==      Total: 2
2026-10-04T14:44:44.656+08:00 DEBUG 11360 --- [fang123-backend] [nio-8090-exec-6] c.f.m.LoupanMapper.selectList_mpCount    : ==>  Preparing: SELECT COUNT(*) AS total FROM loupan WHERE deleted = 0
2026-10-04T14:44:44.656+08:00 DEBUG 11360 --- [fang123-backend] [nio-8090-exec-6] c.f.m.LoupanMapper.selectList_mpCount    : ==> Parameters: 
2026-10-04T14:44:44.657+08:00 DEBUG 11360 --- [fang123-backend] [nio-8090-exec-6] c.f.m.LoupanMapper.selectList_mpCount    : <==      Total: 1
2026-10-04T14:44:44.658+08:00 DEBUG 11360 --- [fang123-backend] [nio-8090-exec-6] c.f.mapper.LoupanMapper.selectList       : ==>  Preparing: SELECT id,land_id,land_no,cover_image,project_name,short_name,district,plate,avg_unit_price,avg_unit_price_yangfang,avg_unit_price_dieshu,avg_unit_price_paiwu,min_total_price,max_total_price,price_tag,sales_address,sales_status,sales_tel,project_address,show_house_desc,opening_date,delivery_date,floor_height_min,floor_height_max,building_total,floor_min,floor_max,area_min,area_max,decorate_type,property_right_year,house_type,community_facility,people_car_separate,property_fee_high,property_fee_villa,property_company,park_total,park_sell_num,park_ratio,facade_material,self_hold_rate,build_area,land_area,house_total,plot_ratio,green_rate,project_company,brand_list,land_price,land_unit_price,land_buy_date,edu_support,traffic_support,medical_support,business_support,view_support,longitude,latitude,sort,deleted,create_time,update_time FROM loupan WHERE deleted=0 ORDER BY id DESC LIMIT ?
2026-10-04T14:44:44.658+08:00 DEBUG 11360 --- [fang123-backend] [nio-8090-exec-6] c.f.mapper.LoupanMapper.selectList       : ==> Parameters: 10(Long)
2026-10-04T14:44:44.661+08:00 DEBUG 11360 --- [fang123-backend] [nio-8090-exec-6] c.f.mapper.LoupanMapper.selectList       : <==      Total: 2
2026-10-04T14:44:58.435+08:00 DEBUG 11360 --- [fang123-backend] [io-8090-exec-10] o.s.security.web.FilterChainProxy        : Securing GET /api/public/loupan-spotlight/counts
2026-10-04T14:44:58.435+08:00 DEBUG 11360 --- [fang123-backend] [nio-8090-exec-7] o.s.security.web.FilterChainProxy        : Securing GET /api/public/loupans?page=1&size=12&salesStatus=1
2026-10-04T14:44:58.435+08:00 DEBUG 11360 --- [fang123-backend] [nio-8090-exec-9] o.s.security.web.FilterChainProxy        : Securing GET /api/public/loupan-filters
2026-10-04T14:44:58.441+08:00 DEBUG 11360 --- [fang123-backend] [io-8090-exec-10] o.s.s.w.a.AnonymousAuthenticationFilter  : Set SecurityContextHolder to anonymous SecurityContext
2026-10-04T14:44:58.441+08:00 DEBUG 11360 --- [fang123-backend] [nio-8090-exec-7] o.s.s.w.a.AnonymousAuthenticationFilter  : Set SecurityContextHolder to anonymous SecurityContext
2026-10-04T14:44:58.441+08:00 DEBUG 11360 --- [fang123-backend] [nio-8090-exec-7] o.s.security.web.FilterChainProxy        : Secured GET /api/public/loupans?page=1&size=12&salesStatus=1
2026-10-04T14:44:58.441+08:00 DEBUG 11360 --- [fang123-backend] [io-8090-exec-10] o.s.security.web.FilterChainProxy        : Secured GET /api/public/loupan-spotlight/counts
2026-10-04T14:44:58.442+08:00 DEBUG 11360 --- [fang123-backend] [nio-8090-exec-9] o.s.s.w.a.AnonymousAuthenticationFilter  : Set SecurityContextHolder to anonymous SecurityContext
2026-10-04T14:44:58.442+08:00 DEBUG 11360 --- [fang123-backend] [nio-8090-exec-9] o.s.security.web.FilterChainProxy        : Secured GET /api/public/loupan-filters
2026-10-04T14:44:58.456+08:00 DEBUG 11360 --- [fang123-backend] [io-8090-exec-10] c.f.m.L.selectList                       : ==>  Preparing: SELECT id,loupan_id,project_name,publicity_date,issue_date,develop_company,location,sale_address,sale_phone,online_sale_area,permit_no,permit_no_str,deleted,create_time,update_time FROM loupan_presale_permit WHERE deleted=0 AND (loupan_id IS NOT NULL AND publicity_date IS NOT NULL AND publicity_date <= ? AND issue_date IS NOT NULL AND issue_date > ? AND publicity_date < issue_date) ORDER BY publicity_date DESC,id DESC
2026-10-04T14:44:58.456+08:00 DEBUG 11360 --- [fang123-backend] [nio-8090-exec-9] c.f.mapper.LoupanMapper.selectList       : ==>  Preparing: SELECT id,land_id,land_no,cover_image,project_name,short_name,district,plate,avg_unit_price,avg_unit_price_yangfang,avg_unit_price_dieshu,avg_unit_price_paiwu,min_total_price,max_total_price,price_tag,sales_address,sales_status,sales_tel,project_address,show_house_desc,opening_date,delivery_date,floor_height_min,floor_height_max,building_total,floor_min,floor_max,area_min,area_max,decorate_type,property_right_year,house_type,community_facility,people_car_separate,property_fee_high,property_fee_villa,property_company,park_total,park_sell_num,park_ratio,facade_material,self_hold_rate,build_area,land_area,house_total,plot_ratio,green_rate,project_company,brand_list,land_price,land_unit_price,land_buy_date,edu_support,traffic_support,medical_support,business_support,view_support,longitude,latitude,sort,deleted,create_time,update_time FROM loupan WHERE deleted=0
2026-10-04T14:44:58.470+08:00 DEBUG 11360 --- [fang123-backend] [nio-8090-exec-9] c.f.mapper.LoupanMapper.selectList       : ==> Parameters: 
2026-10-04T14:44:58.473+08:00 DEBUG 11360 --- [fang123-backend] [io-8090-exec-10] c.f.m.L.selectList                       : ==> Parameters: 2026-10-04(LocalDate), 2026-10-04(LocalDate)
2026-10-04T14:44:58.476+08:00 DEBUG 11360 --- [fang123-backend] [nio-8090-exec-7] c.f.m.LoupanMapper.selectList_mpCount    : ==>  Preparing: SELECT COUNT(*) AS total FROM loupan WHERE deleted = 0 AND (sales_status IN (?))
2026-10-04T14:44:58.476+08:00 DEBUG 11360 --- [fang123-backend] [nio-8090-exec-7] c.f.m.LoupanMapper.selectList_mpCount    : ==> Parameters: 1(Integer)
2026-10-04T14:44:58.511+08:00 DEBUG 11360 --- [fang123-backend] [io-8090-exec-10] c.f.m.L.selectList                       : <==      Total: 0
2026-10-04T14:44:58.511+08:00 DEBUG 11360 --- [fang123-backend] [nio-8090-exec-7] c.f.m.LoupanMapper.selectList_mpCount    : <==      Total: 1
2026-10-04T14:44:58.512+08:00 DEBUG 11360 --- [fang123-backend] [nio-8090-exec-7] c.f.mapper.LoupanMapper.selectList       : ==>  Preparing: SELECT id,land_id,land_no,cover_image,project_name,short_name,district,plate,avg_unit_price,avg_unit_price_yangfang,avg_unit_price_dieshu,avg_unit_price_paiwu,min_total_price,max_total_price,price_tag,sales_address,sales_status,sales_tel,project_address,show_house_desc,opening_date,delivery_date,floor_height_min,floor_height_max,building_total,floor_min,floor_max,area_min,area_max,decorate_type,property_right_year,house_type,community_facility,people_car_separate,property_fee_high,property_fee_villa,property_company,park_total,park_sell_num,park_ratio,facade_material,self_hold_rate,build_area,land_area,house_total,plot_ratio,green_rate,project_company,brand_list,land_price,land_unit_price,land_buy_date,edu_support,traffic_support,medical_support,business_support,view_support,longitude,latitude,sort,deleted,create_time,update_time FROM loupan WHERE deleted=0 AND (sales_status IN (?)) ORDER BY sort DESC,create_time DESC LIMIT ?
2026-10-04T14:44:58.513+08:00 DEBUG 11360 --- [fang123-backend] [nio-8090-exec-7] c.f.mapper.LoupanMapper.selectList       : ==> Parameters: 1(Integer), 12(Long)
2026-10-04T14:44:58.514+08:00 DEBUG 11360 --- [fang123-backend] [io-8090-exec-10] c.f.m.L.selectList                       : ==>  Preparing: SELECT id,loupan_id,project_name,publicity_date,issue_date,develop_company,location,sale_address,sale_phone,online_sale_area,permit_no,permit_no_str,deleted,create_time,update_time FROM loupan_presale_permit WHERE deleted=0 AND (loupan_id IS NOT NULL AND issue_date IS NOT NULL AND issue_date >= ? AND issue_date <= ?) ORDER BY issue_date DESC,id DESC
2026-10-04T14:44:58.514+08:00 DEBUG 11360 --- [fang123-backend] [io-8090-exec-10] c.f.m.L.selectList                       : ==> Parameters: 2026-09-27(LocalDate), 2026-10-04(LocalDate)
2026-10-04T14:44:58.514+08:00 DEBUG 11360 --- [fang123-backend] [nio-8090-exec-9] c.f.mapper.LoupanMapper.selectList       : <==      Total: 2
2026-10-04T14:44:58.516+08:00 DEBUG 11360 --- [fang123-backend] [io-8090-exec-10] c.f.m.L.selectList                       : <==      Total: 0
2026-10-04T14:44:58.516+08:00 DEBUG 11360 --- [fang123-backend] [io-8090-exec-10] c.f.c.LoupanSpotlightController          : [spotlight] counts today=2026-10-04 presale=0 opening=0
2026-10-04T14:44:58.517+08:00 DEBUG 11360 --- [fang123-backend] [nio-8090-exec-7] c.f.mapper.LoupanMapper.selectList       : <==      Total: 2
2026-10-04T14:44:59.834+08:00 DEBUG 11360 --- [fang123-backend] [nio-8090-exec-8] o.s.security.web.FilterChainProxy        : Securing GET /api/public/loupans?page=1&size=200&salesStatus=0,1&light=true
2026-10-04T14:44:59.836+08:00 DEBUG 11360 --- [fang123-backend] [nio-8090-exec-8] o.s.s.w.a.AnonymousAuthenticationFilter  : Set SecurityContextHolder to anonymous SecurityContext
2026-10-04T14:44:59.837+08:00 DEBUG 11360 --- [fang123-backend] [nio-8090-exec-8] o.s.security.web.FilterChainProxy        : Secured GET /api/public/loupans?page=1&size=200&salesStatus=0,1&light=true
2026-10-04T14:44:59.841+08:00 DEBUG 11360 --- [fang123-backend] [nio-8090-exec-8] c.f.m.LoupanMapper.selectList_mpCount    : ==>  Preparing: SELECT COUNT(*) AS total FROM loupan WHERE deleted = 0 AND (sales_status IN (?, ?))
2026-10-04T14:44:59.842+08:00 DEBUG 11360 --- [fang123-backend] [nio-8090-exec-8] c.f.m.LoupanMapper.selectList_mpCount    : ==> Parameters: 0(Integer), 1(Integer)
2026-10-04T14:44:59.843+08:00 DEBUG 11360 --- [fang123-backend] [nio-8090-exec-8] c.f.m.LoupanMapper.selectList_mpCount    : <==      Total: 1
2026-10-04T14:44:59.844+08:00 DEBUG 11360 --- [fang123-backend] [nio-8090-exec-8] c.f.mapper.LoupanMapper.selectList       : ==>  Preparing: SELECT id,project_name,cover_image,longitude,latitude,district,plate,house_type,decorate_type,avg_unit_price,avg_unit_price_yangfang,avg_unit_price_dieshu,avg_unit_price_paiwu,area_min,area_max,sales_status,min_total_price,max_total_price FROM loupan WHERE deleted=0 AND (sales_status IN (?,?)) ORDER BY sort DESC,create_time DESC LIMIT ?
2026-10-04T14:44:59.844+08:00 DEBUG 11360 --- [fang123-backend] [nio-8090-exec-8] c.f.mapper.LoupanMapper.selectList       : ==> Parameters: 0(Integer), 1(Integer), 200(Long)
2026-10-04T14:44:59.845+08:00 DEBUG 11360 --- [fang123-backend] [nio-8090-exec-8] c.f.mapper.LoupanMapper.selectList       : <==      Total: 2
2026-10-04T14:45:19.276+08:00 DEBUG 11360 --- [fang123-backend] [nio-8090-exec-5] o.s.security.web.FilterChainProxy        : Securing PUT /api/admin/loupans/2
2026-10-04T14:45:19.280+08:00 DEBUG 11360 --- [fang123-backend] [nio-8090-exec-5] o.s.security.web.FilterChainProxy        : Secured PUT /api/admin/loupans/2
2026-10-04T14:45:19.285+08:00 DEBUG 11360 --- [fang123-backend] [nio-8090-exec-5] c.f.mapper.LoupanMapper.selectById       : ==>  Preparing: SELECT id,land_id,land_no,cover_image,project_name,short_name,district,plate,avg_unit_price,avg_unit_price_yangfang,avg_unit_price_dieshu,avg_unit_price_paiwu,min_total_price,max_total_price,price_tag,sales_address,sales_status,sales_tel,project_address,show_house_desc,opening_date,delivery_date,floor_height_min,floor_height_max,building_total,floor_min,floor_max,area_min,area_max,decorate_type,property_right_year,house_type,community_facility,people_car_separate,property_fee_high,property_fee_villa,property_company,park_total,park_sell_num,park_ratio,facade_material,self_hold_rate,build_area,land_area,house_total,plot_ratio,green_rate,project_company,brand_list,land_price,land_unit_price,land_buy_date,edu_support,traffic_support,medical_support,business_support,view_support,longitude,latitude,sort,deleted,create_time,update_time FROM loupan WHERE id=? AND deleted=0
2026-10-04T14:45:19.286+08:00 DEBUG 11360 --- [fang123-backend] [nio-8090-exec-5] c.f.mapper.LoupanMapper.selectById       : ==> Parameters: 2(Long)
2026-10-04T14:45:19.290+08:00 DEBUG 11360 --- [fang123-backend] [nio-8090-exec-5] c.f.mapper.LoupanMapper.selectById       : <==      Total: 1
2026-10-04T14:45:19.292+08:00 DEBUG 11360 --- [fang123-backend] [nio-8090-exec-5] c.f.mapper.LoupanMapper.updateById       : ==>  Preparing: UPDATE loupan SET land_id=?, land_no=?, cover_image=?, project_name=?, short_name=?, district=?, plate=?, avg_unit_price=?, avg_unit_price_yangfang=?, avg_unit_price_dieshu=?, avg_unit_price_paiwu=?, min_total_price=?, max_total_price=?, price_tag=?, sales_address=?, sales_status=?, sales_tel=?, project_address=?, show_house_desc=?, delivery_date=?, floor_height_min=?, floor_height_max=?, building_total=?, floor_min=?, floor_max=?, area_min=?, area_max=?, decorate_type=?, property_right_year=?, house_type=?, community_facility=?, people_car_separate=?, property_fee_high=?, property_fee_villa=?, property_company=?, park_total=?, park_sell_num=?, park_ratio=?, facade_material=?, self_hold_rate=?, build_area=?, land_area=?, house_total=?, plot_ratio=?, green_rate=?, project_company=?, brand_list=?, land_price=?, land_unit_price=?, land_buy_date=?, edu_support=?, traffic_support=?, medical_support=?, business_support=?, view_support=?, longitude=?, latitude=?, sort=?, create_time=?, update_time=? WHERE id=? AND deleted=0
2026-10-04T14:45:19.295+08:00 DEBUG 11360 --- [fang123-backend] [nio-8090-exec-5] c.f.mapper.LoupanMapper.updateById       : ==> Parameters: 1(Long), (String), (String), 滨江兴耀.沐青云(String), 沐青云(String), 钱塘区(String), (String), 28000(Integer), 30000(Integer), 33000(Integer), 50000(Integer), 300(Integer), 600(Integer), (String), 杭州市.钱塘区.1号大街与10号大街交叉口以东180米(String), 1(Integer), 0571-86958155(String), 钱塘区1号大街与10号大街交叉口以东180米(String), (String), 2029-03-30(LocalDate), 3(BigDecimal), 3(BigDecimal), 10(Integer), 16(Integer), 26(Integer), 100(Integer), 166(Integer), 1(Integer), 70(Integer), 1(Integer), (String), 1(Integer), 4.2(BigDecimal), 5.6(BigDecimal), 滨江物业(String), 0(Integer), 831(Integer), (String), (String), 0(BigDecimal), 155483(Long), 45310(Long), 711(Integer), 2.14(BigDecimal), 30(BigDecimal), 杭州星湛置业有限公司(String), (String), 129891(Long), 13396(Integer), 2025-04-28(LocalDate), (String), (String), (String), (String), (String), 120.340493(BigDecimal), 30.298768(BigDecimal), 0(Integer), 2026-06-22T22:46:16(LocalDateTime), 2026-10-02T15:16:20(LocalDateTime), 2(Long)
2026-10-04T14:45:19.314+08:00 DEBUG 11360 --- [fang123-backend] [nio-8090-exec-5] c.f.mapper.LoupanMapper.updateById       : <==    Updates: 1
2026-10-04T14:45:19.315+08:00 DEBUG 11360 --- [fang123-backend] [nio-8090-exec-5] c.f.mapper.LoupanMapper.selectById       : ==>  Preparing: SELECT id,land_id,land_no,cover_image,project_name,short_name,district,plate,avg_unit_price,avg_unit_price_yangfang,avg_unit_price_dieshu,avg_unit_price_paiwu,min_total_price,max_total_price,price_tag,sales_address,sales_status,sales_tel,project_address,show_house_desc,opening_date,delivery_date,floor_height_min,floor_height_max,building_total,floor_min,floor_max,area_min,area_max,decorate_type,property_right_year,house_type,community_facility,people_car_separate,property_fee_high,property_fee_villa,property_company,park_total,park_sell_num,park_ratio,facade_material,self_hold_rate,build_area,land_area,house_total,plot_ratio,green_rate,project_company,brand_list,land_price,land_unit_price,land_buy_date,edu_support,traffic_support,medical_support,business_support,view_support,longitude,latitude,sort,deleted,create_time,update_time FROM loupan WHERE id=? AND deleted=0
2026-10-04T14:45:19.315+08:00 DEBUG 11360 --- [fang123-backend] [nio-8090-exec-5] c.f.mapper.LoupanMapper.selectById       : ==> Parameters: 2(Long)
2026-10-04T14:45:19.317+08:00 DEBUG 11360 --- [fang123-backend] [nio-8090-exec-5] c.f.mapper.LoupanMapper.selectById       : <==      Total: 1
2026-10-04T14:45:19.337+08:00 DEBUG 11360 --- [fang123-backend] [nio-8090-exec-4] o.s.security.web.FilterChainProxy        : Securing GET /api/admin/loupans/districts
2026-10-04T14:45:19.337+08:00 DEBUG 11360 --- [fang123-backend] [nio-8090-exec-2] o.s.security.web.FilterChainProxy        : Securing GET /api/admin/loupans?page=1&size=10
2026-10-04T14:45:19.339+08:00 DEBUG 11360 --- [fang123-backend] [nio-8090-exec-4] o.s.security.web.FilterChainProxy        : Secured GET /api/admin/loupans/districts
2026-10-04T14:45:19.339+08:00 DEBUG 11360 --- [fang123-backend] [nio-8090-exec-2] o.s.security.web.FilterChainProxy        : Secured GET /api/admin/loupans?page=1&size=10
2026-10-04T14:45:19.340+08:00 DEBUG 11360 --- [fang123-backend] [nio-8090-exec-4] c.f.mapper.LoupanMapper.selectList       : ==>  Preparing: SELECT district FROM loupan WHERE deleted=0 AND (district IS NOT NULL)
2026-10-04T14:45:19.340+08:00 DEBUG 11360 --- [fang123-backend] [nio-8090-exec-4] c.f.mapper.LoupanMapper.selectList       : ==> Parameters: 
2026-10-04T14:45:19.341+08:00 DEBUG 11360 --- [fang123-backend] [nio-8090-exec-4] c.f.mapper.LoupanMapper.selectList       : <==      Total: 2
2026-10-04T14:45:19.343+08:00 DEBUG 11360 --- [fang123-backend] [nio-8090-exec-2] c.f.m.LoupanMapper.selectList_mpCount    : ==>  Preparing: SELECT COUNT(*) AS total FROM loupan WHERE deleted = 0
2026-10-04T14:45:19.343+08:00 DEBUG 11360 --- [fang123-backend] [nio-8090-exec-2] c.f.m.LoupanMapper.selectList_mpCount    : ==> Parameters: 
2026-10-04T14:45:19.344+08:00 DEBUG 11360 --- [fang123-backend] [nio-8090-exec-2] c.f.m.LoupanMapper.selectList_mpCount    : <==      Total: 1
2026-10-04T14:45:19.344+08:00 DEBUG 11360 --- [fang123-backend] [nio-8090-exec-2] c.f.mapper.LoupanMapper.selectList       : ==>  Preparing: SELECT id,land_id,land_no,cover_image,project_name,short_name,district,plate,avg_unit_price,avg_unit_price_yangfang,avg_unit_price_dieshu,avg_unit_price_paiwu,min_total_price,max_total_price,price_tag,sales_address,sales_status,sales_tel,project_address,show_house_desc,opening_date,delivery_date,floor_height_min,floor_height_max,building_total,floor_min,floor_max,area_min,area_max,decorate_type,property_right_year,house_type,community_facility,people_car_separate,property_fee_high,property_fee_villa,property_company,park_total,park_sell_num,park_ratio,facade_material,self_hold_rate,build_area,land_area,house_total,plot_ratio,green_rate,project_company,brand_list,land_price,land_unit_price,land_buy_date,edu_support,traffic_support,medical_support,business_support,view_support,longitude,latitude,sort,deleted,create_time,update_time FROM loupan WHERE deleted=0 ORDER BY id DESC LIMIT ?
2026-10-04T14:45:19.345+08:00 DEBUG 11360 --- [fang123-backend] [nio-8090-exec-2] c.f.mapper.LoupanMapper.selectList       : ==> Parameters: 10(Long)
2026-10-04T14:45:19.347+08:00 DEBUG 11360 --- [fang123-backend] [nio-8090-exec-2] c.f.mapper.LoupanMapper.selectList       : <==      Total: 2
2026-10-04T14:45:24.109+08:00 DEBUG 11360 --- [fang123-backend] [nio-8090-exec-1] o.s.security.web.FilterChainProxy        : Securing GET /api/public/loupans?page=1&size=200&salesStatus=0,1&light=true
2026-10-04T14:45:24.111+08:00 DEBUG 11360 --- [fang123-backend] [nio-8090-exec-1] o.s.s.w.a.AnonymousAuthenticationFilter  : Set SecurityContextHolder to anonymous SecurityContext
2026-10-04T14:45:24.112+08:00 DEBUG 11360 --- [fang123-backend] [nio-8090-exec-1] o.s.security.web.FilterChainProxy        : Secured GET /api/public/loupans?page=1&size=200&salesStatus=0,1&light=true
2026-10-04T14:45:24.118+08:00 DEBUG 11360 --- [fang123-backend] [nio-8090-exec-1] c.f.m.LoupanMapper.selectList_mpCount    : ==>  Preparing: SELECT COUNT(*) AS total FROM loupan WHERE deleted = 0 AND (sales_status IN (?, ?))
2026-10-04T14:45:24.119+08:00 DEBUG 11360 --- [fang123-backend] [nio-8090-exec-1] c.f.m.LoupanMapper.selectList_mpCount    : ==> Parameters: 0(Integer), 1(Integer)
2026-10-04T14:45:24.121+08:00 DEBUG 11360 --- [fang123-backend] [nio-8090-exec-1] c.f.m.LoupanMapper.selectList_mpCount    : <==      Total: 1
2026-10-04T14:45:24.121+08:00 DEBUG 11360 --- [fang123-backend] [nio-8090-exec-1] c.f.mapper.LoupanMapper.selectList       : ==>  Preparing: SELECT id,project_name,cover_image,longitude,latitude,district,plate,house_type,decorate_type,avg_unit_price,avg_unit_price_yangfang,avg_unit_price_dieshu,avg_unit_price_paiwu,area_min,area_max,sales_status,min_total_price,max_total_price FROM loupan WHERE deleted=0 AND (sales_status IN (?,?)) ORDER BY sort DESC,create_time DESC LIMIT ?
2026-10-04T14:45:24.121+08:00 DEBUG 11360 --- [fang123-backend] [nio-8090-exec-1] c.f.mapper.LoupanMapper.selectList       : ==> Parameters: 0(Integer), 1(Integer), 200(Long)
2026-10-04T14:45:24.122+08:00 DEBUG 11360 --- [fang123-backend] [nio-8090-exec-1] c.f.mapper.LoupanMapper.selectList       : <==      Total: 2
2026-10-04T14:54:35.648+08:00 DEBUG 11360 --- [fang123-backend] [nio-8090-exec-3] o.s.security.web.FilterChainProxy        : Securing GET /api/public/loupans?page=1&size=200&salesStatus=0,1&light=true
2026-10-04T14:54:35.679+08:00 DEBUG 11360 --- [fang123-backend] [nio-8090-exec-3] o.s.s.w.a.AnonymousAuthenticationFilter  : Set SecurityContextHolder to anonymous SecurityContext
2026-10-04T14:54:35.679+08:00 DEBUG 11360 --- [fang123-backend] [nio-8090-exec-3] o.s.security.web.FilterChainProxy        : Secured GET /api/public/loupans?page=1&size=200&salesStatus=0,1&light=true
2026-10-04T14:54:35.712+08:00 DEBUG 11360 --- [fang123-backend] [nio-8090-exec-3] c.f.m.LoupanMapper.selectList_mpCount    : ==>  Preparing: SELECT COUNT(*) AS total FROM loupan WHERE deleted = 0 AND (sales_status IN (?, ?))
2026-10-04T14:54:35.713+08:00 DEBUG 11360 --- [fang123-backend] [nio-8090-exec-3] c.f.m.LoupanMapper.selectList_mpCount    : ==> Parameters: 0(Integer), 1(Integer)
2026-10-04T14:54:35.776+08:00 DEBUG 11360 --- [fang123-backend] [nio-8090-exec-3] c.f.m.LoupanMapper.selectList_mpCount    : <==      Total: 1
2026-10-04T14:54:35.777+08:00 DEBUG 11360 --- [fang123-backend] [nio-8090-exec-3] c.f.mapper.LoupanMapper.selectList       : ==>  Preparing: SELECT id,project_name,cover_image,longitude,latitude,district,plate,house_type,decorate_type,avg_unit_price,avg_unit_price_yangfang,avg_unit_price_dieshu,avg_unit_price_paiwu,area_min,area_max,sales_status,min_total_price,max_total_price FROM loupan WHERE deleted=0 AND (sales_status IN (?,?)) ORDER BY sort DESC,create_time DESC LIMIT ?
2026-10-04T14:54:35.778+08:00 DEBUG 11360 --- [fang123-backend] [nio-8090-exec-3] c.f.mapper.LoupanMapper.selectList       : ==> Parameters: 0(Integer), 1(Integer), 200(Long)
2026-10-04T14:54:35.784+08:00 DEBUG 11360 --- [fang123-backend] [nio-8090-exec-3] c.f.mapper.LoupanMapper.selectList       : <==      Total: 2
2026-10-04T14:54:35.958+08:00 DEBUG 11360 --- [fang123-backend] [io-8090-exec-10] o.s.security.web.FilterChainProxy        : Securing GET /api/admin/loupans/districts
2026-10-04T14:54:35.958+08:00 DEBUG 11360 --- [fang123-backend] [nio-8090-exec-6] o.s.security.web.FilterChainProxy        : Securing GET /api/admin/loupans?page=1&size=10
2026-10-04T14:54:35.963+08:00 DEBUG 11360 --- [fang123-backend] [io-8090-exec-10] o.s.security.web.FilterChainProxy        : Secured GET /api/admin/loupans/districts
2026-10-04T14:54:35.963+08:00 DEBUG 11360 --- [fang123-backend] [nio-8090-exec-6] o.s.security.web.FilterChainProxy        : Secured GET /api/admin/loupans?page=1&size=10
2026-10-04T14:54:35.966+08:00 DEBUG 11360 --- [fang123-backend] [io-8090-exec-10] c.f.mapper.LoupanMapper.selectList       : ==>  Preparing: SELECT district FROM loupan WHERE deleted=0 AND (district IS NOT NULL)
2026-10-04T14:54:35.966+08:00 DEBUG 11360 --- [fang123-backend] [io-8090-exec-10] c.f.mapper.LoupanMapper.selectList       : ==> Parameters: 
2026-10-04T14:54:35.971+08:00 DEBUG 11360 --- [fang123-backend] [nio-8090-exec-6] c.f.m.LoupanMapper.selectList_mpCount    : ==>  Preparing: SELECT COUNT(*) AS total FROM loupan WHERE deleted = 0
2026-10-04T14:54:35.971+08:00 DEBUG 11360 --- [fang123-backend] [nio-8090-exec-6] c.f.m.LoupanMapper.selectList_mpCount    : ==> Parameters: 
2026-10-04T14:54:35.972+08:00 DEBUG 11360 --- [fang123-backend] [nio-8090-exec-6] c.f.m.LoupanMapper.selectList_mpCount    : <==      Total: 1
2026-10-04T14:54:35.973+08:00 DEBUG 11360 --- [fang123-backend] [nio-8090-exec-6] c.f.mapper.LoupanMapper.selectList       : ==>  Preparing: SELECT id,land_id,land_no,cover_image,project_name,short_name,district,plate,avg_unit_price,avg_unit_price_yangfang,avg_unit_price_dieshu,avg_unit_price_paiwu,min_total_price,max_total_price,price_tag,sales_address,sales_status,sales_tel,project_address,show_house_desc,opening_date,delivery_date,floor_height_min,floor_height_max,building_total,floor_min,floor_max,area_min,area_max,decorate_type,property_right_year,house_type,community_facility,people_car_separate,property_fee_high,property_fee_villa,property_company,park_total,park_sell_num,park_ratio,facade_material,self_hold_rate,build_area,land_area,house_total,plot_ratio,green_rate,project_company,brand_list,land_price,land_unit_price,land_buy_date,edu_support,traffic_support,medical_support,business_support,view_support,longitude,latitude,sort,deleted,create_time,update_time FROM loupan WHERE deleted=0 ORDER BY id DESC LIMIT ?
2026-10-04T14:54:35.973+08:00 DEBUG 11360 --- [fang123-backend] [nio-8090-exec-6] c.f.mapper.LoupanMapper.selectList       : ==> Parameters: 10(Long)
2026-10-04T14:54:35.977+08:00 DEBUG 11360 --- [fang123-backend] [nio-8090-exec-6] c.f.mapper.LoupanMapper.selectList       : <==      Total: 2
2026-10-04T14:54:35.977+08:00 DEBUG 11360 --- [fang123-backend] [io-8090-exec-10] c.f.mapper.LoupanMapper.selectList       : <==      Total: 2
2026-10-04T16:43:53.134+08:00 DEBUG 11360 --- [fang123-backend] [nio-8090-exec-7] o.s.security.web.FilterChainProxy        : Securing GET /api/public/loupan-filters
2026-10-04T16:43:53.134+08:00 DEBUG 11360 --- [fang123-backend] [nio-8090-exec-9] o.s.security.web.FilterChainProxy        : Securing GET /api/public/loupans?page=1&size=10&salesStatus=2,3
2026-10-04T16:43:53.146+08:00 DEBUG 11360 --- [fang123-backend] [nio-8090-exec-9] o.s.s.w.a.AnonymousAuthenticationFilter  : Set SecurityContextHolder to anonymous SecurityContext
2026-10-04T16:43:53.146+08:00 DEBUG 11360 --- [fang123-backend] [nio-8090-exec-7] o.s.s.w.a.AnonymousAuthenticationFilter  : Set SecurityContextHolder to anonymous SecurityContext
2026-10-04T16:43:53.147+08:00 DEBUG 11360 --- [fang123-backend] [nio-8090-exec-9] o.s.security.web.FilterChainProxy        : Secured GET /api/public/loupans?page=1&size=10&salesStatus=2,3
2026-10-04T16:43:53.147+08:00 DEBUG 11360 --- [fang123-backend] [nio-8090-exec-7] o.s.security.web.FilterChainProxy        : Secured GET /api/public/loupan-filters
2026-10-04T16:43:53.153+08:00 DEBUG 11360 --- [fang123-backend] [nio-8090-exec-7] c.f.mapper.LoupanMapper.selectList       : ==>  Preparing: SELECT id,land_id,land_no,cover_image,project_name,short_name,district,plate,avg_unit_price,avg_unit_price_yangfang,avg_unit_price_dieshu,avg_unit_price_paiwu,min_total_price,max_total_price,price_tag,sales_address,sales_status,sales_tel,project_address,show_house_desc,opening_date,delivery_date,floor_height_min,floor_height_max,building_total,floor_min,floor_max,area_min,area_max,decorate_type,property_right_year,house_type,community_facility,people_car_separate,property_fee_high,property_fee_villa,property_company,park_total,park_sell_num,park_ratio,facade_material,self_hold_rate,build_area,land_area,house_total,plot_ratio,green_rate,project_company,brand_list,land_price,land_unit_price,land_buy_date,edu_support,traffic_support,medical_support,business_support,view_support,longitude,latitude,sort,deleted,create_time,update_time FROM loupan WHERE deleted=0
2026-10-04T16:43:53.153+08:00 DEBUG 11360 --- [fang123-backend] [nio-8090-exec-7] c.f.mapper.LoupanMapper.selectList       : ==> Parameters: 
2026-10-04T16:43:53.159+08:00 DEBUG 11360 --- [fang123-backend] [nio-8090-exec-9] c.f.m.LoupanMapper.selectList_mpCount    : ==>  Preparing: SELECT COUNT(*) AS total FROM loupan WHERE deleted = 0 AND (sales_status IN (?, ?))
2026-10-04T16:43:53.159+08:00 DEBUG 11360 --- [fang123-backend] [nio-8090-exec-9] c.f.m.LoupanMapper.selectList_mpCount    : ==> Parameters: 2(Integer), 3(Integer)
2026-10-04T16:43:53.177+08:00 DEBUG 11360 --- [fang123-backend] [nio-8090-exec-9] c.f.m.LoupanMapper.selectList_mpCount    : <==      Total: 1
2026-10-04T16:43:53.179+08:00 DEBUG 11360 --- [fang123-backend] [nio-8090-exec-7] c.f.mapper.LoupanMapper.selectList       : <==      Total: 2
2026-10-04T17:20:03.289+08:00 DEBUG 11360 --- [fang123-backend] [nio-8090-exec-8] o.s.security.web.FilterChainProxy        : Securing GET /api/public/loupans?page=1&size=10&salesStatus=2,3
2026-10-04T17:20:03.289+08:00 DEBUG 11360 --- [fang123-backend] [nio-8090-exec-5] o.s.security.web.FilterChainProxy        : Securing GET /api/public/loupan-filters
2026-10-04T17:20:03.295+08:00 DEBUG 11360 --- [fang123-backend] [nio-8090-exec-5] o.s.s.w.a.AnonymousAuthenticationFilter  : Set SecurityContextHolder to anonymous SecurityContext
2026-10-04T17:20:03.296+08:00 DEBUG 11360 --- [fang123-backend] [nio-8090-exec-5] o.s.security.web.FilterChainProxy        : Secured GET /api/public/loupan-filters
2026-10-04T17:20:03.297+08:00 DEBUG 11360 --- [fang123-backend] [nio-8090-exec-8] o.s.s.w.a.AnonymousAuthenticationFilter  : Set SecurityContextHolder to anonymous SecurityContext
2026-10-04T17:20:03.297+08:00 DEBUG 11360 --- [fang123-backend] [nio-8090-exec-8] o.s.security.web.FilterChainProxy        : Secured GET /api/public/loupans?page=1&size=10&salesStatus=2,3
2026-10-04T17:20:03.302+08:00 DEBUG 11360 --- [fang123-backend] [nio-8090-exec-5] c.f.mapper.LoupanMapper.selectList       : ==>  Preparing: SELECT id,land_id,land_no,cover_image,project_name,short_name,district,plate,avg_unit_price,avg_unit_price_yangfang,avg_unit_price_dieshu,avg_unit_price_paiwu,min_total_price,max_total_price,price_tag,sales_address,sales_status,sales_tel,project_address,show_house_desc,opening_date,delivery_date,floor_height_min,floor_height_max,building_total,floor_min,floor_max,area_min,area_max,decorate_type,property_right_year,house_type,community_facility,people_car_separate,property_fee_high,property_fee_villa,property_company,park_total,park_sell_num,park_ratio,facade_material,self_hold_rate,build_area,land_area,house_total,plot_ratio,green_rate,project_company,brand_list,land_price,land_unit_price,land_buy_date,edu_support,traffic_support,medical_support,business_support,view_support,longitude,latitude,sort,deleted,create_time,update_time FROM loupan WHERE deleted=0
2026-10-04T17:20:03.303+08:00 DEBUG 11360 --- [fang123-backend] [nio-8090-exec-5] c.f.mapper.LoupanMapper.selectList       : ==> Parameters: 
2026-10-04T17:20:03.307+08:00 DEBUG 11360 --- [fang123-backend] [nio-8090-exec-8] c.f.m.LoupanMapper.selectList_mpCount    : ==>  Preparing: SELECT COUNT(*) AS total FROM loupan WHERE deleted = 0 AND (sales_status IN (?, ?))
2026-10-04T17:20:03.307+08:00 DEBUG 11360 --- [fang123-backend] [nio-8090-exec-8] c.f.m.LoupanMapper.selectList_mpCount    : ==> Parameters: 2(Integer), 3(Integer)
2026-10-04T17:20:03.334+08:00 DEBUG 11360 --- [fang123-backend] [nio-8090-exec-8] c.f.m.LoupanMapper.selectList_mpCount    : <==      Total: 1
2026-10-04T17:20:03.336+08:00 DEBUG 11360 --- [fang123-backend] [nio-8090-exec-5] c.f.mapper.LoupanMapper.selectList       : <==      Total: 2
2026-10-04T17:20:03.373+08:00 DEBUG 11360 --- [fang123-backend] [nio-8090-exec-4] o.s.security.web.FilterChainProxy        : Securing GET /api/admin/loupans?page=1&size=10
2026-10-04T17:20:03.373+08:00 DEBUG 11360 --- [fang123-backend] [nio-8090-exec-2] o.s.security.web.FilterChainProxy        : Securing GET /api/admin/loupans/districts
2026-10-04T17:20:03.375+08:00 DEBUG 11360 --- [fang123-backend] [nio-8090-exec-4] o.s.security.web.FilterChainProxy        : Secured GET /api/admin/loupans?page=1&size=10
2026-10-04T17:20:03.375+08:00 DEBUG 11360 --- [fang123-backend] [nio-8090-exec-2] o.s.security.web.FilterChainProxy        : Secured GET /api/admin/loupans/districts
2026-10-04T17:20:03.377+08:00 DEBUG 11360 --- [fang123-backend] [nio-8090-exec-2] c.f.mapper.LoupanMapper.selectList       : ==>  Preparing: SELECT district FROM loupan WHERE deleted=0 AND (district IS NOT NULL)
2026-10-04T17:20:03.378+08:00 DEBUG 11360 --- [fang123-backend] [nio-8090-exec-2] c.f.mapper.LoupanMapper.selectList       : ==> Parameters: 
2026-10-04T17:20:03.380+08:00 DEBUG 11360 --- [fang123-backend] [nio-8090-exec-2] c.f.mapper.LoupanMapper.selectList       : <==      Total: 2
2026-10-04T17:20:03.380+08:00 DEBUG 11360 --- [fang123-backend] [nio-8090-exec-4] c.f.m.LoupanMapper.selectList_mpCount    : ==>  Preparing: SELECT COUNT(*) AS total FROM loupan WHERE deleted = 0
2026-10-04T17:20:03.381+08:00 DEBUG 11360 --- [fang123-backend] [nio-8090-exec-4] c.f.m.LoupanMapper.selectList_mpCount    : ==> Parameters: 
2026-10-04T17:20:03.382+08:00 DEBUG 11360 --- [fang123-backend] [nio-8090-exec-4] c.f.m.LoupanMapper.selectList_mpCount    : <==      Total: 1
2026-10-04T17:20:03.383+08:00 DEBUG 11360 --- [fang123-backend] [nio-8090-exec-4] c.f.mapper.LoupanMapper.selectList       : ==>  Preparing: SELECT id,land_id,land_no,cover_image,project_name,short_name,district,plate,avg_unit_price,avg_unit_price_yangfang,avg_unit_price_dieshu,avg_unit_price_paiwu,min_total_price,max_total_price,price_tag,sales_address,sales_status,sales_tel,project_address,show_house_desc,opening_date,delivery_date,floor_height_min,floor_height_max,building_total,floor_min,floor_max,area_min,area_max,decorate_type,property_right_year,house_type,community_facility,people_car_separate,property_fee_high,property_fee_villa,property_company,park_total,park_sell_num,park_ratio,facade_material,self_hold_rate,build_area,land_area,house_total,plot_ratio,green_rate,project_company,brand_list,land_price,land_unit_price,land_buy_date,edu_support,traffic_support,medical_support,business_support,view_support,longitude,latitude,sort,deleted,create_time,update_time FROM loupan WHERE deleted=0 ORDER BY id DESC LIMIT ?
2026-10-04T17:20:03.384+08:00 DEBUG 11360 --- [fang123-backend] [nio-8090-exec-4] c.f.mapper.LoupanMapper.selectList       : ==> Parameters: 10(Long)
2026-10-04T17:20:03.387+08:00 DEBUG 11360 --- [fang123-backend] [nio-8090-exec-4] c.f.mapper.LoupanMapper.selectList       : <==      Total: 2
2026-10-04T18:19:38.446+08:00  WARN 11360 --- [fang123-backend] [l-1 housekeeper] com.zaxxer.hikari.pool.HikariPool        : HikariPool-1 - Thread starvation or clock leap detected (housekeeper delta=30m17s825ms).
2026-10-04T19:01:43.060+08:00  WARN 11360 --- [fang123-backend] [l-1 housekeeper] com.zaxxer.hikari.pool.HikariPool        : HikariPool-1 - Thread starvation or clock leap detected (housekeeper delta=42m4s617ms).
2026-10-04T19:05:46.124+08:00  WARN 11360 --- [fang123-backend] [l-1 housekeeper] com.zaxxer.hikari.pool.HikariPool        : HikariPool-1 - Thread starvation or clock leap detected (housekeeper delta=4m3s64ms).
2026-10-04T20:06:38.394+08:00  WARN 11360 --- [fang123-backend] [l-1 housekeeper] com.zaxxer.hikari.pool.HikariPool        : HikariPool-1 - Thread starvation or clock leap detected (housekeeper delta=1h52s271ms).
2026-10-04T21:20:18.587+08:00  WARN 11360 --- [fang123-backend] [l-1 housekeeper] com.zaxxer.hikari.pool.HikariPool        : HikariPool-1 - Thread starvation or clock leap detected (housekeeper delta=1h13m40s193ms).
2026-10-04T21:36:52.222+08:00  WARN 11360 --- [fang123-backend] [l-1 housekeeper] com.zaxxer.hikari.pool.HikariPool        : HikariPool-1 - Thread starvation or clock leap detected (housekeeper delta=16m33s634ms).
2026-10-04T21:53:36.920+08:00  WARN 11360 --- [fang123-backend] [l-1 housekeeper] com.zaxxer.hikari.pool.HikariPool        : HikariPool-1 - Thread starvation or clock leap detected (housekeeper delta=16m44s698ms).
2026-10-04T22:08:38.376+08:00  WARN 11360 --- [fang123-backend] [l-1 housekeeper] com.zaxxer.hikari.pool.HikariPool        : HikariPool-1 - Thread starvation or clock leap detected (housekeeper delta=15m1s456ms).
2026-10-04T22:25:24.371+08:00  WARN 11360 --- [fang123-backend] [l-1 housekeeper] com.zaxxer.hikari.pool.HikariPool        : HikariPool-1 - Thread starvation or clock leap detected (housekeeper delta=16m45s995ms).
2026-10-04T23:00:25.394+08:00  WARN 11360 --- [fang123-backend] [l-1 housekeeper] com.zaxxer.hikari.pool.HikariPool        : HikariPool-1 - Thread starvation or clock leap detected (housekeeper delta=35m1s24ms).
2026-10-04T23:09:43.379+08:00  WARN 11360 --- [fang123-backend] [l-1 housekeeper] com.zaxxer.hikari.pool.HikariPool        : HikariPool-1 - Thread starvation or clock leap detected (housekeeper delta=9m17s984ms).
2026-10-04T23:11:52.564+08:00  WARN 11360 --- [fang123-backend] [l-1 housekeeper] com.zaxxer.hikari.pool.HikariPool        : HikariPool-1 - Thread starvation or clock leap detected (housekeeper delta=2m9s185ms).
2026-10-04T23:14:52.706+08:00  WARN 11360 --- [fang123-backend] [l-1 housekeeper] com.zaxxer.hikari.pool.HikariPool        : HikariPool-1 - Thread starvation or clock leap detected (housekeeper delta=3m142ms).
2026-10-05T00:02:12.000+08:00  WARN 11360 --- [fang123-backend] [l-1 housekeeper] com.zaxxer.hikari.pool.HikariPool        : HikariPool-1 - Thread starvation or clock leap detected (housekeeper delta=10m18s899ms).
2026-10-05T00:03:36.897+08:00  WARN 11360 --- [fang123-backend] [l-1 housekeeper] com.zaxxer.hikari.pool.HikariPool        : HikariPool-1 - Thread starvation or clock leap detected (housekeeper delta=1m24s899ms).
2026-10-05T00:20:22.127+08:00  WARN 11360 --- [fang123-backend] [l-1 housekeeper] com.zaxxer.hikari.pool.HikariPool        : HikariPool-1 - Thread starvation or clock leap detected (housekeeper delta=16m45s230ms).
2026-10-05T00:38:32.816+08:00  WARN 11360 --- [fang123-backend] [l-1 housekeeper] com.zaxxer.hikari.pool.HikariPool        : HikariPool-1 - Thread starvation or clock leap detected (housekeeper delta=18m10s689ms).
2026-10-05T00:52:13.696+08:00  WARN 11360 --- [fang123-backend] [l-1 housekeeper] com.zaxxer.hikari.pool.HikariPool        : HikariPool-1 - Thread starvation or clock leap detected (housekeeper delta=13m40s881ms).
2026-10-05T00:54:23.026+08:00  WARN 11360 --- [fang123-backend] [l-1 housekeeper] com.zaxxer.hikari.pool.HikariPool        : HikariPool-1 - Thread starvation or clock leap detected (housekeeper delta=2m9s330ms).
2026-10-05T01:11:40.427+08:00  WARN 11360 --- [fang123-backend] [l-1 housekeeper] com.zaxxer.hikari.pool.HikariPool        : HikariPool-1 - Thread starvation or clock leap detected (housekeeper delta=17m17s400ms).
2026-10-05T01:29:47.787+08:00  WARN 11360 --- [fang123-backend] [l-1 housekeeper] com.zaxxer.hikari.pool.HikariPool        : HikariPool-1 - Thread starvation or clock leap detected (housekeeper delta=18m7s360ms).
2026-10-05T01:53:06.786+08:00  WARN 11360 --- [fang123-backend] [l-1 housekeeper] com.zaxxer.hikari.pool.HikariPool        : HikariPool-1 - Thread starvation or clock leap detected (housekeeper delta=23m18s999ms).
2026-10-05T03:15:28.591+08:00  WARN 11360 --- [fang123-backend] [l-1 housekeeper] com.zaxxer.hikari.pool.HikariPool        : HikariPool-1 - Thread starvation or clock leap detected (housekeeper delta=1h22m21s805ms).
2026-10-05T03:51:04.731+08:00  WARN 11360 --- [fang123-backend] [l-1 housekeeper] com.zaxxer.hikari.pool.HikariPool        : HikariPool-1 - Thread starvation or clock leap detected (housekeeper delta=35m36s140ms).
2026-10-05T04:07:50.104+08:00  WARN 11360 --- [fang123-backend] [l-1 housekeeper] com.zaxxer.hikari.pool.HikariPool        : HikariPool-1 - Thread starvation or clock leap detected (housekeeper delta=16m45s374ms).
2026-10-05T04:09:09.633+08:00  WARN 11360 --- [fang123-backend] [l-1 housekeeper] com.zaxxer.hikari.pool.HikariPool        : HikariPool-1 - Thread starvation or clock leap detected (housekeeper delta=1m19s528ms).
2026-10-05T04:25:31.194+08:00  WARN 11360 --- [fang123-backend] [l-1 housekeeper] com.zaxxer.hikari.pool.HikariPool        : HikariPool-1 - Thread starvation or clock leap detected (housekeeper delta=16m21s561ms).
2026-10-05T04:41:56.720+08:00  WARN 11360 --- [fang123-backend] [l-1 housekeeper] com.zaxxer.hikari.pool.HikariPool        : HikariPool-1 - Thread starvation or clock leap detected (housekeeper delta=16m25s526ms).
2026-10-05T04:44:05.973+08:00  WARN 11360 --- [fang123-backend] [l-1 housekeeper] com.zaxxer.hikari.pool.HikariPool        : HikariPool-1 - Thread starvation or clock leap detected (housekeeper delta=2m9s253ms).
2026-10-05T05:17:40.923+08:00  WARN 11360 --- [fang123-backend] [l-1 housekeeper] com.zaxxer.hikari.pool.HikariPool        : HikariPool-1 - Thread starvation or clock leap detected (housekeeper delta=33m34s950ms).
2026-10-05T05:34:19.859+08:00  WARN 11360 --- [fang123-backend] [l-1 housekeeper] com.zaxxer.hikari.pool.HikariPool        : HikariPool-1 - Thread starvation or clock leap detected (housekeeper delta=16m38s936ms).
2026-10-05T05:36:04.354+08:00  WARN 11360 --- [fang123-backend] [l-1 housekeeper] com.zaxxer.hikari.pool.HikariPool        : HikariPool-1 - Thread starvation or clock leap detected (housekeeper delta=1m44s495ms).
2026-10-05T05:51:57.087+08:00  WARN 11360 --- [fang123-backend] [l-1 housekeeper] com.zaxxer.hikari.pool.HikariPool        : HikariPool-1 - Thread starvation or clock leap detected (housekeeper delta=15m52s733ms).
2026-10-05T06:08:17.685+08:00  WARN 11360 --- [fang123-backend] [l-1 housekeeper] com.zaxxer.hikari.pool.HikariPool        : HikariPool-1 - Thread starvation or clock leap detected (housekeeper delta=16m20s598ms).
2026-10-05T06:25:27.735+08:00  WARN 11360 --- [fang123-backend] [l-1 housekeeper] com.zaxxer.hikari.pool.HikariPool        : HikariPool-1 - Thread starvation or clock leap detected (housekeeper delta=17m10s50ms).
2026-10-05T06:27:36.900+08:00  WARN 11360 --- [fang123-backend] [l-1 housekeeper] com.zaxxer.hikari.pool.HikariPool        : HikariPool-1 - Thread starvation or clock leap detected (housekeeper delta=2m9s165ms).
2026-10-05T07:01:39.947+08:00  WARN 11360 --- [fang123-backend] [l-1 housekeeper] com.zaxxer.hikari.pool.HikariPool        : HikariPool-1 - Thread starvation or clock leap detected (housekeeper delta=34m3s48ms).
2026-10-05T07:03:24.444+08:00  WARN 11360 --- [fang123-backend] [l-1 housekeeper] com.zaxxer.hikari.pool.HikariPool        : HikariPool-1 - Thread starvation or clock leap detected (housekeeper delta=1m44s496ms).
2026-10-05T07:20:35.883+08:00  WARN 11360 --- [fang123-backend] [l-1 housekeeper] com.zaxxer.hikari.pool.HikariPool        : HikariPool-1 - Thread starvation or clock leap detected (housekeeper delta=17m11s440ms).
2026-10-05T07:50:59.993+08:00  WARN 11360 --- [fang123-backend] [l-1 housekeeper] com.zaxxer.hikari.pool.HikariPool        : HikariPool-1 - Thread starvation or clock leap detected (housekeeper delta=30m24s109ms).
2026-10-05T08:06:55.761+08:00  WARN 11360 --- [fang123-backend] [l-1 housekeeper] com.zaxxer.hikari.pool.HikariPool        : HikariPool-1 - Thread starvation or clock leap detected (housekeeper delta=15m55s768ms).
2026-10-05T08:09:04.915+08:00  WARN 11360 --- [fang123-backend] [l-1 housekeeper] com.zaxxer.hikari.pool.HikariPool        : HikariPool-1 - Thread starvation or clock leap detected (housekeeper delta=2m9s154ms).
2026-10-05T08:23:31.624+08:00  WARN 11360 --- [fang123-backend] [l-1 housekeeper] com.zaxxer.hikari.pool.HikariPool        : HikariPool-1 - Thread starvation or clock leap detected (housekeeper delta=14m26s707ms).
2026-10-05T09:25:58.214+08:00  WARN 11360 --- [fang123-backend] [l-1 housekeeper] com.zaxxer.hikari.pool.HikariPool        : HikariPool-1 - Thread starvation or clock leap detected (housekeeper delta=1h2m26s591ms).
2026-10-05T09:48:39.100+08:00  WARN 11360 --- [fang123-backend] [l-1 housekeeper] com.zaxxer.hikari.pool.HikariPool        : HikariPool-1 - Thread starvation or clock leap detected (housekeeper delta=22m40s887ms).
2026-10-05T11:04:34.007+08:00  WARN 11360 --- [fang123-backend] [l-1 housekeeper] com.zaxxer.hikari.pool.HikariPool        : HikariPool-1 - Thread starvation or clock leap detected (housekeeper delta=53m54s674ms).
2026-10-05T12:18:16.800+08:00  WARN 11360 --- [fang123-backend] [l-1 housekeeper] com.zaxxer.hikari.pool.HikariPool        : HikariPool-1 - Thread starvation or clock leap detected (housekeeper delta=57m12s622ms).
2026-10-05T12:39:11.223+08:00  WARN 11360 --- [fang123-backend] [l-1 housekeeper] com.zaxxer.hikari.pool.HikariPool        : HikariPool-1 - Thread starvation or clock leap detected (housekeeper delta=10m24s325ms).
2026-10-05T13:01:49.979+08:00  WARN 11360 --- [fang123-backend] [l-1 housekeeper] com.zaxxer.hikari.pool.HikariPool        : HikariPool-1 - Thread starvation or clock leap detected (housekeeper delta=22m38s754ms).
2026-10-05T14:26:19.230+08:00  WARN 11360 --- [fang123-backend] [l-1 housekeeper] com.zaxxer.hikari.pool.HikariPool        : HikariPool-1 - Thread starvation or clock leap detected (housekeeper delta=1h16m59s170ms).
2026-10-05T14:53:11.403+08:00  WARN 11360 --- [fang123-backend] [l-1 housekeeper] com.zaxxer.hikari.pool.HikariPool        : HikariPool-1 - Thread starvation or clock leap detected (housekeeper delta=26m52s170ms).
2026-10-05T15:55:51.254+08:00  WARN 11360 --- [fang123-backend] [l-1 housekeeper] com.zaxxer.hikari.pool.HikariPool        : HikariPool-1 - Thread starvation or clock leap detected (housekeeper delta=59m59s57ms).
2026-10-05T16:20:48.035+08:00  WARN 11360 --- [fang123-backend] [l-1 housekeeper] com.zaxxer.hikari.pool.HikariPool        : HikariPool-1 - Thread starvation or clock leap detected (housekeeper delta=24m56s782ms).
2026-10-05T17:43:13.001+08:00 DEBUG 11360 --- [fang123-backend] [nio-8090-exec-1] o.s.security.web.FilterChainProxy        : Securing GET /api/public/loupan-spotlight/counts
2026-10-05T17:43:13.001+08:00 DEBUG 11360 --- [fang123-backend] [io-8090-exec-10] o.s.security.web.FilterChainProxy        : Securing GET /api/public/loupan-filters
2026-10-05T17:43:13.001+08:00 DEBUG 11360 --- [fang123-backend] [nio-8090-exec-3] o.s.security.web.FilterChainProxy        : Securing GET /api/public/loupans?page=1&size=12&salesStatus=1
2026-10-05T17:43:13.248+08:00 DEBUG 11360 --- [fang123-backend] [nio-8090-exec-3] o.s.s.w.a.AnonymousAuthenticationFilter  : Set SecurityContextHolder to anonymous SecurityContext
2026-10-05T17:43:13.248+08:00 DEBUG 11360 --- [fang123-backend] [io-8090-exec-10] o.s.s.w.a.AnonymousAuthenticationFilter  : Set SecurityContextHolder to anonymous SecurityContext
2026-10-05T17:43:13.248+08:00 DEBUG 11360 --- [fang123-backend] [nio-8090-exec-1] o.s.s.w.a.AnonymousAuthenticationFilter  : Set SecurityContextHolder to anonymous SecurityContext
2026-10-05T17:43:13.253+08:00 DEBUG 11360 --- [fang123-backend] [nio-8090-exec-3] o.s.security.web.FilterChainProxy        : Secured GET /api/public/loupans?page=1&size=12&salesStatus=1
2026-10-05T17:43:13.253+08:00 DEBUG 11360 --- [fang123-backend] [nio-8090-exec-1] o.s.security.web.FilterChainProxy        : Secured GET /api/public/loupan-spotlight/counts
2026-10-05T17:43:13.253+08:00 DEBUG 11360 --- [fang123-backend] [io-8090-exec-10] o.s.security.web.FilterChainProxy        : Secured GET /api/public/loupan-filters
2026-10-05T17:43:13.311+08:00 DEBUG 11360 --- [fang123-backend] [nio-8090-exec-1] c.f.m.L.selectList                       : ==>  Preparing: SELECT id,loupan_id,project_name,publicity_date,issue_date,develop_company,location,sale_address,sale_phone,online_sale_area,permit_no,permit_no_str,deleted,create_time,update_time FROM loupan_presale_permit WHERE deleted=0 AND (loupan_id IS NOT NULL AND publicity_date IS NOT NULL AND publicity_date <= ? AND issue_date IS NOT NULL AND issue_date > ? AND publicity_date < issue_date) ORDER BY publicity_date DESC,id DESC
2026-10-05T17:43:13.311+08:00 DEBUG 11360 --- [fang123-backend] [io-8090-exec-10] c.f.mapper.LoupanMapper.selectList       : ==>  Preparing: SELECT id,land_id,land_no,cover_image,project_name,short_name,district,plate,avg_unit_price,avg_unit_price_yangfang,avg_unit_price_dieshu,avg_unit_price_paiwu,min_total_price,max_total_price,price_tag,sales_address,sales_status,sales_tel,project_address,show_house_desc,opening_date,delivery_date,floor_height_min,floor_height_max,building_total,floor_min,floor_max,area_min,area_max,decorate_type,property_right_year,house_type,community_facility,people_car_separate,property_fee_high,property_fee_villa,property_company,park_total,park_sell_num,park_ratio,facade_material,self_hold_rate,build_area,land_area,house_total,plot_ratio,green_rate,project_company,brand_list,land_price,land_unit_price,land_buy_date,edu_support,traffic_support,medical_support,business_support,view_support,longitude,latitude,sort,deleted,create_time,update_time FROM loupan WHERE deleted=0
2026-10-05T17:43:13.315+08:00 DEBUG 11360 --- [fang123-backend] [io-8090-exec-10] c.f.mapper.LoupanMapper.selectList       : ==> Parameters: 
2026-10-05T17:43:13.316+08:00 DEBUG 11360 --- [fang123-backend] [nio-8090-exec-1] c.f.m.L.selectList                       : ==> Parameters: 2026-10-05(LocalDate), 2026-10-05(LocalDate)
2026-10-05T17:43:13.325+08:00 DEBUG 11360 --- [fang123-backend] [nio-8090-exec-3] c.f.m.LoupanMapper.selectList_mpCount    : ==>  Preparing: SELECT COUNT(*) AS total FROM loupan WHERE deleted = 0 AND (sales_status IN (?))
2026-10-05T17:43:13.326+08:00 DEBUG 11360 --- [fang123-backend] [nio-8090-exec-3] c.f.m.LoupanMapper.selectList_mpCount    : ==> Parameters: 1(Integer)
2026-10-05T17:43:13.376+08:00 DEBUG 11360 --- [fang123-backend] [nio-8090-exec-1] c.f.m.L.selectList                       : <==      Total: 0
2026-10-05T17:43:13.377+08:00 DEBUG 11360 --- [fang123-backend] [nio-8090-exec-3] c.f.m.LoupanMapper.selectList_mpCount    : <==      Total: 1
2026-10-05T17:43:13.380+08:00 DEBUG 11360 --- [fang123-backend] [nio-8090-exec-3] c.f.mapper.LoupanMapper.selectList       : ==>  Preparing: SELECT id,land_id,land_no,cover_image,project_name,short_name,district,plate,avg_unit_price,avg_unit_price_yangfang,avg_unit_price_dieshu,avg_unit_price_paiwu,min_total_price,max_total_price,price_tag,sales_address,sales_status,sales_tel,project_address,show_house_desc,opening_date,delivery_date,floor_height_min,floor_height_max,building_total,floor_min,floor_max,area_min,area_max,decorate_type,property_right_year,house_type,community_facility,people_car_separate,property_fee_high,property_fee_villa,property_company,park_total,park_sell_num,park_ratio,facade_material,self_hold_rate,build_area,land_area,house_total,plot_ratio,green_rate,project_company,brand_list,land_price,land_unit_price,land_buy_date,edu_support,traffic_support,medical_support,business_support,view_support,longitude,latitude,sort,deleted,create_time,update_time FROM loupan WHERE deleted=0 AND (sales_status IN (?)) ORDER BY sort DESC,create_time DESC LIMIT ?
2026-10-05T17:43:13.381+08:00 DEBUG 11360 --- [fang123-backend] [nio-8090-exec-3] c.f.mapper.LoupanMapper.selectList       : ==> Parameters: 1(Integer), 12(Long)
2026-10-05T17:43:13.381+08:00 DEBUG 11360 --- [fang123-backend] [nio-8090-exec-1] c.f.m.L.selectList                       : ==>  Preparing: SELECT id,loupan_id,project_name,publicity_date,issue_date,develop_company,location,sale_address,sale_phone,online_sale_area,permit_no,permit_no_str,deleted,create_time,update_time FROM loupan_presale_permit WHERE deleted=0 AND (loupan_id IS NOT NULL AND issue_date IS NOT NULL AND issue_date >= ? AND issue_date <= ?) ORDER BY issue_date DESC,id DESC
2026-10-05T17:43:13.381+08:00 DEBUG 11360 --- [fang123-backend] [nio-8090-exec-1] c.f.m.L.selectList                       : ==> Parameters: 2026-09-28(LocalDate), 2026-10-05(LocalDate)
2026-10-05T17:43:13.382+08:00 DEBUG 11360 --- [fang123-backend] [nio-8090-exec-1] c.f.m.L.selectList                       : <==      Total: 0
2026-10-05T17:43:13.382+08:00 DEBUG 11360 --- [fang123-backend] [nio-8090-exec-1] c.f.c.LoupanSpotlightController          : [spotlight] counts today=2026-10-05 presale=0 opening=0
2026-10-05T17:43:13.383+08:00 DEBUG 11360 --- [fang123-backend] [nio-8090-exec-3] c.f.mapper.LoupanMapper.selectList       : <==      Total: 2
2026-10-05T17:43:13.383+08:00 DEBUG 11360 --- [fang123-backend] [io-8090-exec-10] c.f.mapper.LoupanMapper.selectList       : <==      Total: 2
2026-10-05T17:43:18.171+08:00 DEBUG 11360 --- [fang123-backend] [nio-8090-exec-9] o.s.security.web.FilterChainProxy        : Securing GET /api/public/loupans?page=1&size=12&salesStatus=1
2026-10-05T17:43:18.171+08:00 DEBUG 11360 --- [fang123-backend] [nio-8090-exec-7] o.s.security.web.FilterChainProxy        : Securing GET /api/public/loupan-filters
2026-10-05T17:43:18.171+08:00 DEBUG 11360 --- [fang123-backend] [nio-8090-exec-6] o.s.security.web.FilterChainProxy        : Securing GET /api/public/loupan-spotlight/counts
2026-10-05T17:43:18.187+08:00 DEBUG 11360 --- [fang123-backend] [nio-8090-exec-6] o.s.s.w.a.AnonymousAuthenticationFilter  : Set SecurityContextHolder to anonymous SecurityContext
2026-10-05T17:43:18.187+08:00 DEBUG 11360 --- [fang123-backend] [nio-8090-exec-9] o.s.s.w.a.AnonymousAuthenticationFilter  : Set SecurityContextHolder to anonymous SecurityContext
2026-10-05T17:43:18.187+08:00 DEBUG 11360 --- [fang123-backend] [nio-8090-exec-7] o.s.s.w.a.AnonymousAuthenticationFilter  : Set SecurityContextHolder to anonymous SecurityContext
2026-10-05T17:43:18.188+08:00 DEBUG 11360 --- [fang123-backend] [nio-8090-exec-7] o.s.security.web.FilterChainProxy        : Secured GET /api/public/loupan-filters
2026-10-05T17:43:18.188+08:00 DEBUG 11360 --- [fang123-backend] [nio-8090-exec-9] o.s.security.web.FilterChainProxy        : Secured GET /api/public/loupans?page=1&size=12&salesStatus=1
2026-10-05T17:43:18.188+08:00 DEBUG 11360 --- [fang123-backend] [nio-8090-exec-6] o.s.security.web.FilterChainProxy        : Secured GET /api/public/loupan-spotlight/counts
2026-10-05T17:43:18.201+08:00 DEBUG 11360 --- [fang123-backend] [nio-8090-exec-6] c.f.m.L.selectList                       : ==>  Preparing: SELECT id,loupan_id,project_name,publicity_date,issue_date,develop_company,location,sale_address,sale_phone,online_sale_area,permit_no,permit_no_str,deleted,create_time,update_time FROM loupan_presale_permit WHERE deleted=0 AND (loupan_id IS NOT NULL AND publicity_date IS NOT NULL AND publicity_date <= ? AND issue_date IS NOT NULL AND issue_date > ? AND publicity_date < issue_date) ORDER BY publicity_date DESC,id DESC
2026-10-05T17:43:18.201+08:00 DEBUG 11360 --- [fang123-backend] [nio-8090-exec-7] c.f.mapper.LoupanMapper.selectList       : ==>  Preparing: SELECT id,land_id,land_no,cover_image,project_name,short_name,district,plate,avg_unit_price,avg_unit_price_yangfang,avg_unit_price_dieshu,avg_unit_price_paiwu,min_total_price,max_total_price,price_tag,sales_address,sales_status,sales_tel,project_address,show_house_desc,opening_date,delivery_date,floor_height_min,floor_height_max,building_total,floor_min,floor_max,area_min,area_max,decorate_type,property_right_year,house_type,community_facility,people_car_separate,property_fee_high,property_fee_villa,property_company,park_total,park_sell_num,park_ratio,facade_material,self_hold_rate,build_area,land_area,house_total,plot_ratio,green_rate,project_company,brand_list,land_price,land_unit_price,land_buy_date,edu_support,traffic_support,medical_support,business_support,view_support,longitude,latitude,sort,deleted,create_time,update_time FROM loupan WHERE deleted=0
2026-10-05T17:43:18.202+08:00 DEBUG 11360 --- [fang123-backend] [nio-8090-exec-7] c.f.mapper.LoupanMapper.selectList       : ==> Parameters: 
2026-10-05T17:43:18.202+08:00 DEBUG 11360 --- [fang123-backend] [nio-8090-exec-6] c.f.m.L.selectList                       : ==> Parameters: 2026-10-05(LocalDate), 2026-10-05(LocalDate)
2026-10-05T17:43:18.204+08:00 DEBUG 11360 --- [fang123-backend] [nio-8090-exec-9] c.f.m.LoupanMapper.selectList_mpCount    : ==>  Preparing: SELECT COUNT(*) AS total FROM loupan WHERE deleted = 0 AND (sales_status IN (?))
2026-10-05T17:43:18.204+08:00 DEBUG 11360 --- [fang123-backend] [nio-8090-exec-6] c.f.m.L.selectList                       : <==      Total: 0
2026-10-05T17:43:18.206+08:00 DEBUG 11360 --- [fang123-backend] [nio-8090-exec-7] c.f.mapper.LoupanMapper.selectList       : <==      Total: 2
2026-10-05T17:43:18.208+08:00 DEBUG 11360 --- [fang123-backend] [nio-8090-exec-6] c.f.m.L.selectList                       : ==>  Preparing: SELECT id,loupan_id,project_name,publicity_date,issue_date,develop_company,location,sale_address,sale_phone,online_sale_area,permit_no,permit_no_str,deleted,create_time,update_time FROM loupan_presale_permit WHERE deleted=0 AND (loupan_id IS NOT NULL AND issue_date IS NOT NULL AND issue_date >= ? AND issue_date <= ?) ORDER BY issue_date DESC,id DESC
2026-10-05T17:43:18.208+08:00 DEBUG 11360 --- [fang123-backend] [nio-8090-exec-6] c.f.m.L.selectList                       : ==> Parameters: 2026-09-28(LocalDate), 2026-10-05(LocalDate)
2026-10-05T17:43:18.209+08:00 DEBUG 11360 --- [fang123-backend] [nio-8090-exec-6] c.f.m.L.selectList                       : <==      Total: 0
2026-10-05T17:43:18.209+08:00 DEBUG 11360 --- [fang123-backend] [nio-8090-exec-6] c.f.c.LoupanSpotlightController          : [spotlight] counts today=2026-10-05 presale=0 opening=0
2026-10-05T17:43:18.225+08:00 DEBUG 11360 --- [fang123-backend] [nio-8090-exec-9] c.f.m.LoupanMapper.selectList_mpCount    : ==> Parameters: 1(Integer)
2026-10-05T17:43:18.228+08:00 DEBUG 11360 --- [fang123-backend] [nio-8090-exec-9] c.f.m.LoupanMapper.selectList_mpCount    : <==      Total: 1
2026-10-05T17:43:18.229+08:00 DEBUG 11360 --- [fang123-backend] [nio-8090-exec-9] c.f.mapper.LoupanMapper.selectList       : ==>  Preparing: SELECT id,land_id,land_no,cover_image,project_name,short_name,district,plate,avg_unit_price,avg_unit_price_yangfang,avg_unit_price_dieshu,avg_unit_price_paiwu,min_total_price,max_total_price,price_tag,sales_address,sales_status,sales_tel,project_address,show_house_desc,opening_date,delivery_date,floor_height_min,floor_height_max,building_total,floor_min,floor_max,area_min,area_max,decorate_type,property_right_year,house_type,community_facility,people_car_separate,property_fee_high,property_fee_villa,property_company,park_total,park_sell_num,park_ratio,facade_material,self_hold_rate,build_area,land_area,house_total,plot_ratio,green_rate,project_company,brand_list,land_price,land_unit_price,land_buy_date,edu_support,traffic_support,medical_support,business_support,view_support,longitude,latitude,sort,deleted,create_time,update_time FROM loupan WHERE deleted=0 AND (sales_status IN (?)) ORDER BY sort DESC,create_time DESC LIMIT ?
2026-10-05T17:43:18.229+08:00 DEBUG 11360 --- [fang123-backend] [nio-8090-exec-9] c.f.mapper.LoupanMapper.selectList       : ==> Parameters: 1(Integer), 12(Long)
2026-10-05T17:43:18.234+08:00 DEBUG 11360 --- [fang123-backend] [nio-8090-exec-9] c.f.mapper.LoupanMapper.selectList       : <==      Total: 2
2026-10-05T17:43:20.093+08:00 DEBUG 11360 --- [fang123-backend] [nio-8090-exec-2] o.s.security.web.FilterChainProxy        : Securing GET /api/public/loupan-filters
2026-10-05T17:43:20.094+08:00 DEBUG 11360 --- [fang123-backend] [nio-8090-exec-5] o.s.security.web.FilterChainProxy        : Securing GET /api/public/loupan-spotlight/counts
2026-10-05T17:43:20.093+08:00 DEBUG 11360 --- [fang123-backend] [nio-8090-exec-8] o.s.security.web.FilterChainProxy        : Securing GET /api/public/loupans?page=1&size=12&salesStatus=1
2026-10-05T17:43:20.095+08:00 DEBUG 11360 --- [fang123-backend] [nio-8090-exec-8] o.s.s.w.a.AnonymousAuthenticationFilter  : Set SecurityContextHolder to anonymous SecurityContext
2026-10-05T17:43:20.095+08:00 DEBUG 11360 --- [fang123-backend] [nio-8090-exec-2] o.s.s.w.a.AnonymousAuthenticationFilter  : Set SecurityContextHolder to anonymous SecurityContext
2026-10-05T17:43:20.096+08:00 DEBUG 11360 --- [fang123-backend] [nio-8090-exec-8] o.s.security.web.FilterChainProxy        : Secured GET /api/public/loupans?page=1&size=12&salesStatus=1
2026-10-05T17:43:20.096+08:00 DEBUG 11360 --- [fang123-backend] [nio-8090-exec-2] o.s.security.web.FilterChainProxy        : Secured GET /api/public/loupan-filters
2026-10-05T17:43:20.100+08:00 DEBUG 11360 --- [fang123-backend] [nio-8090-exec-5] o.s.s.w.a.AnonymousAuthenticationFilter  : Set SecurityContextHolder to anonymous SecurityContext
2026-10-05T17:43:20.100+08:00 DEBUG 11360 --- [fang123-backend] [nio-8090-exec-5] o.s.security.web.FilterChainProxy        : Secured GET /api/public/loupan-spotlight/counts
2026-10-05T17:43:20.100+08:00 DEBUG 11360 --- [fang123-backend] [nio-8090-exec-2] c.f.mapper.LoupanMapper.selectList       : ==>  Preparing: SELECT id,land_id,land_no,cover_image,project_name,short_name,district,plate,avg_unit_price,avg_unit_price_yangfang,avg_unit_price_dieshu,avg_unit_price_paiwu,min_total_price,max_total_price,price_tag,sales_address,sales_status,sales_tel,project_address,show_house_desc,opening_date,delivery_date,floor_height_min,floor_height_max,building_total,floor_min,floor_max,area_min,area_max,decorate_type,property_right_year,house_type,community_facility,people_car_separate,property_fee_high,property_fee_villa,property_company,park_total,park_sell_num,park_ratio,facade_material,self_hold_rate,build_area,land_area,house_total,plot_ratio,green_rate,project_company,brand_list,land_price,land_unit_price,land_buy_date,edu_support,traffic_support,medical_support,business_support,view_support,longitude,latitude,sort,deleted,create_time,update_time FROM loupan WHERE deleted=0
2026-10-05T17:43:20.101+08:00 DEBUG 11360 --- [fang123-backend] [nio-8090-exec-2] c.f.mapper.LoupanMapper.selectList       : ==> Parameters: 
2026-10-05T17:43:20.102+08:00 DEBUG 11360 --- [fang123-backend] [nio-8090-exec-5] c.f.m.L.selectList                       : ==>  Preparing: SELECT id,loupan_id,project_name,publicity_date,issue_date,develop_company,location,sale_address,sale_phone,online_sale_area,permit_no,permit_no_str,deleted,create_time,update_time FROM loupan_presale_permit WHERE deleted=0 AND (loupan_id IS NOT NULL AND publicity_date IS NOT NULL AND publicity_date <= ? AND issue_date IS NOT NULL AND issue_date > ? AND publicity_date < issue_date) ORDER BY publicity_date DESC,id DESC
2026-10-05T17:43:20.103+08:00 DEBUG 11360 --- [fang123-backend] [nio-8090-exec-5] c.f.m.L.selectList                       : ==> Parameters: 2026-10-05(LocalDate), 2026-10-05(LocalDate)
2026-10-05T17:43:20.105+08:00 DEBUG 11360 --- [fang123-backend] [nio-8090-exec-5] c.f.m.L.selectList                       : <==      Total: 0
2026-10-05T17:43:20.105+08:00 DEBUG 11360 --- [fang123-backend] [nio-8090-exec-2] c.f.mapper.LoupanMapper.selectList       : <==      Total: 2
2026-10-05T17:43:20.107+08:00 DEBUG 11360 --- [fang123-backend] [nio-8090-exec-5] c.f.m.L.selectList                       : ==>  Preparing: SELECT id,loupan_id,project_name,publicity_date,issue_date,develop_company,location,sale_address,sale_phone,online_sale_area,permit_no,permit_no_str,deleted,create_time,update_time FROM loupan_presale_permit WHERE deleted=0 AND (loupan_id IS NOT NULL AND issue_date IS NOT NULL AND issue_date >= ? AND issue_date <= ?) ORDER BY issue_date DESC,id DESC
2026-10-05T17:43:20.108+08:00 DEBUG 11360 --- [fang123-backend] [nio-8090-exec-5] c.f.m.L.selectList                       : ==> Parameters: 2026-09-28(LocalDate), 2026-10-05(LocalDate)
2026-10-05T17:43:20.108+08:00 DEBUG 11360 --- [fang123-backend] [nio-8090-exec-8] c.f.m.LoupanMapper.selectList_mpCount    : ==>  Preparing: SELECT COUNT(*) AS total FROM loupan WHERE deleted = 0 AND (sales_status IN (?))
2026-10-05T17:43:20.109+08:00 DEBUG 11360 --- [fang123-backend] [nio-8090-exec-8] c.f.m.LoupanMapper.selectList_mpCount    : ==> Parameters: 1(Integer)
2026-10-05T17:43:20.110+08:00 DEBUG 11360 --- [fang123-backend] [nio-8090-exec-8] c.f.m.LoupanMapper.selectList_mpCount    : <==      Total: 1
2026-10-05T17:43:20.109+08:00 DEBUG 11360 --- [fang123-backend] [nio-8090-exec-5] c.f.m.L.selectList                       : <==      Total: 0
2026-10-05T17:43:20.110+08:00 DEBUG 11360 --- [fang123-backend] [nio-8090-exec-5] c.f.c.LoupanSpotlightController          : [spotlight] counts today=2026-10-05 presale=0 opening=0
2026-10-05T17:43:20.110+08:00 DEBUG 11360 --- [fang123-backend] [nio-8090-exec-8] c.f.mapper.LoupanMapper.selectList       : ==>  Preparing: SELECT id,land_id,land_no,cover_image,project_name,short_name,district,plate,avg_unit_price,avg_unit_price_yangfang,avg_unit_price_dieshu,avg_unit_price_paiwu,min_total_price,max_total_price,price_tag,sales_address,sales_status,sales_tel,project_address,show_house_desc,opening_date,delivery_date,floor_height_min,floor_height_max,building_total,floor_min,floor_max,area_min,area_max,decorate_type,property_right_year,house_type,community_facility,people_car_separate,property_fee_high,property_fee_villa,property_company,park_total,park_sell_num,park_ratio,facade_material,self_hold_rate,build_area,land_area,house_total,plot_ratio,green_rate,project_company,brand_list,land_price,land_unit_price,land_buy_date,edu_support,traffic_support,medical_support,business_support,view_support,longitude,latitude,sort,deleted,create_time,update_time FROM loupan WHERE deleted=0 AND (sales_status IN (?)) ORDER BY sort DESC,create_time DESC LIMIT ?
2026-10-05T17:43:20.110+08:00 DEBUG 11360 --- [fang123-backend] [nio-8090-exec-8] c.f.mapper.LoupanMapper.selectList       : ==> Parameters: 1(Integer), 12(Long)
2026-10-05T17:43:20.113+08:00 DEBUG 11360 --- [fang123-backend] [nio-8090-exec-8] c.f.mapper.LoupanMapper.selectList       : <==      Total: 2
2026-10-05T17:43:21.449+08:00 DEBUG 11360 --- [fang123-backend] [nio-8090-exec-4] o.s.security.web.FilterChainProxy        : Securing GET /api/public/loupan-spotlight/counts
2026-10-05T17:43:21.449+08:00 DEBUG 11360 --- [fang123-backend] [nio-8090-exec-1] o.s.security.web.FilterChainProxy        : Securing GET /api/public/loupan-filters
2026-10-05T17:43:21.449+08:00 DEBUG 11360 --- [fang123-backend] [io-8090-exec-10] o.s.security.web.FilterChainProxy        : Securing GET /api/public/loupans?page=1&size=12&salesStatus=1
2026-10-05T17:43:21.455+08:00 DEBUG 11360 --- [fang123-backend] [nio-8090-exec-1] o.s.s.w.a.AnonymousAuthenticationFilter  : Set SecurityContextHolder to anonymous SecurityContext
2026-10-05T17:43:21.455+08:00 DEBUG 11360 --- [fang123-backend] [io-8090-exec-10] o.s.s.w.a.AnonymousAuthenticationFilter  : Set SecurityContextHolder to anonymous SecurityContext
2026-10-05T17:43:21.455+08:00 DEBUG 11360 --- [fang123-backend] [nio-8090-exec-4] o.s.s.w.a.AnonymousAuthenticationFilter  : Set SecurityContextHolder to anonymous SecurityContext
2026-10-05T17:43:21.455+08:00 DEBUG 11360 --- [fang123-backend] [nio-8090-exec-1] o.s.security.web.FilterChainProxy        : Secured GET /api/public/loupan-filters
2026-10-05T17:43:21.455+08:00 DEBUG 11360 --- [fang123-backend] [io-8090-exec-10] o.s.security.web.FilterChainProxy        : Secured GET /api/public/loupans?page=1&size=12&salesStatus=1
2026-10-05T17:43:21.456+08:00 DEBUG 11360 --- [fang123-backend] [nio-8090-exec-4] o.s.security.web.FilterChainProxy        : Secured GET /api/public/loupan-spotlight/counts
2026-10-05T17:43:21.474+08:00 DEBUG 11360 --- [fang123-backend] [nio-8090-exec-1] c.f.mapper.LoupanMapper.selectList       : ==>  Preparing: SELECT id,land_id,land_no,cover_image,project_name,short_name,district,plate,avg_unit_price,avg_unit_price_yangfang,avg_unit_price_dieshu,avg_unit_price_paiwu,min_total_price,max_total_price,price_tag,sales_address,sales_status,sales_tel,project_address,show_house_desc,opening_date,delivery_date,floor_height_min,floor_height_max,building_total,floor_min,floor_max,area_min,area_max,decorate_type,property_right_year,house_type,community_facility,people_car_separate,property_fee_high,property_fee_villa,property_company,park_total,park_sell_num,park_ratio,facade_material,self_hold_rate,build_area,land_area,house_total,plot_ratio,green_rate,project_company,brand_list,land_price,land_unit_price,land_buy_date,edu_support,traffic_support,medical_support,business_support,view_support,longitude,latitude,sort,deleted,create_time,update_time FROM loupan WHERE deleted=0
2026-10-05T17:43:21.475+08:00 DEBUG 11360 --- [fang123-backend] [nio-8090-exec-4] c.f.m.L.selectList                       : ==>  Preparing: SELECT id,loupan_id,project_name,publicity_date,issue_date,develop_company,location,sale_address,sale_phone,online_sale_area,permit_no,permit_no_str,deleted,create_time,update_time FROM loupan_presale_permit WHERE deleted=0 AND (loupan_id IS NOT NULL AND publicity_date IS NOT NULL AND publicity_date <= ? AND issue_date IS NOT NULL AND issue_date > ? AND publicity_date < issue_date) ORDER BY publicity_date DESC,id DESC
2026-10-05T17:43:21.476+08:00 DEBUG 11360 --- [fang123-backend] [nio-8090-exec-1] c.f.mapper.LoupanMapper.selectList       : ==> Parameters: 
2026-10-05T17:43:21.476+08:00 DEBUG 11360 --- [fang123-backend] [nio-8090-exec-4] c.f.m.L.selectList                       : ==> Parameters: 2026-10-05(LocalDate), 2026-10-05(LocalDate)
2026-10-05T17:43:21.477+08:00 DEBUG 11360 --- [fang123-backend] [io-8090-exec-10] c.f.m.LoupanMapper.selectList_mpCount    : ==>  Preparing: SELECT COUNT(*) AS total FROM loupan WHERE deleted = 0 AND (sales_status IN (?))
2026-10-05T17:43:21.477+08:00 DEBUG 11360 --- [fang123-backend] [io-8090-exec-10] c.f.m.LoupanMapper.selectList_mpCount    : ==> Parameters: 1(Integer)
2026-10-05T17:43:21.478+08:00 DEBUG 11360 --- [fang123-backend] [nio-8090-exec-4] c.f.m.L.selectList                       : <==      Total: 0
2026-10-05T17:43:21.479+08:00 DEBUG 11360 --- [fang123-backend] [io-8090-exec-10] c.f.m.LoupanMapper.selectList_mpCount    : <==      Total: 1
2026-10-05T17:43:21.481+08:00 DEBUG 11360 --- [fang123-backend] [io-8090-exec-10] c.f.mapper.LoupanMapper.selectList       : ==>  Preparing: SELECT id,land_id,land_no,cover_image,project_name,short_name,district,plate,avg_unit_price,avg_unit_price_yangfang,avg_unit_price_dieshu,avg_unit_price_paiwu,min_total_price,max_total_price,price_tag,sales_address,sales_status,sales_tel,project_address,show_house_desc,opening_date,delivery_date,floor_height_min,floor_height_max,building_total,floor_min,floor_max,area_min,area_max,decorate_type,property_right_year,house_type,community_facility,people_car_separate,property_fee_high,property_fee_villa,property_company,park_total,park_sell_num,park_ratio,facade_material,self_hold_rate,build_area,land_area,house_total,plot_ratio,green_rate,project_company,brand_list,land_price,land_unit_price,land_buy_date,edu_support,traffic_support,medical_support,business_support,view_support,longitude,latitude,sort,deleted,create_time,update_time FROM loupan WHERE deleted=0 AND (sales_status IN (?)) ORDER BY sort DESC,create_time DESC LIMIT ?
2026-10-05T17:43:21.482+08:00 DEBUG 11360 --- [fang123-backend] [nio-8090-exec-1] c.f.mapper.LoupanMapper.selectList       : <==      Total: 2
2026-10-05T17:43:21.482+08:00 DEBUG 11360 --- [fang123-backend] [io-8090-exec-10] c.f.mapper.LoupanMapper.selectList       : ==> Parameters: 1(Integer), 12(Long)
2026-10-05T17:43:21.483+08:00 DEBUG 11360 --- [fang123-backend] [nio-8090-exec-4] c.f.m.L.selectList                       : ==>  Preparing: SELECT id,loupan_id,project_name,publicity_date,issue_date,develop_company,location,sale_address,sale_phone,online_sale_area,permit_no,permit_no_str,deleted,create_time,update_time FROM loupan_presale_permit WHERE deleted=0 AND (loupan_id IS NOT NULL AND issue_date IS NOT NULL AND issue_date >= ? AND issue_date <= ?) ORDER BY issue_date DESC,id DESC
2026-10-05T17:43:21.483+08:00 DEBUG 11360 --- [fang123-backend] [nio-8090-exec-4] c.f.m.L.selectList                       : ==> Parameters: 2026-09-28(LocalDate), 2026-10-05(LocalDate)
2026-10-05T17:43:21.484+08:00 DEBUG 11360 --- [fang123-backend] [nio-8090-exec-4] c.f.m.L.selectList                       : <==      Total: 0
2026-10-05T17:43:21.484+08:00 DEBUG 11360 --- [fang123-backend] [nio-8090-exec-4] c.f.c.LoupanSpotlightController          : [spotlight] counts today=2026-10-05 presale=0 opening=0
2026-10-05T17:43:21.485+08:00 DEBUG 11360 --- [fang123-backend] [io-8090-exec-10] c.f.mapper.LoupanMapper.selectList       : <==      Total: 2
2026-10-05T17:43:22.555+08:00 DEBUG 11360 --- [fang123-backend] [nio-8090-exec-6] o.s.security.web.FilterChainProxy        : Securing GET /api/public/loupan-spotlight/counts
2026-10-05T17:43:22.555+08:00 DEBUG 11360 --- [fang123-backend] [nio-8090-exec-3] o.s.security.web.FilterChainProxy        : Securing GET /api/public/loupan-filters
2026-10-05T17:43:22.555+08:00 DEBUG 11360 --- [fang123-backend] [nio-8090-exec-7] o.s.security.web.FilterChainProxy        : Securing GET /api/public/loupans?page=1&size=12&salesStatus=1
2026-10-05T17:43:22.558+08:00 DEBUG 11360 --- [fang123-backend] [nio-8090-exec-7] o.s.s.w.a.AnonymousAuthenticationFilter  : Set SecurityContextHolder to anonymous SecurityContext
2026-10-05T17:43:22.559+08:00 DEBUG 11360 --- [fang123-backend] [nio-8090-exec-6] o.s.s.w.a.AnonymousAuthenticationFilter  : Set SecurityContextHolder to anonymous SecurityContext
2026-10-05T17:43:22.559+08:00 DEBUG 11360 --- [fang123-backend] [nio-8090-exec-6] o.s.security.web.FilterChainProxy        : Secured GET /api/public/loupan-spotlight/counts
2026-10-05T17:43:22.560+08:00 DEBUG 11360 --- [fang123-backend] [nio-8090-exec-7] o.s.security.web.FilterChainProxy        : Secured GET /api/public/loupans?page=1&size=12&salesStatus=1
2026-10-05T17:43:22.567+08:00 DEBUG 11360 --- [fang123-backend] [nio-8090-exec-3] o.s.s.w.a.AnonymousAuthenticationFilter  : Set SecurityContextHolder to anonymous SecurityContext
2026-10-05T17:43:22.569+08:00 DEBUG 11360 --- [fang123-backend] [nio-8090-exec-3] o.s.security.web.FilterChainProxy        : Secured GET /api/public/loupan-filters
2026-10-05T17:43:22.569+08:00 DEBUG 11360 --- [fang123-backend] [nio-8090-exec-6] c.f.m.L.selectList                       : ==>  Preparing: SELECT id,loupan_id,project_name,publicity_date,issue_date,develop_company,location,sale_address,sale_phone,online_sale_area,permit_no,permit_no_str,deleted,create_time,update_time FROM loupan_presale_permit WHERE deleted=0 AND (loupan_id IS NOT NULL AND publicity_date IS NOT NULL AND publicity_date <= ? AND issue_date IS NOT NULL AND issue_date > ? AND publicity_date < issue_date) ORDER BY publicity_date DESC,id DESC
2026-10-05T17:43:22.570+08:00 DEBUG 11360 --- [fang123-backend] [nio-8090-exec-6] c.f.m.L.selectList                       : ==> Parameters: 2026-10-05(LocalDate), 2026-10-05(LocalDate)
2026-10-05T17:43:22.570+08:00 DEBUG 11360 --- [fang123-backend] [nio-8090-exec-3] c.f.mapper.LoupanMapper.selectList       : ==>  Preparing: SELECT id,land_id,land_no,cover_image,project_name,short_name,district,plate,avg_unit_price,avg_unit_price_yangfang,avg_unit_price_dieshu,avg_unit_price_paiwu,min_total_price,max_total_price,price_tag,sales_address,sales_status,sales_tel,project_address,show_house_desc,opening_date,delivery_date,floor_height_min,floor_height_max,building_total,floor_min,floor_max,area_min,area_max,decorate_type,property_right_year,house_type,community_facility,people_car_separate,property_fee_high,property_fee_villa,property_company,park_total,park_sell_num,park_ratio,facade_material,self_hold_rate,build_area,land_area,house_total,plot_ratio,green_rate,project_company,brand_list,land_price,land_unit_price,land_buy_date,edu_support,traffic_support,medical_support,business_support,view_support,longitude,latitude,sort,deleted,create_time,update_time FROM loupan WHERE deleted=0
2026-10-05T17:43:22.570+08:00 DEBUG 11360 --- [fang123-backend] [nio-8090-exec-3] c.f.mapper.LoupanMapper.selectList       : ==> Parameters: 
2026-10-05T17:43:22.573+08:00 DEBUG 11360 --- [fang123-backend] [nio-8090-exec-6] c.f.m.L.selectList                       : <==      Total: 0
2026-10-05T17:43:22.574+08:00 DEBUG 11360 --- [fang123-backend] [nio-8090-exec-3] c.f.mapper.LoupanMapper.selectList       : <==      Total: 2
2026-10-05T17:43:22.575+08:00 DEBUG 11360 --- [fang123-backend] [nio-8090-exec-6] c.f.m.L.selectList                       : ==>  Preparing: SELECT id,loupan_id,project_name,publicity_date,issue_date,develop_company,location,sale_address,sale_phone,online_sale_area,permit_no,permit_no_str,deleted,create_time,update_time FROM loupan_presale_permit WHERE deleted=0 AND (loupan_id IS NOT NULL AND issue_date IS NOT NULL AND issue_date >= ? AND issue_date <= ?) ORDER BY issue_date DESC,id DESC
2026-10-05T17:43:22.575+08:00 DEBUG 11360 --- [fang123-backend] [nio-8090-exec-6] c.f.m.L.selectList                       : ==> Parameters: 2026-09-28(LocalDate), 2026-10-05(LocalDate)
2026-10-05T17:43:22.576+08:00 DEBUG 11360 --- [fang123-backend] [nio-8090-exec-7] c.f.m.LoupanMapper.selectList_mpCount    : ==>  Preparing: SELECT COUNT(*) AS total FROM loupan WHERE deleted = 0 AND (sales_status IN (?))
2026-10-05T17:43:22.576+08:00 DEBUG 11360 --- [fang123-backend] [nio-8090-exec-7] c.f.m.LoupanMapper.selectList_mpCount    : ==> Parameters: 1(Integer)
2026-10-05T17:43:22.577+08:00 DEBUG 11360 --- [fang123-backend] [nio-8090-exec-7] c.f.m.LoupanMapper.selectList_mpCount    : <==      Total: 1
2026-10-05T17:43:22.577+08:00 DEBUG 11360 --- [fang123-backend] [nio-8090-exec-6] c.f.m.L.selectList                       : <==      Total: 0
2026-10-05T17:43:22.577+08:00 DEBUG 11360 --- [fang123-backend] [nio-8090-exec-6] c.f.c.LoupanSpotlightController          : [spotlight] counts today=2026-10-05 presale=0 opening=0
2026-10-05T17:43:22.577+08:00 DEBUG 11360 --- [fang123-backend] [nio-8090-exec-7] c.f.mapper.LoupanMapper.selectList       : ==>  Preparing: SELECT id,land_id,land_no,cover_image,project_name,short_name,district,plate,avg_unit_price,avg_unit_price_yangfang,avg_unit_price_dieshu,avg_unit_price_paiwu,min_total_price,max_total_price,price_tag,sales_address,sales_status,sales_tel,project_address,show_house_desc,opening_date,delivery_date,floor_height_min,floor_height_max,building_total,floor_min,floor_max,area_min,area_max,decorate_type,property_right_year,house_type,community_facility,people_car_separate,property_fee_high,property_fee_villa,property_company,park_total,park_sell_num,park_ratio,facade_material,self_hold_rate,build_area,land_area,house_total,plot_ratio,green_rate,project_company,brand_list,land_price,land_unit_price,land_buy_date,edu_support,traffic_support,medical_support,business_support,view_support,longitude,latitude,sort,deleted,create_time,update_time FROM loupan WHERE deleted=0 AND (sales_status IN (?)) ORDER BY sort DESC,create_time DESC LIMIT ?
2026-10-05T17:43:22.578+08:00 DEBUG 11360 --- [fang123-backend] [nio-8090-exec-7] c.f.mapper.LoupanMapper.selectList       : ==> Parameters: 1(Integer), 12(Long)
2026-10-05T17:43:22.587+08:00 DEBUG 11360 --- [fang123-backend] [nio-8090-exec-7] c.f.mapper.LoupanMapper.selectList       : <==      Total: 2
2026-10-05T17:43:23.532+08:00 DEBUG 11360 --- [fang123-backend] [nio-8090-exec-2] o.s.security.web.FilterChainProxy        : Securing GET /api/public/loupan-filters
2026-10-05T17:43:23.532+08:00 DEBUG 11360 --- [fang123-backend] [nio-8090-exec-9] o.s.security.web.FilterChainProxy        : Securing GET /api/public/loupan-spotlight/counts
2026-10-05T17:43:23.532+08:00 DEBUG 11360 --- [fang123-backend] [nio-8090-exec-5] o.s.security.web.FilterChainProxy        : Securing GET /api/public/loupans?page=1&size=12&salesStatus=1
2026-10-05T17:43:23.534+08:00 DEBUG 11360 --- [fang123-backend] [nio-8090-exec-2] o.s.s.w.a.AnonymousAuthenticationFilter  : Set SecurityContextHolder to anonymous SecurityContext
2026-10-05T17:43:23.534+08:00 DEBUG 11360 --- [fang123-backend] [nio-8090-exec-9] o.s.s.w.a.AnonymousAuthenticationFilter  : Set SecurityContextHolder to anonymous SecurityContext
2026-10-05T17:43:23.534+08:00 DEBUG 11360 --- [fang123-backend] [nio-8090-exec-5] o.s.s.w.a.AnonymousAuthenticationFilter  : Set SecurityContextHolder to anonymous SecurityContext
2026-10-05T17:43:23.534+08:00 DEBUG 11360 --- [fang123-backend] [nio-8090-exec-9] o.s.security.web.FilterChainProxy        : Secured GET /api/public/loupan-spotlight/counts
2026-10-05T17:43:23.534+08:00 DEBUG 11360 --- [fang123-backend] [nio-8090-exec-2] o.s.security.web.FilterChainProxy        : Secured GET /api/public/loupan-filters
2026-10-05T17:43:23.534+08:00 DEBUG 11360 --- [fang123-backend] [nio-8090-exec-5] o.s.security.web.FilterChainProxy        : Secured GET /api/public/loupans?page=1&size=12&salesStatus=1
2026-10-05T17:43:23.536+08:00 DEBUG 11360 --- [fang123-backend] [nio-8090-exec-9] c.f.m.L.selectList                       : ==>  Preparing: SELECT id,loupan_id,project_name,publicity_date,issue_date,develop_company,location,sale_address,sale_phone,online_sale_area,permit_no,permit_no_str,deleted,create_time,update_time FROM loupan_presale_permit WHERE deleted=0 AND (loupan_id IS NOT NULL AND publicity_date IS NOT NULL AND publicity_date <= ? AND issue_date IS NOT NULL AND issue_date > ? AND publicity_date < issue_date) ORDER BY publicity_date DESC,id DESC
2026-10-05T17:43:23.537+08:00 DEBUG 11360 --- [fang123-backend] [nio-8090-exec-9] c.f.m.L.selectList                       : ==> Parameters: 2026-10-05(LocalDate), 2026-10-05(LocalDate)
2026-10-05T17:43:23.540+08:00 DEBUG 11360 --- [fang123-backend] [nio-8090-exec-2] c.f.mapper.LoupanMapper.selectList       : ==>  Preparing: SELECT id,land_id,land_no,cover_image,project_name,short_name,district,plate,avg_unit_price,avg_unit_price_yangfang,avg_unit_price_dieshu,avg_unit_price_paiwu,min_total_price,max_total_price,price_tag,sales_address,sales_status,sales_tel,project_address,show_house_desc,opening_date,delivery_date,floor_height_min,floor_height_max,building_total,floor_min,floor_max,area_min,area_max,decorate_type,property_right_year,house_type,community_facility,people_car_separate,property_fee_high,property_fee_villa,property_company,park_total,park_sell_num,park_ratio,facade_material,self_hold_rate,build_area,land_area,house_total,plot_ratio,green_rate,project_company,brand_list,land_price,land_unit_price,land_buy_date,edu_support,traffic_support,medical_support,business_support,view_support,longitude,latitude,sort,deleted,create_time,update_time FROM loupan WHERE deleted=0
2026-10-05T17:43:23.544+08:00 DEBUG 11360 --- [fang123-backend] [nio-8090-exec-2] c.f.mapper.LoupanMapper.selectList       : ==> Parameters: 
2026-10-05T17:43:23.545+08:00 DEBUG 11360 --- [fang123-backend] [nio-8090-exec-9] c.f.m.L.selectList                       : <==      Total: 0
2026-10-05T17:43:23.549+08:00 DEBUG 11360 --- [fang123-backend] [nio-8090-exec-2] c.f.mapper.LoupanMapper.selectList       : <==      Total: 2
2026-10-05T17:43:23.549+08:00 DEBUG 11360 --- [fang123-backend] [nio-8090-exec-9] c.f.m.L.selectList                       : ==>  Preparing: SELECT id,loupan_id,project_name,publicity_date,issue_date,develop_company,location,sale_address,sale_phone,online_sale_area,permit_no,permit_no_str,deleted,create_time,update_time FROM loupan_presale_permit WHERE deleted=0 AND (loupan_id IS NOT NULL AND issue_date IS NOT NULL AND issue_date >= ? AND issue_date <= ?) ORDER BY issue_date DESC,id DESC
2026-10-05T17:43:23.550+08:00 DEBUG 11360 --- [fang123-backend] [nio-8090-exec-5] c.f.m.LoupanMapper.selectList_mpCount    : ==>  Preparing: SELECT COUNT(*) AS total FROM loupan WHERE deleted = 0 AND (sales_status IN (?))
2026-10-05T17:43:23.550+08:00 DEBUG 11360 --- [fang123-backend] [nio-8090-exec-5] c.f.m.LoupanMapper.selectList_mpCount    : ==> Parameters: 1(Integer)
2026-10-05T17:43:23.551+08:00 DEBUG 11360 --- [fang123-backend] [nio-8090-exec-9] c.f.m.L.selectList                       : ==> Parameters: 2026-09-28(LocalDate), 2026-10-05(LocalDate)
2026-10-05T17:43:23.551+08:00 DEBUG 11360 --- [fang123-backend] [nio-8090-exec-5] c.f.m.LoupanMapper.selectList_mpCount    : <==      Total: 1
2026-10-05T17:43:23.552+08:00 DEBUG 11360 --- [fang123-backend] [nio-8090-exec-9] c.f.m.L.selectList                       : <==      Total: 0
2026-10-05T17:43:23.552+08:00 DEBUG 11360 --- [fang123-backend] [nio-8090-exec-9] c.f.c.LoupanSpotlightController          : [spotlight] counts today=2026-10-05 presale=0 opening=0
2026-10-05T17:43:23.552+08:00 DEBUG 11360 --- [fang123-backend] [nio-8090-exec-5] c.f.mapper.LoupanMapper.selectList       : ==>  Preparing: SELECT id,land_id,land_no,cover_image,project_name,short_name,district,plate,avg_unit_price,avg_unit_price_yangfang,avg_unit_price_dieshu,avg_unit_price_paiwu,min_total_price,max_total_price,price_tag,sales_address,sales_status,sales_tel,project_address,show_house_desc,opening_date,delivery_date,floor_height_min,floor_height_max,building_total,floor_min,floor_max,area_min,area_max,decorate_type,property_right_year,house_type,community_facility,people_car_separate,property_fee_high,property_fee_villa,property_company,park_total,park_sell_num,park_ratio,facade_material,self_hold_rate,build_area,land_area,house_total,plot_ratio,green_rate,project_company,brand_list,land_price,land_unit_price,land_buy_date,edu_support,traffic_support,medical_support,business_support,view_support,longitude,latitude,sort,deleted,create_time,update_time FROM loupan WHERE deleted=0 AND (sales_status IN (?)) ORDER BY sort DESC,create_time DESC LIMIT ?
2026-10-05T17:43:23.553+08:00 DEBUG 11360 --- [fang123-backend] [nio-8090-exec-5] c.f.mapper.LoupanMapper.selectList       : ==> Parameters: 1(Integer), 12(Long)
2026-10-05T17:43:23.556+08:00 DEBUG 11360 --- [fang123-backend] [nio-8090-exec-5] c.f.mapper.LoupanMapper.selectList       : <==      Total: 2
2026-10-05T17:43:24.414+08:00 DEBUG 11360 --- [fang123-backend] [nio-8090-exec-8] o.s.security.web.FilterChainProxy        : Securing GET /api/public/loupan-filters
2026-10-05T17:43:24.414+08:00 DEBUG 11360 --- [fang123-backend] [nio-8090-exec-4] o.s.security.web.FilterChainProxy        : Securing GET /api/public/loupan-spotlight/counts
2026-10-05T17:43:24.414+08:00 DEBUG 11360 --- [fang123-backend] [nio-8090-exec-1] o.s.security.web.FilterChainProxy        : Securing GET /api/public/loupans?page=1&size=12&salesStatus=1
2026-10-05T17:43:24.416+08:00 DEBUG 11360 --- [fang123-backend] [nio-8090-exec-1] o.s.s.w.a.AnonymousAuthenticationFilter  : Set SecurityContextHolder to anonymous SecurityContext
2026-10-05T17:43:24.416+08:00 DEBUG 11360 --- [fang123-backend] [nio-8090-exec-8] o.s.s.w.a.AnonymousAuthenticationFilter  : Set SecurityContextHolder to anonymous SecurityContext
2026-10-05T17:43:24.417+08:00 DEBUG 11360 --- [fang123-backend] [nio-8090-exec-1] o.s.security.web.FilterChainProxy        : Secured GET /api/public/loupans?page=1&size=12&salesStatus=1
2026-10-05T17:43:24.416+08:00 DEBUG 11360 --- [fang123-backend] [nio-8090-exec-4] o.s.s.w.a.AnonymousAuthenticationFilter  : Set SecurityContextHolder to anonymous SecurityContext
2026-10-05T17:43:24.417+08:00 DEBUG 11360 --- [fang123-backend] [nio-8090-exec-8] o.s.security.web.FilterChainProxy        : Secured GET /api/public/loupan-filters
2026-10-05T17:43:24.417+08:00 DEBUG 11360 --- [fang123-backend] [nio-8090-exec-4] o.s.security.web.FilterChainProxy        : Secured GET /api/public/loupan-spotlight/counts
2026-10-05T17:43:24.418+08:00 DEBUG 11360 --- [fang123-backend] [nio-8090-exec-8] c.f.mapper.LoupanMapper.selectList       : ==>  Preparing: SELECT id,land_id,land_no,cover_image,project_name,short_name,district,plate,avg_unit_price,avg_unit_price_yangfang,avg_unit_price_dieshu,avg_unit_price_paiwu,min_total_price,max_total_price,price_tag,sales_address,sales_status,sales_tel,project_address,show_house_desc,opening_date,delivery_date,floor_height_min,floor_height_max,building_total,floor_min,floor_max,area_min,area_max,decorate_type,property_right_year,house_type,community_facility,people_car_separate,property_fee_high,property_fee_villa,property_company,park_total,park_sell_num,park_ratio,facade_material,self_hold_rate,build_area,land_area,house_total,plot_ratio,green_rate,project_company,brand_list,land_price,land_unit_price,land_buy_date,edu_support,traffic_support,medical_support,business_support,view_support,longitude,latitude,sort,deleted,create_time,update_time FROM loupan WHERE deleted=0
2026-10-05T17:43:24.418+08:00 DEBUG 11360 --- [fang123-backend] [nio-8090-exec-8] c.f.mapper.LoupanMapper.selectList       : ==> Parameters: 
2026-10-05T17:43:24.419+08:00 DEBUG 11360 --- [fang123-backend] [nio-8090-exec-4] c.f.m.L.selectList                       : ==>  Preparing: SELECT id,loupan_id,project_name,publicity_date,issue_date,develop_company,location,sale_address,sale_phone,online_sale_area,permit_no,permit_no_str,deleted,create_time,update_time FROM loupan_presale_permit WHERE deleted=0 AND (loupan_id IS NOT NULL AND publicity_date IS NOT NULL AND publicity_date <= ? AND issue_date IS NOT NULL AND issue_date > ? AND publicity_date < issue_date) ORDER BY publicity_date DESC,id DESC
2026-10-05T17:43:24.419+08:00 DEBUG 11360 --- [fang123-backend] [nio-8090-exec-4] c.f.m.L.selectList                       : ==> Parameters: 2026-10-05(LocalDate), 2026-10-05(LocalDate)
2026-10-05T17:43:24.420+08:00 DEBUG 11360 --- [fang123-backend] [nio-8090-exec-4] c.f.m.L.selectList                       : <==      Total: 0
2026-10-05T17:43:24.421+08:00 DEBUG 11360 --- [fang123-backend] [nio-8090-exec-1] c.f.m.LoupanMapper.selectList_mpCount    : ==>  Preparing: SELECT COUNT(*) AS total FROM loupan WHERE deleted = 0 AND (sales_status IN (?))
2026-10-05T17:43:24.421+08:00 DEBUG 11360 --- [fang123-backend] [nio-8090-exec-1] c.f.m.LoupanMapper.selectList_mpCount    : ==> Parameters: 1(Integer)
2026-10-05T17:43:24.421+08:00 DEBUG 11360 --- [fang123-backend] [nio-8090-exec-4] c.f.m.L.selectList                       : ==>  Preparing: SELECT id,loupan_id,project_name,publicity_date,issue_date,develop_company,location,sale_address,sale_phone,online_sale_area,permit_no,permit_no_str,deleted,create_time,update_time FROM loupan_presale_permit WHERE deleted=0 AND (loupan_id IS NOT NULL AND issue_date IS NOT NULL AND issue_date >= ? AND issue_date <= ?) ORDER BY issue_date DESC,id DESC
2026-10-05T17:43:24.421+08:00 DEBUG 11360 --- [fang123-backend] [nio-8090-exec-4] c.f.m.L.selectList                       : ==> Parameters: 2026-09-28(LocalDate), 2026-10-05(LocalDate)
2026-10-05T17:43:24.422+08:00 DEBUG 11360 --- [fang123-backend] [nio-8090-exec-1] c.f.m.LoupanMapper.selectList_mpCount    : <==      Total: 1
2026-10-05T17:43:24.422+08:00 DEBUG 11360 --- [fang123-backend] [nio-8090-exec-8] c.f.mapper.LoupanMapper.selectList       : <==      Total: 2
2026-10-05T17:43:24.422+08:00 DEBUG 11360 --- [fang123-backend] [nio-8090-exec-1] c.f.mapper.LoupanMapper.selectList       : ==>  Preparing: SELECT id,land_id,land_no,cover_image,project_name,short_name,district,plate,avg_unit_price,avg_unit_price_yangfang,avg_unit_price_dieshu,avg_unit_price_paiwu,min_total_price,max_total_price,price_tag,sales_address,sales_status,sales_tel,project_address,show_house_desc,opening_date,delivery_date,floor_height_min,floor_height_max,building_total,floor_min,floor_max,area_min,area_max,decorate_type,property_right_year,house_type,community_facility,people_car_separate,property_fee_high,property_fee_villa,property_company,park_total,park_sell_num,park_ratio,facade_material,self_hold_rate,build_area,land_area,house_total,plot_ratio,green_rate,project_company,brand_list,land_price,land_unit_price,land_buy_date,edu_support,traffic_support,medical_support,business_support,view_support,longitude,latitude,sort,deleted,create_time,update_time FROM loupan WHERE deleted=0 AND (sales_status IN (?)) ORDER BY sort DESC,create_time DESC LIMIT ?
2026-10-05T17:43:24.422+08:00 DEBUG 11360 --- [fang123-backend] [nio-8090-exec-4] c.f.m.L.selectList                       : <==      Total: 0
2026-10-05T17:43:24.422+08:00 DEBUG 11360 --- [fang123-backend] [nio-8090-exec-4] c.f.c.LoupanSpotlightController          : [spotlight] counts today=2026-10-05 presale=0 opening=0
2026-10-05T17:43:24.422+08:00 DEBUG 11360 --- [fang123-backend] [nio-8090-exec-1] c.f.mapper.LoupanMapper.selectList       : ==> Parameters: 1(Integer), 12(Long)
2026-10-05T17:43:24.426+08:00 DEBUG 11360 --- [fang123-backend] [nio-8090-exec-1] c.f.mapper.LoupanMapper.selectList       : <==      Total: 2
2026-10-05T17:43:25.279+08:00 DEBUG 11360 --- [fang123-backend] [nio-8090-exec-3] o.s.security.web.FilterChainProxy        : Securing GET /api/public/loupan-filters
2026-10-05T17:43:25.279+08:00 DEBUG 11360 --- [fang123-backend] [nio-8090-exec-6] o.s.security.web.FilterChainProxy        : Securing GET /api/public/loupan-spotlight/counts
2026-10-05T17:43:25.280+08:00 DEBUG 11360 --- [fang123-backend] [io-8090-exec-10] o.s.security.web.FilterChainProxy        : Securing GET /api/public/loupans?page=1&size=12&salesStatus=1
2026-10-05T17:43:25.280+08:00 DEBUG 11360 --- [fang123-backend] [nio-8090-exec-6] o.s.s.w.a.AnonymousAuthenticationFilter  : Set SecurityContextHolder to anonymous SecurityContext
2026-10-05T17:43:25.281+08:00 DEBUG 11360 --- [fang123-backend] [nio-8090-exec-3] o.s.s.w.a.AnonymousAuthenticationFilter  : Set SecurityContextHolder to anonymous SecurityContext
2026-10-05T17:43:25.281+08:00 DEBUG 11360 --- [fang123-backend] [io-8090-exec-10] o.s.s.w.a.AnonymousAuthenticationFilter  : Set SecurityContextHolder to anonymous SecurityContext
2026-10-05T17:43:25.281+08:00 DEBUG 11360 --- [fang123-backend] [io-8090-exec-10] o.s.security.web.FilterChainProxy        : Secured GET /api/public/loupans?page=1&size=12&salesStatus=1
2026-10-05T17:43:25.281+08:00 DEBUG 11360 --- [fang123-backend] [nio-8090-exec-6] o.s.security.web.FilterChainProxy        : Secured GET /api/public/loupan-spotlight/counts
2026-10-05T17:43:25.281+08:00 DEBUG 11360 --- [fang123-backend] [nio-8090-exec-3] o.s.security.web.FilterChainProxy        : Secured GET /api/public/loupan-filters
2026-10-05T17:43:25.283+08:00 DEBUG 11360 --- [fang123-backend] [nio-8090-exec-6] c.f.m.L.selectList                       : ==>  Preparing: SELECT id,loupan_id,project_name,publicity_date,issue_date,develop_company,location,sale_address,sale_phone,online_sale_area,permit_no,permit_no_str,deleted,create_time,update_time FROM loupan_presale_permit WHERE deleted=0 AND (loupan_id IS NOT NULL AND publicity_date IS NOT NULL AND publicity_date <= ? AND issue_date IS NOT NULL AND issue_date > ? AND publicity_date < issue_date) ORDER BY publicity_date DESC,id DESC
2026-10-05T17:43:25.283+08:00 DEBUG 11360 --- [fang123-backend] [nio-8090-exec-3] c.f.mapper.LoupanMapper.selectList       : ==>  Preparing: SELECT id,land_id,land_no,cover_image,project_name,short_name,district,plate,avg_unit_price,avg_unit_price_yangfang,avg_unit_price_dieshu,avg_unit_price_paiwu,min_total_price,max_total_price,price_tag,sales_address,sales_status,sales_tel,project_address,show_house_desc,opening_date,delivery_date,floor_height_min,floor_height_max,building_total,floor_min,floor_max,area_min,area_max,decorate_type,property_right_year,house_type,community_facility,people_car_separate,property_fee_high,property_fee_villa,property_company,park_total,park_sell_num,park_ratio,facade_material,self_hold_rate,build_area,land_area,house_total,plot_ratio,green_rate,project_company,brand_list,land_price,land_unit_price,land_buy_date,edu_support,traffic_support,medical_support,business_support,view_support,longitude,latitude,sort,deleted,create_time,update_time FROM loupan WHERE deleted=0
2026-10-05T17:43:25.283+08:00 DEBUG 11360 --- [fang123-backend] [nio-8090-exec-3] c.f.mapper.LoupanMapper.selectList       : ==> Parameters: 
2026-10-05T17:43:25.283+08:00 DEBUG 11360 --- [fang123-backend] [nio-8090-exec-6] c.f.m.L.selectList                       : ==> Parameters: 2026-10-05(LocalDate), 2026-10-05(LocalDate)
2026-10-05T17:43:25.285+08:00 DEBUG 11360 --- [fang123-backend] [nio-8090-exec-6] c.f.m.L.selectList                       : <==      Total: 0
2026-10-05T17:43:25.286+08:00 DEBUG 11360 --- [fang123-backend] [nio-8090-exec-6] c.f.m.L.selectList                       : ==>  Preparing: SELECT id,loupan_id,project_name,publicity_date,issue_date,develop_company,location,sale_address,sale_phone,online_sale_area,permit_no,permit_no_str,deleted,create_time,update_time FROM loupan_presale_permit WHERE deleted=0 AND (loupan_id IS NOT NULL AND issue_date IS NOT NULL AND issue_date >= ? AND issue_date <= ?) ORDER BY issue_date DESC,id DESC
2026-10-05T17:43:25.286+08:00 DEBUG 11360 --- [fang123-backend] [nio-8090-exec-6] c.f.m.L.selectList                       : ==> Parameters: 2026-09-28(LocalDate), 2026-10-05(LocalDate)
2026-10-05T17:43:25.287+08:00 DEBUG 11360 --- [fang123-backend] [nio-8090-exec-6] c.f.m.L.selectList                       : <==      Total: 0
2026-10-05T17:43:25.287+08:00 DEBUG 11360 --- [fang123-backend] [nio-8090-exec-3] c.f.mapper.LoupanMapper.selectList       : <==      Total: 2
2026-10-05T17:43:25.287+08:00 DEBUG 11360 --- [fang123-backend] [nio-8090-exec-6] c.f.c.LoupanSpotlightController          : [spotlight] counts today=2026-10-05 presale=0 opening=0
2026-10-05T17:43:25.288+08:00 DEBUG 11360 --- [fang123-backend] [io-8090-exec-10] c.f.m.LoupanMapper.selectList_mpCount    : ==>  Preparing: SELECT COUNT(*) AS total FROM loupan WHERE deleted = 0 AND (sales_status IN (?))
2026-10-05T17:43:25.288+08:00 DEBUG 11360 --- [fang123-backend] [io-8090-exec-10] c.f.m.LoupanMapper.selectList_mpCount    : ==> Parameters: 1(Integer)
2026-10-05T17:43:25.293+08:00 DEBUG 11360 --- [fang123-backend] [io-8090-exec-10] c.f.m.LoupanMapper.selectList_mpCount    : <==      Total: 1
2026-10-05T17:43:25.293+08:00 DEBUG 11360 --- [fang123-backend] [io-8090-exec-10] c.f.mapper.LoupanMapper.selectList       : ==>  Preparing: SELECT id,land_id,land_no,cover_image,project_name,short_name,district,plate,avg_unit_price,avg_unit_price_yangfang,avg_unit_price_dieshu,avg_unit_price_paiwu,min_total_price,max_total_price,price_tag,sales_address,sales_status,sales_tel,project_address,show_house_desc,opening_date,delivery_date,floor_height_min,floor_height_max,building_total,floor_min,floor_max,area_min,area_max,decorate_type,property_right_year,house_type,community_facility,people_car_separate,property_fee_high,property_fee_villa,property_company,park_total,park_sell_num,park_ratio,facade_material,self_hold_rate,build_area,land_area,house_total,plot_ratio,green_rate,project_company,brand_list,land_price,land_unit_price,land_buy_date,edu_support,traffic_support,medical_support,business_support,view_support,longitude,latitude,sort,deleted,create_time,update_time FROM loupan WHERE deleted=0 AND (sales_status IN (?)) ORDER BY sort DESC,create_time DESC LIMIT ?
2026-10-05T17:43:25.294+08:00 DEBUG 11360 --- [fang123-backend] [io-8090-exec-10] c.f.mapper.LoupanMapper.selectList       : ==> Parameters: 1(Integer), 12(Long)
2026-10-05T17:43:25.295+08:00 DEBUG 11360 --- [fang123-backend] [io-8090-exec-10] c.f.mapper.LoupanMapper.selectList       : <==      Total: 2
2026-10-05T17:43:26.097+08:00 DEBUG 11360 --- [fang123-backend] [nio-8090-exec-9] o.s.security.web.FilterChainProxy        : Securing GET /api/public/loupan-filters
2026-10-05T17:43:26.097+08:00 DEBUG 11360 --- [fang123-backend] [nio-8090-exec-7] o.s.security.web.FilterChainProxy        : Securing GET /api/public/loupans?page=1&size=12&salesStatus=1
2026-10-05T17:43:26.097+08:00 DEBUG 11360 --- [fang123-backend] [nio-8090-exec-2] o.s.security.web.FilterChainProxy        : Securing GET /api/public/loupan-spotlight/counts
2026-10-05T17:43:26.099+08:00 DEBUG 11360 --- [fang123-backend] [nio-8090-exec-2] o.s.s.w.a.AnonymousAuthenticationFilter  : Set SecurityContextHolder to anonymous SecurityContext
2026-10-05T17:43:26.099+08:00 DEBUG 11360 --- [fang123-backend] [nio-8090-exec-7] o.s.s.w.a.AnonymousAuthenticationFilter  : Set SecurityContextHolder to anonymous SecurityContext
2026-10-05T17:43:26.099+08:00 DEBUG 11360 --- [fang123-backend] [nio-8090-exec-9] o.s.s.w.a.AnonymousAuthenticationFilter  : Set SecurityContextHolder to anonymous SecurityContext
2026-10-05T17:43:26.099+08:00 DEBUG 11360 --- [fang123-backend] [nio-8090-exec-2] o.s.security.web.FilterChainProxy        : Secured GET /api/public/loupan-spotlight/counts
2026-10-05T17:43:26.099+08:00 DEBUG 11360 --- [fang123-backend] [nio-8090-exec-9] o.s.security.web.FilterChainProxy        : Secured GET /api/public/loupan-filters
2026-10-05T17:43:26.100+08:00 DEBUG 11360 --- [fang123-backend] [nio-8090-exec-7] o.s.security.web.FilterChainProxy        : Secured GET /api/public/loupans?page=1&size=12&salesStatus=1
2026-10-05T17:43:26.101+08:00 DEBUG 11360 --- [fang123-backend] [nio-8090-exec-2] c.f.m.L.selectList                       : ==>  Preparing: SELECT id,loupan_id,project_name,publicity_date,issue_date,develop_company,location,sale_address,sale_phone,online_sale_area,permit_no,permit_no_str,deleted,create_time,update_time FROM loupan_presale_permit WHERE deleted=0 AND (loupan_id IS NOT NULL AND publicity_date IS NOT NULL AND publicity_date <= ? AND issue_date IS NOT NULL AND issue_date > ? AND publicity_date < issue_date) ORDER BY publicity_date DESC,id DESC
2026-10-05T17:43:26.102+08:00 DEBUG 11360 --- [fang123-backend] [nio-8090-exec-2] c.f.m.L.selectList                       : ==> Parameters: 2026-10-05(LocalDate), 2026-10-05(LocalDate)
2026-10-05T17:43:26.102+08:00 DEBUG 11360 --- [fang123-backend] [nio-8090-exec-9] c.f.mapper.LoupanMapper.selectList       : ==>  Preparing: SELECT id,land_id,land_no,cover_image,project_name,short_name,district,plate,avg_unit_price,avg_unit_price_yangfang,avg_unit_price_dieshu,avg_unit_price_paiwu,min_total_price,max_total_price,price_tag,sales_address,sales_status,sales_tel,project_address,show_house_desc,opening_date,delivery_date,floor_height_min,floor_height_max,building_total,floor_min,floor_max,area_min,area_max,decorate_type,property_right_year,house_type,community_facility,people_car_separate,property_fee_high,property_fee_villa,property_company,park_total,park_sell_num,park_ratio,facade_material,self_hold_rate,build_area,land_area,house_total,plot_ratio,green_rate,project_company,brand_list,land_price,land_unit_price,land_buy_date,edu_support,traffic_support,medical_support,business_support,view_support,longitude,latitude,sort,deleted,create_time,update_time FROM loupan WHERE deleted=0
2026-10-05T17:43:26.102+08:00 DEBUG 11360 --- [fang123-backend] [nio-8090-exec-9] c.f.mapper.LoupanMapper.selectList       : ==> Parameters: 
2026-10-05T17:43:26.103+08:00 DEBUG 11360 --- [fang123-backend] [nio-8090-exec-2] c.f.m.L.selectList                       : <==      Total: 0
2026-10-05T17:43:26.105+08:00 DEBUG 11360 --- [fang123-backend] [nio-8090-exec-2] c.f.m.L.selectList                       : ==>  Preparing: SELECT id,loupan_id,project_name,publicity_date,issue_date,develop_company,location,sale_address,sale_phone,online_sale_area,permit_no,permit_no_str,deleted,create_time,update_time FROM loupan_presale_permit WHERE deleted=0 AND (loupan_id IS NOT NULL AND issue_date IS NOT NULL AND issue_date >= ? AND issue_date <= ?) ORDER BY issue_date DESC,id DESC
2026-10-05T17:43:26.106+08:00 DEBUG 11360 --- [fang123-backend] [nio-8090-exec-2] c.f.m.L.selectList                       : ==> Parameters: 2026-09-28(LocalDate), 2026-10-05(LocalDate)
2026-10-05T17:43:26.107+08:00 DEBUG 11360 --- [fang123-backend] [nio-8090-exec-9] c.f.mapper.LoupanMapper.selectList       : <==      Total: 2
2026-10-05T17:43:26.109+08:00 DEBUG 11360 --- [fang123-backend] [nio-8090-exec-7] c.f.m.LoupanMapper.selectList_mpCount    : ==>  Preparing: SELECT COUNT(*) AS total FROM loupan WHERE deleted = 0 AND (sales_status IN (?))
2026-10-05T17:43:26.110+08:00 DEBUG 11360 --- [fang123-backend] [nio-8090-exec-7] c.f.m.LoupanMapper.selectList_mpCount    : ==> Parameters: 1(Integer)
2026-10-05T17:43:26.112+08:00 DEBUG 11360 --- [fang123-backend] [nio-8090-exec-2] c.f.m.L.selectList                       : <==      Total: 0
2026-10-05T17:43:26.112+08:00 DEBUG 11360 --- [fang123-backend] [nio-8090-exec-7] c.f.m.LoupanMapper.selectList_mpCount    : <==      Total: 1
2026-10-05T17:43:26.114+08:00 DEBUG 11360 --- [fang123-backend] [nio-8090-exec-7] c.f.mapper.LoupanMapper.selectList       : ==>  Preparing: SELECT id,land_id,land_no,cover_image,project_name,short_name,district,plate,avg_unit_price,avg_unit_price_yangfang,avg_unit_price_dieshu,avg_unit_price_paiwu,min_total_price,max_total_price,price_tag,sales_address,sales_status,sales_tel,project_address,show_house_desc,opening_date,delivery_date,floor_height_min,floor_height_max,building_total,floor_min,floor_max,area_min,area_max,decorate_type,property_right_year,house_type,community_facility,people_car_separate,property_fee_high,property_fee_villa,property_company,park_total,park_sell_num,park_ratio,facade_material,self_hold_rate,build_area,land_area,house_total,plot_ratio,green_rate,project_company,brand_list,land_price,land_unit_price,land_buy_date,edu_support,traffic_support,medical_support,business_support,view_support,longitude,latitude,sort,deleted,create_time,update_time FROM loupan WHERE deleted=0 AND (sales_status IN (?)) ORDER BY sort DESC,create_time DESC LIMIT ?
2026-10-05T17:43:26.114+08:00 DEBUG 11360 --- [fang123-backend] [nio-8090-exec-7] c.f.mapper.LoupanMapper.selectList       : ==> Parameters: 1(Integer), 12(Long)
2026-10-05T17:43:26.114+08:00 DEBUG 11360 --- [fang123-backend] [nio-8090-exec-2] c.f.c.LoupanSpotlightController          : [spotlight] counts today=2026-10-05 presale=0 opening=0
2026-10-05T17:43:26.117+08:00 DEBUG 11360 --- [fang123-backend] [nio-8090-exec-7] c.f.mapper.LoupanMapper.selectList       : <==      Total: 2
2026-10-05T17:43:27.069+08:00 DEBUG 11360 --- [fang123-backend] [nio-8090-exec-8] o.s.security.web.FilterChainProxy        : Securing GET /api/public/loupans?page=1&size=12&salesStatus=1
2026-10-05T17:43:27.069+08:00 DEBUG 11360 --- [fang123-backend] [nio-8090-exec-4] o.s.security.web.FilterChainProxy        : Securing GET /api/public/loupan-spotlight/counts
2026-10-05T17:43:27.069+08:00 DEBUG 11360 --- [fang123-backend] [nio-8090-exec-5] o.s.security.web.FilterChainProxy        : Securing GET /api/public/loupan-filters
2026-10-05T17:43:27.070+08:00 DEBUG 11360 --- [fang123-backend] [nio-8090-exec-4] o.s.s.w.a.AnonymousAuthenticationFilter  : Set SecurityContextHolder to anonymous SecurityContext
2026-10-05T17:43:27.070+08:00 DEBUG 11360 --- [fang123-backend] [nio-8090-exec-5] o.s.s.w.a.AnonymousAuthenticationFilter  : Set SecurityContextHolder to anonymous SecurityContext
2026-10-05T17:43:27.071+08:00 DEBUG 11360 --- [fang123-backend] [nio-8090-exec-4] o.s.security.web.FilterChainProxy        : Secured GET /api/public/loupan-spotlight/counts
2026-10-05T17:43:27.071+08:00 DEBUG 11360 --- [fang123-backend] [nio-8090-exec-8] o.s.s.w.a.AnonymousAuthenticationFilter  : Set SecurityContextHolder to anonymous SecurityContext
2026-10-05T17:43:27.071+08:00 DEBUG 11360 --- [fang123-backend] [nio-8090-exec-5] o.s.security.web.FilterChainProxy        : Secured GET /api/public/loupan-filters
2026-10-05T17:43:27.071+08:00 DEBUG 11360 --- [fang123-backend] [nio-8090-exec-8] o.s.security.web.FilterChainProxy        : Secured GET /api/public/loupans?page=1&size=12&salesStatus=1
2026-10-05T17:43:27.072+08:00 DEBUG 11360 --- [fang123-backend] [nio-8090-exec-5] c.f.mapper.LoupanMapper.selectList       : ==>  Preparing: SELECT id,land_id,land_no,cover_image,project_name,short_name,district,plate,avg_unit_price,avg_unit_price_yangfang,avg_unit_price_dieshu,avg_unit_price_paiwu,min_total_price,max_total_price,price_tag,sales_address,sales_status,sales_tel,project_address,show_house_desc,opening_date,delivery_date,floor_height_min,floor_height_max,building_total,floor_min,floor_max,area_min,area_max,decorate_type,property_right_year,house_type,community_facility,people_car_separate,property_fee_high,property_fee_villa,property_company,park_total,park_sell_num,park_ratio,facade_material,self_hold_rate,build_area,land_area,house_total,plot_ratio,green_rate,project_company,brand_list,land_price,land_unit_price,land_buy_date,edu_support,traffic_support,medical_support,business_support,view_support,longitude,latitude,sort,deleted,create_time,update_time FROM loupan WHERE deleted=0
2026-10-05T17:43:27.073+08:00 DEBUG 11360 --- [fang123-backend] [nio-8090-exec-5] c.f.mapper.LoupanMapper.selectList       : ==> Parameters: 
2026-10-05T17:43:27.074+08:00 DEBUG 11360 --- [fang123-backend] [nio-8090-exec-4] c.f.m.L.selectList                       : ==>  Preparing: SELECT id,loupan_id,project_name,publicity_date,issue_date,develop_company,location,sale_address,sale_phone,online_sale_area,permit_no,permit_no_str,deleted,create_time,update_time FROM loupan_presale_permit WHERE deleted=0 AND (loupan_id IS NOT NULL AND publicity_date IS NOT NULL AND publicity_date <= ? AND issue_date IS NOT NULL AND issue_date > ? AND publicity_date < issue_date) ORDER BY publicity_date DESC,id DESC
2026-10-05T17:43:27.075+08:00 DEBUG 11360 --- [fang123-backend] [nio-8090-exec-4] c.f.m.L.selectList                       : ==> Parameters: 2026-10-05(LocalDate), 2026-10-05(LocalDate)
2026-10-05T17:43:27.079+08:00 DEBUG 11360 --- [fang123-backend] [nio-8090-exec-5] c.f.mapper.LoupanMapper.selectList       : <==      Total: 2
2026-10-05T17:43:27.085+08:00 DEBUG 11360 --- [fang123-backend] [nio-8090-exec-8] c.f.m.LoupanMapper.selectList_mpCount    : ==>  Preparing: SELECT COUNT(*) AS total FROM loupan WHERE deleted = 0 AND (sales_status IN (?))
2026-10-05T17:43:27.086+08:00 DEBUG 11360 --- [fang123-backend] [nio-8090-exec-4] c.f.m.L.selectList                       : <==      Total: 0
2026-10-05T17:43:27.086+08:00 DEBUG 11360 --- [fang123-backend] [nio-8090-exec-8] c.f.m.LoupanMapper.selectList_mpCount    : ==> Parameters: 1(Integer)
2026-10-05T17:43:27.087+08:00 DEBUG 11360 --- [fang123-backend] [nio-8090-exec-4] c.f.m.L.selectList                       : ==>  Preparing: SELECT id,loupan_id,project_name,publicity_date,issue_date,develop_company,location,sale_address,sale_phone,online_sale_area,permit_no,permit_no_str,deleted,create_time,update_time FROM loupan_presale_permit WHERE deleted=0 AND (loupan_id IS NOT NULL AND issue_date IS NOT NULL AND issue_date >= ? AND issue_date <= ?) ORDER BY issue_date DESC,id DESC
2026-10-05T17:43:27.087+08:00 DEBUG 11360 --- [fang123-backend] [nio-8090-exec-4] c.f.m.L.selectList                       : ==> Parameters: 2026-09-28(LocalDate), 2026-10-05(LocalDate)
2026-10-05T17:43:27.089+08:00 DEBUG 11360 --- [fang123-backend] [nio-8090-exec-8] c.f.m.LoupanMapper.selectList_mpCount    : <==      Total: 1
2026-10-05T17:43:27.090+08:00 DEBUG 11360 --- [fang123-backend] [nio-8090-exec-8] c.f.mapper.LoupanMapper.selectList       : ==>  Preparing: SELECT id,land_id,land_no,cover_image,project_name,short_name,district,plate,avg_unit_price,avg_unit_price_yangfang,avg_unit_price_dieshu,avg_unit_price_paiwu,min_total_price,max_total_price,price_tag,sales_address,sales_status,sales_tel,project_address,show_house_desc,opening_date,delivery_date,floor_height_min,floor_height_max,building_total,floor_min,floor_max,area_min,area_max,decorate_type,property_right_year,house_type,community_facility,people_car_separate,property_fee_high,property_fee_villa,property_company,park_total,park_sell_num,park_ratio,facade_material,self_hold_rate,build_area,land_area,house_total,plot_ratio,green_rate,project_company,brand_list,land_price,land_unit_price,land_buy_date,edu_support,traffic_support,medical_support,business_support,view_support,longitude,latitude,sort,deleted,create_time,update_time FROM loupan WHERE deleted=0 AND (sales_status IN (?)) ORDER BY sort DESC,create_time DESC LIMIT ?
2026-10-05T17:43:27.091+08:00 DEBUG 11360 --- [fang123-backend] [nio-8090-exec-8] c.f.mapper.LoupanMapper.selectList       : ==> Parameters: 1(Integer), 12(Long)
2026-10-05T17:43:27.091+08:00 DEBUG 11360 --- [fang123-backend] [nio-8090-exec-4] c.f.m.L.selectList                       : <==      Total: 0
2026-10-05T17:43:27.091+08:00 DEBUG 11360 --- [fang123-backend] [nio-8090-exec-4] c.f.c.LoupanSpotlightController          : [spotlight] counts today=2026-10-05 presale=0 opening=0
2026-10-05T17:43:27.093+08:00 DEBUG 11360 --- [fang123-backend] [nio-8090-exec-8] c.f.mapper.LoupanMapper.selectList       : <==      Total: 2
2026-10-05T17:43:27.936+08:00 DEBUG 11360 --- [fang123-backend] [nio-8090-exec-3] o.s.security.web.FilterChainProxy        : Securing GET /api/public/loupan-filters
2026-10-05T17:43:27.936+08:00 DEBUG 11360 --- [fang123-backend] [nio-8090-exec-1] o.s.security.web.FilterChainProxy        : Securing GET /api/public/loupans?page=1&size=12&salesStatus=1
2026-10-05T17:43:27.936+08:00 DEBUG 11360 --- [fang123-backend] [nio-8090-exec-6] o.s.security.web.FilterChainProxy        : Securing GET /api/public/loupan-spotlight/counts
2026-10-05T17:43:27.937+08:00 DEBUG 11360 --- [fang123-backend] [nio-8090-exec-1] o.s.s.w.a.AnonymousAuthenticationFilter  : Set SecurityContextHolder to anonymous SecurityContext
2026-10-05T17:43:27.938+08:00 DEBUG 11360 --- [fang123-backend] [nio-8090-exec-3] o.s.s.w.a.AnonymousAuthenticationFilter  : Set SecurityContextHolder to anonymous SecurityContext
2026-10-05T17:43:27.938+08:00 DEBUG 11360 --- [fang123-backend] [nio-8090-exec-1] o.s.security.web.FilterChainProxy        : Secured GET /api/public/loupans?page=1&size=12&salesStatus=1
2026-10-05T17:43:27.938+08:00 DEBUG 11360 --- [fang123-backend] [nio-8090-exec-3] o.s.security.web.FilterChainProxy        : Secured GET /api/public/loupan-filters
2026-10-05T17:43:27.940+08:00 DEBUG 11360 --- [fang123-backend] [nio-8090-exec-6] o.s.s.w.a.AnonymousAuthenticationFilter  : Set SecurityContextHolder to anonymous SecurityContext
2026-10-05T17:43:27.941+08:00 DEBUG 11360 --- [fang123-backend] [nio-8090-exec-6] o.s.security.web.FilterChainProxy        : Secured GET /api/public/loupan-spotlight/counts
2026-10-05T17:43:27.941+08:00 DEBUG 11360 --- [fang123-backend] [nio-8090-exec-3] c.f.mapper.LoupanMapper.selectList       : ==>  Preparing: SELECT id,land_id,land_no,cover_image,project_name,short_name,district,plate,avg_unit_price,avg_unit_price_yangfang,avg_unit_price_dieshu,avg_unit_price_paiwu,min_total_price,max_total_price,price_tag,sales_address,sales_status,sales_tel,project_address,show_house_desc,opening_date,delivery_date,floor_height_min,floor_height_max,building_total,floor_min,floor_max,area_min,area_max,decorate_type,property_right_year,house_type,community_facility,people_car_separate,property_fee_high,property_fee_villa,property_company,park_total,park_sell_num,park_ratio,facade_material,self_hold_rate,build_area,land_area,house_total,plot_ratio,green_rate,project_company,brand_list,land_price,land_unit_price,land_buy_date,edu_support,traffic_support,medical_support,business_support,view_support,longitude,latitude,sort,deleted,create_time,update_time FROM loupan WHERE deleted=0
2026-10-05T17:43:27.942+08:00 DEBUG 11360 --- [fang123-backend] [nio-8090-exec-6] c.f.m.L.selectList                       : ==>  Preparing: SELECT id,loupan_id,project_name,publicity_date,issue_date,develop_company,location,sale_address,sale_phone,online_sale_area,permit_no,permit_no_str,deleted,create_time,update_time FROM loupan_presale_permit WHERE deleted=0 AND (loupan_id IS NOT NULL AND publicity_date IS NOT NULL AND publicity_date <= ? AND issue_date IS NOT NULL AND issue_date > ? AND publicity_date < issue_date) ORDER BY publicity_date DESC,id DESC
2026-10-05T17:43:27.942+08:00 DEBUG 11360 --- [fang123-backend] [nio-8090-exec-3] c.f.mapper.LoupanMapper.selectList       : ==> Parameters: 
2026-10-05T17:43:27.942+08:00 DEBUG 11360 --- [fang123-backend] [nio-8090-exec-6] c.f.m.L.selectList                       : ==> Parameters: 2026-10-05(LocalDate), 2026-10-05(LocalDate)
2026-10-05T17:43:27.944+08:00 DEBUG 11360 --- [fang123-backend] [nio-8090-exec-6] c.f.m.L.selectList                       : <==      Total: 0
2026-10-05T17:43:27.945+08:00 DEBUG 11360 --- [fang123-backend] [nio-8090-exec-1] c.f.m.LoupanMapper.selectList_mpCount    : ==>  Preparing: SELECT COUNT(*) AS total FROM loupan WHERE deleted = 0 AND (sales_status IN (?))
2026-10-05T17:43:27.945+08:00 DEBUG 11360 --- [fang123-backend] [nio-8090-exec-1] c.f.m.LoupanMapper.selectList_mpCount    : ==> Parameters: 1(Integer)
2026-10-05T17:43:27.945+08:00 DEBUG 11360 --- [fang123-backend] [nio-8090-exec-6] c.f.m.L.selectList                       : ==>  Preparing: SELECT id,loupan_id,project_name,publicity_date,issue_date,develop_company,location,sale_address,sale_phone,online_sale_area,permit_no,permit_no_str,deleted,create_time,update_time FROM loupan_presale_permit WHERE deleted=0 AND (loupan_id IS NOT NULL AND issue_date IS NOT NULL AND issue_date >= ? AND issue_date <= ?) ORDER BY issue_date DESC,id DESC
2026-10-05T17:43:27.945+08:00 DEBUG 11360 --- [fang123-backend] [nio-8090-exec-6] c.f.m.L.selectList                       : ==> Parameters: 2026-09-28(LocalDate), 2026-10-05(LocalDate)
2026-10-05T17:43:27.945+08:00 DEBUG 11360 --- [fang123-backend] [nio-8090-exec-1] c.f.m.LoupanMapper.selectList_mpCount    : <==      Total: 1
2026-10-05T17:43:27.946+08:00 DEBUG 11360 --- [fang123-backend] [nio-8090-exec-1] c.f.mapper.LoupanMapper.selectList       : ==>  Preparing: SELECT id,land_id,land_no,cover_image,project_name,short_name,district,plate,avg_unit_price,avg_unit_price_yangfang,avg_unit_price_dieshu,avg_unit_price_paiwu,min_total_price,max_total_price,price_tag,sales_address,sales_status,sales_tel,project_address,show_house_desc,opening_date,delivery_date,floor_height_min,floor_height_max,building_total,floor_min,floor_max,area_min,area_max,decorate_type,property_right_year,house_type,community_facility,people_car_separate,property_fee_high,property_fee_villa,property_company,park_total,park_sell_num,park_ratio,facade_material,self_hold_rate,build_area,land_area,house_total,plot_ratio,green_rate,project_company,brand_list,land_price,land_unit_price,land_buy_date,edu_support,traffic_support,medical_support,business_support,view_support,longitude,latitude,sort,deleted,create_time,update_time FROM loupan WHERE deleted=0 AND (sales_status IN (?)) ORDER BY sort DESC,create_time DESC LIMIT ?
2026-10-05T17:43:27.946+08:00 DEBUG 11360 --- [fang123-backend] [nio-8090-exec-1] c.f.mapper.LoupanMapper.selectList       : ==> Parameters: 1(Integer), 12(Long)
2026-10-05T17:43:27.946+08:00 DEBUG 11360 --- [fang123-backend] [nio-8090-exec-6] c.f.m.L.selectList                       : <==      Total: 0
2026-10-05T17:43:27.946+08:00 DEBUG 11360 --- [fang123-backend] [nio-8090-exec-6] c.f.c.LoupanSpotlightController          : [spotlight] counts today=2026-10-05 presale=0 opening=0
2026-10-05T17:43:27.946+08:00 DEBUG 11360 --- [fang123-backend] [nio-8090-exec-3] c.f.mapper.LoupanMapper.selectList       : <==      Total: 2
2026-10-05T17:43:27.949+08:00 DEBUG 11360 --- [fang123-backend] [nio-8090-exec-1] c.f.mapper.LoupanMapper.selectList       : <==      Total: 2
2026-10-05T17:43:29.144+08:00 DEBUG 11360 --- [fang123-backend] [io-8090-exec-10] o.s.security.web.FilterChainProxy        : Securing GET /api/public/loupans?page=1&size=12
2026-10-05T17:43:29.147+08:00 DEBUG 11360 --- [fang123-backend] [io-8090-exec-10] o.s.s.w.a.AnonymousAuthenticationFilter  : Set SecurityContextHolder to anonymous SecurityContext
2026-10-05T17:43:29.147+08:00 DEBUG 11360 --- [fang123-backend] [io-8090-exec-10] o.s.security.web.FilterChainProxy        : Secured GET /api/public/loupans?page=1&size=12
2026-10-05T17:43:29.156+08:00 DEBUG 11360 --- [fang123-backend] [io-8090-exec-10] c.f.m.LoupanMapper.selectList_mpCount    : ==>  Preparing: SELECT COUNT(*) AS total FROM loupan WHERE deleted = 0
2026-10-05T17:43:29.157+08:00 DEBUG 11360 --- [fang123-backend] [io-8090-exec-10] c.f.m.LoupanMapper.selectList_mpCount    : ==> Parameters: 
2026-10-05T17:43:29.159+08:00 DEBUG 11360 --- [fang123-backend] [io-8090-exec-10] c.f.m.LoupanMapper.selectList_mpCount    : <==      Total: 1
2026-10-05T17:43:29.159+08:00 DEBUG 11360 --- [fang123-backend] [io-8090-exec-10] c.f.mapper.LoupanMapper.selectList       : ==>  Preparing: SELECT id,land_id,land_no,cover_image,project_name,short_name,district,plate,avg_unit_price,avg_unit_price_yangfang,avg_unit_price_dieshu,avg_unit_price_paiwu,min_total_price,max_total_price,price_tag,sales_address,sales_status,sales_tel,project_address,show_house_desc,opening_date,delivery_date,floor_height_min,floor_height_max,building_total,floor_min,floor_max,area_min,area_max,decorate_type,property_right_year,house_type,community_facility,people_car_separate,property_fee_high,property_fee_villa,property_company,park_total,park_sell_num,park_ratio,facade_material,self_hold_rate,build_area,land_area,house_total,plot_ratio,green_rate,project_company,brand_list,land_price,land_unit_price,land_buy_date,edu_support,traffic_support,medical_support,business_support,view_support,longitude,latitude,sort,deleted,create_time,update_time FROM loupan WHERE deleted=0 ORDER BY sort DESC,create_time DESC LIMIT ?
2026-10-05T17:43:29.160+08:00 DEBUG 11360 --- [fang123-backend] [io-8090-exec-10] c.f.mapper.LoupanMapper.selectList       : ==> Parameters: 12(Long)
2026-10-05T17:43:29.165+08:00 DEBUG 11360 --- [fang123-backend] [io-8090-exec-10] c.f.mapper.LoupanMapper.selectList       : <==      Total: 2
2026-10-05T17:43:29.993+08:00 DEBUG 11360 --- [fang123-backend] [nio-8090-exec-9] o.s.security.web.FilterChainProxy        : Securing GET /api/public/loupans?page=1&size=12
2026-10-05T17:43:29.999+08:00 DEBUG 11360 --- [fang123-backend] [nio-8090-exec-9] o.s.s.w.a.AnonymousAuthenticationFilter  : Set SecurityContextHolder to anonymous SecurityContext
2026-10-05T17:43:29.999+08:00 DEBUG 11360 --- [fang123-backend] [nio-8090-exec-9] o.s.security.web.FilterChainProxy        : Secured GET /api/public/loupans?page=1&size=12
2026-10-05T17:43:30.008+08:00 DEBUG 11360 --- [fang123-backend] [nio-8090-exec-9] c.f.m.LoupanMapper.selectList_mpCount    : ==>  Preparing: SELECT COUNT(*) AS total FROM loupan WHERE deleted = 0
2026-10-05T17:43:30.009+08:00 DEBUG 11360 --- [fang123-backend] [nio-8090-exec-9] c.f.m.LoupanMapper.selectList_mpCount    : ==> Parameters: 
2026-10-05T17:43:30.011+08:00 DEBUG 11360 --- [fang123-backend] [nio-8090-exec-9] c.f.m.LoupanMapper.selectList_mpCount    : <==      Total: 1
2026-10-05T17:43:30.013+08:00 DEBUG 11360 --- [fang123-backend] [nio-8090-exec-9] c.f.mapper.LoupanMapper.selectList       : ==>  Preparing: SELECT id,land_id,land_no,cover_image,project_name,short_name,district,plate,avg_unit_price,avg_unit_price_yangfang,avg_unit_price_dieshu,avg_unit_price_paiwu,min_total_price,max_total_price,price_tag,sales_address,sales_status,sales_tel,project_address,show_house_desc,opening_date,delivery_date,floor_height_min,floor_height_max,building_total,floor_min,floor_max,area_min,area_max,decorate_type,property_right_year,house_type,community_facility,people_car_separate,property_fee_high,property_fee_villa,property_company,park_total,park_sell_num,park_ratio,facade_material,self_hold_rate,build_area,land_area,house_total,plot_ratio,green_rate,project_company,brand_list,land_price,land_unit_price,land_buy_date,edu_support,traffic_support,medical_support,business_support,view_support,longitude,latitude,sort,deleted,create_time,update_time FROM loupan WHERE deleted=0 ORDER BY sort DESC,create_time DESC LIMIT ?
2026-10-05T17:43:30.014+08:00 DEBUG 11360 --- [fang123-backend] [nio-8090-exec-9] c.f.mapper.LoupanMapper.selectList       : ==> Parameters: 12(Long)
2026-10-05T17:43:30.025+08:00 DEBUG 11360 --- [fang123-backend] [nio-8090-exec-9] c.f.mapper.LoupanMapper.selectList       : <==      Total: 2
2026-10-05T17:43:31.467+08:00 DEBUG 11360 --- [fang123-backend] [nio-8090-exec-2] o.s.security.web.FilterChainProxy        : Securing GET /api/public/loupans?page=1&size=12&salesStatus=1
2026-10-05T17:43:31.467+08:00 DEBUG 11360 --- [fang123-backend] [nio-8090-exec-7] o.s.security.web.FilterChainProxy        : Securing GET /api/public/loupan-filters
2026-10-05T17:43:31.467+08:00 DEBUG 11360 --- [fang123-backend] [nio-8090-exec-5] o.s.security.web.FilterChainProxy        : Securing GET /api/public/loupan-spotlight/counts
2026-10-05T17:43:31.470+08:00 DEBUG 11360 --- [fang123-backend] [nio-8090-exec-2] o.s.s.w.a.AnonymousAuthenticationFilter  : Set SecurityContextHolder to anonymous SecurityContext
2026-10-05T17:43:31.470+08:00 DEBUG 11360 --- [fang123-backend] [nio-8090-exec-7] o.s.s.w.a.AnonymousAuthenticationFilter  : Set SecurityContextHolder to anonymous SecurityContext
2026-10-05T17:43:31.471+08:00 DEBUG 11360 --- [fang123-backend] [nio-8090-exec-2] o.s.security.web.FilterChainProxy        : Secured GET /api/public/loupans?page=1&size=12&salesStatus=1
2026-10-05T17:43:31.471+08:00 DEBUG 11360 --- [fang123-backend] [nio-8090-exec-5] o.s.s.w.a.AnonymousAuthenticationFilter  : Set SecurityContextHolder to anonymous SecurityContext
2026-10-05T17:43:31.471+08:00 DEBUG 11360 --- [fang123-backend] [nio-8090-exec-5] o.s.security.web.FilterChainProxy        : Secured GET /api/public/loupan-spotlight/counts
2026-10-05T17:43:31.470+08:00 DEBUG 11360 --- [fang123-backend] [nio-8090-exec-7] o.s.security.web.FilterChainProxy        : Secured GET /api/public/loupan-filters
2026-10-05T17:43:31.476+08:00 DEBUG 11360 --- [fang123-backend] [nio-8090-exec-7] c.f.mapper.LoupanMapper.selectList       : ==>  Preparing: SELECT id,land_id,land_no,cover_image,project_name,short_name,district,plate,avg_unit_price,avg_unit_price_yangfang,avg_unit_price_dieshu,avg_unit_price_paiwu,min_total_price,max_total_price,price_tag,sales_address,sales_status,sales_tel,project_address,show_house_desc,opening_date,delivery_date,floor_height_min,floor_height_max,building_total,floor_min,floor_max,area_min,area_max,decorate_type,property_right_year,house_type,community_facility,people_car_separate,property_fee_high,property_fee_villa,property_company,park_total,park_sell_num,park_ratio,facade_material,self_hold_rate,build_area,land_area,house_total,plot_ratio,green_rate,project_company,brand_list,land_price,land_unit_price,land_buy_date,edu_support,traffic_support,medical_support,business_support,view_support,longitude,latitude,sort,deleted,create_time,update_time FROM loupan WHERE deleted=0
2026-10-05T17:43:31.478+08:00 DEBUG 11360 --- [fang123-backend] [nio-8090-exec-7] c.f.mapper.LoupanMapper.selectList       : ==> Parameters: 
2026-10-05T17:43:31.480+08:00 DEBUG 11360 --- [fang123-backend] [nio-8090-exec-5] c.f.m.L.selectList                       : ==>  Preparing: SELECT id,loupan_id,project_name,publicity_date,issue_date,develop_company,location,sale_address,sale_phone,online_sale_area,permit_no,permit_no_str,deleted,create_time,update_time FROM loupan_presale_permit WHERE deleted=0 AND (loupan_id IS NOT NULL AND publicity_date IS NOT NULL AND publicity_date <= ? AND issue_date IS NOT NULL AND issue_date > ? AND publicity_date < issue_date) ORDER BY publicity_date DESC,id DESC
2026-10-05T17:43:31.480+08:00 DEBUG 11360 --- [fang123-backend] [nio-8090-exec-5] c.f.m.L.selectList                       : ==> Parameters: 2026-10-05(LocalDate), 2026-10-05(LocalDate)
2026-10-05T17:43:31.486+08:00 DEBUG 11360 --- [fang123-backend] [nio-8090-exec-5] c.f.m.L.selectList                       : <==      Total: 0
2026-10-05T17:43:31.485+08:00 DEBUG 11360 --- [fang123-backend] [nio-8090-exec-2] c.f.m.LoupanMapper.selectList_mpCount    : ==>  Preparing: SELECT COUNT(*) AS total FROM loupan WHERE deleted = 0 AND (sales_status IN (?))
2026-10-05T17:43:31.488+08:00 DEBUG 11360 --- [fang123-backend] [nio-8090-exec-2] c.f.m.LoupanMapper.selectList_mpCount    : ==> Parameters: 1(Integer)
2026-10-05T17:43:31.489+08:00 DEBUG 11360 --- [fang123-backend] [nio-8090-exec-2] c.f.m.LoupanMapper.selectList_mpCount    : <==      Total: 1
2026-10-05T17:43:31.490+08:00 DEBUG 11360 --- [fang123-backend] [nio-8090-exec-5] c.f.m.L.selectList                       : ==>  Preparing: SELECT id,loupan_id,project_name,publicity_date,issue_date,develop_company,location,sale_address,sale_phone,online_sale_area,permit_no,permit_no_str,deleted,create_time,update_time FROM loupan_presale_permit WHERE deleted=0 AND (loupan_id IS NOT NULL AND issue_date IS NOT NULL AND issue_date >= ? AND issue_date <= ?) ORDER BY issue_date DESC,id DESC
2026-10-05T17:43:31.490+08:00 DEBUG 11360 --- [fang123-backend] [nio-8090-exec-5] c.f.m.L.selectList                       : ==> Parameters: 2026-09-28(LocalDate), 2026-10-05(LocalDate)
2026-10-05T17:43:31.490+08:00 DEBUG 11360 --- [fang123-backend] [nio-8090-exec-2] c.f.mapper.LoupanMapper.selectList       : ==>  Preparing: SELECT id,land_id,land_no,cover_image,project_name,short_name,district,plate,avg_unit_price,avg_unit_price_yangfang,avg_unit_price_dieshu,avg_unit_price_paiwu,min_total_price,max_total_price,price_tag,sales_address,sales_status,sales_tel,project_address,show_house_desc,opening_date,delivery_date,floor_height_min,floor_height_max,building_total,floor_min,floor_max,area_min,area_max,decorate_type,property_right_year,house_type,community_facility,people_car_separate,property_fee_high,property_fee_villa,property_company,park_total,park_sell_num,park_ratio,facade_material,self_hold_rate,build_area,land_area,house_total,plot_ratio,green_rate,project_company,brand_list,land_price,land_unit_price,land_buy_date,edu_support,traffic_support,medical_support,business_support,view_support,longitude,latitude,sort,deleted,create_time,update_time FROM loupan WHERE deleted=0 AND (sales_status IN (?)) ORDER BY sort DESC,create_time DESC LIMIT ?
2026-10-05T17:43:31.491+08:00 DEBUG 11360 --- [fang123-backend] [nio-8090-exec-2] c.f.mapper.LoupanMapper.selectList       : ==> Parameters: 1(Integer), 12(Long)
2026-10-05T17:43:31.493+08:00 DEBUG 11360 --- [fang123-backend] [nio-8090-exec-7] c.f.mapper.LoupanMapper.selectList       : <==      Total: 2
2026-10-05T17:43:31.493+08:00 DEBUG 11360 --- [fang123-backend] [nio-8090-exec-5] c.f.m.L.selectList                       : <==      Total: 0
2026-10-05T17:43:31.493+08:00 DEBUG 11360 --- [fang123-backend] [nio-8090-exec-5] c.f.c.LoupanSpotlightController          : [spotlight] counts today=2026-10-05 presale=0 opening=0
2026-10-05T17:43:31.515+08:00 DEBUG 11360 --- [fang123-backend] [nio-8090-exec-2] c.f.mapper.LoupanMapper.selectList       : <==      Total: 2
2026-10-05T17:43:33.305+08:00 DEBUG 11360 --- [fang123-backend] [nio-8090-exec-4] o.s.security.web.FilterChainProxy        : Securing GET /api/public/loupan-filters
2026-10-05T17:43:33.305+08:00 DEBUG 11360 --- [fang123-backend] [nio-8090-exec-8] o.s.security.web.FilterChainProxy        : Securing GET /api/public/loupan-spotlight/counts
2026-10-05T17:43:33.305+08:00 DEBUG 11360 --- [fang123-backend] [nio-8090-exec-6] o.s.security.web.FilterChainProxy        : Securing GET /api/public/loupans?page=1&size=12&salesStatus=1
2026-10-05T17:43:33.314+08:00 DEBUG 11360 --- [fang123-backend] [nio-8090-exec-6] o.s.s.w.a.AnonymousAuthenticationFilter  : Set SecurityContextHolder to anonymous SecurityContext
2026-10-05T17:43:33.314+08:00 DEBUG 11360 --- [fang123-backend] [nio-8090-exec-8] o.s.s.w.a.AnonymousAuthenticationFilter  : Set SecurityContextHolder to anonymous SecurityContext
2026-10-05T17:43:33.316+08:00 DEBUG 11360 --- [fang123-backend] [nio-8090-exec-6] o.s.security.web.FilterChainProxy        : Secured GET /api/public/loupans?page=1&size=12&salesStatus=1
2026-10-05T17:43:33.314+08:00 DEBUG 11360 --- [fang123-backend] [nio-8090-exec-4] o.s.s.w.a.AnonymousAuthenticationFilter  : Set SecurityContextHolder to anonymous SecurityContext
2026-10-05T17:43:33.316+08:00 DEBUG 11360 --- [fang123-backend] [nio-8090-exec-8] o.s.security.web.FilterChainProxy        : Secured GET /api/public/loupan-spotlight/counts
2026-10-05T17:43:33.317+08:00 DEBUG 11360 --- [fang123-backend] [nio-8090-exec-4] o.s.security.web.FilterChainProxy        : Secured GET /api/public/loupan-filters
2026-10-05T17:43:33.324+08:00 DEBUG 11360 --- [fang123-backend] [nio-8090-exec-8] c.f.m.L.selectList                       : ==>  Preparing: SELECT id,loupan_id,project_name,publicity_date,issue_date,develop_company,location,sale_address,sale_phone,online_sale_area,permit_no,permit_no_str,deleted,create_time,update_time FROM loupan_presale_permit WHERE deleted=0 AND (loupan_id IS NOT NULL AND publicity_date IS NOT NULL AND publicity_date <= ? AND issue_date IS NOT NULL AND issue_date > ? AND publicity_date < issue_date) ORDER BY publicity_date DESC,id DESC
2026-10-05T17:43:33.325+08:00 DEBUG 11360 --- [fang123-backend] [nio-8090-exec-4] c.f.mapper.LoupanMapper.selectList       : ==>  Preparing: SELECT id,land_id,land_no,cover_image,project_name,short_name,district,plate,avg_unit_price,avg_unit_price_yangfang,avg_unit_price_dieshu,avg_unit_price_paiwu,min_total_price,max_total_price,price_tag,sales_address,sales_status,sales_tel,project_address,show_house_desc,opening_date,delivery_date,floor_height_min,floor_height_max,building_total,floor_min,floor_max,area_min,area_max,decorate_type,property_right_year,house_type,community_facility,people_car_separate,property_fee_high,property_fee_villa,property_company,park_total,park_sell_num,park_ratio,facade_material,self_hold_rate,build_area,land_area,house_total,plot_ratio,green_rate,project_company,brand_list,land_price,land_unit_price,land_buy_date,edu_support,traffic_support,medical_support,business_support,view_support,longitude,latitude,sort,deleted,create_time,update_time FROM loupan WHERE deleted=0
2026-10-05T17:43:33.326+08:00 DEBUG 11360 --- [fang123-backend] [nio-8090-exec-4] c.f.mapper.LoupanMapper.selectList       : ==> Parameters: 
2026-10-05T17:43:33.326+08:00 DEBUG 11360 --- [fang123-backend] [nio-8090-exec-8] c.f.m.L.selectList                       : ==> Parameters: 2026-10-05(LocalDate), 2026-10-05(LocalDate)
2026-10-05T17:43:33.333+08:00 DEBUG 11360 --- [fang123-backend] [nio-8090-exec-8] c.f.m.L.selectList                       : <==      Total: 0
2026-10-05T17:43:33.336+08:00 DEBUG 11360 --- [fang123-backend] [nio-8090-exec-6] c.f.m.LoupanMapper.selectList_mpCount    : ==>  Preparing: SELECT COUNT(*) AS total FROM loupan WHERE deleted = 0 AND (sales_status IN (?))
2026-10-05T17:43:33.337+08:00 DEBUG 11360 --- [fang123-backend] [nio-8090-exec-6] c.f.m.LoupanMapper.selectList_mpCount    : ==> Parameters: 1(Integer)
2026-10-05T17:43:33.338+08:00 DEBUG 11360 --- [fang123-backend] [nio-8090-exec-4] c.f.mapper.LoupanMapper.selectList       : <==      Total: 2
2026-10-05T17:43:33.339+08:00 DEBUG 11360 --- [fang123-backend] [nio-8090-exec-8] c.f.m.L.selectList                       : ==>  Preparing: SELECT id,loupan_id,project_name,publicity_date,issue_date,develop_company,location,sale_address,sale_phone,online_sale_area,permit_no,permit_no_str,deleted,create_time,update_time FROM loupan_presale_permit WHERE deleted=0 AND (loupan_id IS NOT NULL AND issue_date IS NOT NULL AND issue_date >= ? AND issue_date <= ?) ORDER BY issue_date DESC,id DESC
2026-10-05T17:43:33.339+08:00 DEBUG 11360 --- [fang123-backend] [nio-8090-exec-8] c.f.m.L.selectList                       : ==> Parameters: 2026-09-28(LocalDate), 2026-10-05(LocalDate)
2026-10-05T17:43:33.340+08:00 DEBUG 11360 --- [fang123-backend] [nio-8090-exec-6] c.f.m.LoupanMapper.selectList_mpCount    : <==      Total: 1
2026-10-05T17:43:33.340+08:00 DEBUG 11360 --- [fang123-backend] [nio-8090-exec-6] c.f.mapper.LoupanMapper.selectList       : ==>  Preparing: SELECT id,land_id,land_no,cover_image,project_name,short_name,district,plate,avg_unit_price,avg_unit_price_yangfang,avg_unit_price_dieshu,avg_unit_price_paiwu,min_total_price,max_total_price,price_tag,sales_address,sales_status,sales_tel,project_address,show_house_desc,opening_date,delivery_date,floor_height_min,floor_height_max,building_total,floor_min,floor_max,area_min,area_max,decorate_type,property_right_year,house_type,community_facility,people_car_separate,property_fee_high,property_fee_villa,property_company,park_total,park_sell_num,park_ratio,facade_material,self_hold_rate,build_area,land_area,house_total,plot_ratio,green_rate,project_company,brand_list,land_price,land_unit_price,land_buy_date,edu_support,traffic_support,medical_support,business_support,view_support,longitude,latitude,sort,deleted,create_time,update_time FROM loupan WHERE deleted=0 AND (sales_status IN (?)) ORDER BY sort DESC,create_time DESC LIMIT ?
2026-10-05T17:43:33.341+08:00 DEBUG 11360 --- [fang123-backend] [nio-8090-exec-6] c.f.mapper.LoupanMapper.selectList       : ==> Parameters: 1(Integer), 12(Long)
2026-10-05T17:43:33.342+08:00 DEBUG 11360 --- [fang123-backend] [nio-8090-exec-8] c.f.m.L.selectList                       : <==      Total: 0
2026-10-05T17:43:33.342+08:00 DEBUG 11360 --- [fang123-backend] [nio-8090-exec-8] c.f.c.LoupanSpotlightController          : [spotlight] counts today=2026-10-05 presale=0 opening=0
2026-10-05T17:43:33.352+08:00 DEBUG 11360 --- [fang123-backend] [nio-8090-exec-6] c.f.mapper.LoupanMapper.selectList       : <==      Total: 2
2026-10-05T17:43:34.495+08:00 DEBUG 11360 --- [fang123-backend] [nio-8090-exec-1] o.s.security.web.FilterChainProxy        : Securing GET /api/public/loupan-spotlight/counts
2026-10-05T17:43:34.495+08:00 DEBUG 11360 --- [fang123-backend] [io-8090-exec-10] o.s.security.web.FilterChainProxy        : Securing GET /api/public/loupan-filters
2026-10-05T17:43:34.495+08:00 DEBUG 11360 --- [fang123-backend] [nio-8090-exec-3] o.s.security.web.FilterChainProxy        : Securing GET /api/public/loupans?page=1&size=12&salesStatus=1
2026-10-05T17:43:34.499+08:00 DEBUG 11360 --- [fang123-backend] [io-8090-exec-10] o.s.s.w.a.AnonymousAuthenticationFilter  : Set SecurityContextHolder to anonymous SecurityContext
2026-10-05T17:43:34.499+08:00 DEBUG 11360 --- [fang123-backend] [nio-8090-exec-3] o.s.s.w.a.AnonymousAuthenticationFilter  : Set SecurityContextHolder to anonymous SecurityContext
2026-10-05T17:43:34.499+08:00 DEBUG 11360 --- [fang123-backend] [io-8090-exec-10] o.s.security.web.FilterChainProxy        : Secured GET /api/public/loupan-filters
2026-10-05T17:43:34.499+08:00 DEBUG 11360 --- [fang123-backend] [nio-8090-exec-3] o.s.security.web.FilterChainProxy        : Secured GET /api/public/loupans?page=1&size=12&salesStatus=1
2026-10-05T17:43:34.499+08:00 DEBUG 11360 --- [fang123-backend] [nio-8090-exec-1] o.s.s.w.a.AnonymousAuthenticationFilter  : Set SecurityContextHolder to anonymous SecurityContext
2026-10-05T17:43:34.499+08:00 DEBUG 11360 --- [fang123-backend] [nio-8090-exec-1] o.s.security.web.FilterChainProxy        : Secured GET /api/public/loupan-spotlight/counts
2026-10-05T17:43:34.501+08:00 DEBUG 11360 --- [fang123-backend] [nio-8090-exec-1] c.f.m.L.selectList                       : ==>  Preparing: SELECT id,loupan_id,project_name,publicity_date,issue_date,develop_company,location,sale_address,sale_phone,online_sale_area,permit_no,permit_no_str,deleted,create_time,update_time FROM loupan_presale_permit WHERE deleted=0 AND (loupan_id IS NOT NULL AND publicity_date IS NOT NULL AND publicity_date <= ? AND issue_date IS NOT NULL AND issue_date > ? AND publicity_date < issue_date) ORDER BY publicity_date DESC,id DESC
2026-10-05T17:43:34.502+08:00 DEBUG 11360 --- [fang123-backend] [io-8090-exec-10] c.f.mapper.LoupanMapper.selectList       : ==>  Preparing: SELECT id,land_id,land_no,cover_image,project_name,short_name,district,plate,avg_unit_price,avg_unit_price_yangfang,avg_unit_price_dieshu,avg_unit_price_paiwu,min_total_price,max_total_price,price_tag,sales_address,sales_status,sales_tel,project_address,show_house_desc,opening_date,delivery_date,floor_height_min,floor_height_max,building_total,floor_min,floor_max,area_min,area_max,decorate_type,property_right_year,house_type,community_facility,people_car_separate,property_fee_high,property_fee_villa,property_company,park_total,park_sell_num,park_ratio,facade_material,self_hold_rate,build_area,land_area,house_total,plot_ratio,green_rate,project_company,brand_list,land_price,land_unit_price,land_buy_date,edu_support,traffic_support,medical_support,business_support,view_support,longitude,latitude,sort,deleted,create_time,update_time FROM loupan WHERE deleted=0
2026-10-05T17:43:34.502+08:00 DEBUG 11360 --- [fang123-backend] [io-8090-exec-10] c.f.mapper.LoupanMapper.selectList       : ==> Parameters: 
2026-10-05T17:43:34.502+08:00 DEBUG 11360 --- [fang123-backend] [nio-8090-exec-1] c.f.m.L.selectList                       : ==> Parameters: 2026-10-05(LocalDate), 2026-10-05(LocalDate)
2026-10-05T17:43:34.504+08:00 DEBUG 11360 --- [fang123-backend] [nio-8090-exec-1] c.f.m.L.selectList                       : <==      Total: 0
2026-10-05T17:43:34.505+08:00 DEBUG 11360 --- [fang123-backend] [io-8090-exec-10] c.f.mapper.LoupanMapper.selectList       : <==      Total: 2
2026-10-05T17:43:34.505+08:00 DEBUG 11360 --- [fang123-backend] [nio-8090-exec-1] c.f.m.L.selectList                       : ==>  Preparing: SELECT id,loupan_id,project_name,publicity_date,issue_date,develop_company,location,sale_address,sale_phone,online_sale_area,permit_no,permit_no_str,deleted,create_time,update_time FROM loupan_presale_permit WHERE deleted=0 AND (loupan_id IS NOT NULL AND issue_date IS NOT NULL AND issue_date >= ? AND issue_date <= ?) ORDER BY issue_date DESC,id DESC
2026-10-05T17:43:34.505+08:00 DEBUG 11360 --- [fang123-backend] [nio-8090-exec-1] c.f.m.L.selectList                       : ==> Parameters: 2026-09-28(LocalDate), 2026-10-05(LocalDate)
2026-10-05T17:43:34.508+08:00 DEBUG 11360 --- [fang123-backend] [nio-8090-exec-3] c.f.m.LoupanMapper.selectList_mpCount    : ==>  Preparing: SELECT COUNT(*) AS total FROM loupan WHERE deleted = 0 AND (sales_status IN (?))
2026-10-05T17:43:34.508+08:00 DEBUG 11360 --- [fang123-backend] [nio-8090-exec-3] c.f.m.LoupanMapper.selectList_mpCount    : ==> Parameters: 1(Integer)
2026-10-05T17:43:34.512+08:00 DEBUG 11360 --- [fang123-backend] [nio-8090-exec-3] c.f.m.LoupanMapper.selectList_mpCount    : <==      Total: 1
2026-10-05T17:43:34.512+08:00 DEBUG 11360 --- [fang123-backend] [nio-8090-exec-1] c.f.m.L.selectList                       : <==      Total: 0
2026-10-05T17:43:34.512+08:00 DEBUG 11360 --- [fang123-backend] [nio-8090-exec-1] c.f.c.LoupanSpotlightController          : [spotlight] counts today=2026-10-05 presale=0 opening=0
2026-10-05T17:43:34.513+08:00 DEBUG 11360 --- [fang123-backend] [nio-8090-exec-3] c.f.mapper.LoupanMapper.selectList       : ==>  Preparing: SELECT id,land_id,land_no,cover_image,project_name,short_name,district,plate,avg_unit_price,avg_unit_price_yangfang,avg_unit_price_dieshu,avg_unit_price_paiwu,min_total_price,max_total_price,price_tag,sales_address,sales_status,sales_tel,project_address,show_house_desc,opening_date,delivery_date,floor_height_min,floor_height_max,building_total,floor_min,floor_max,area_min,area_max,decorate_type,property_right_year,house_type,community_facility,people_car_separate,property_fee_high,property_fee_villa,property_company,park_total,park_sell_num,park_ratio,facade_material,self_hold_rate,build_area,land_area,house_total,plot_ratio,green_rate,project_company,brand_list,land_price,land_unit_price,land_buy_date,edu_support,traffic_support,medical_support,business_support,view_support,longitude,latitude,sort,deleted,create_time,update_time FROM loupan WHERE deleted=0 AND (sales_status IN (?)) ORDER BY sort DESC,create_time DESC LIMIT ?
2026-10-05T17:43:34.514+08:00 DEBUG 11360 --- [fang123-backend] [nio-8090-exec-3] c.f.mapper.LoupanMapper.selectList       : ==> Parameters: 1(Integer), 12(Long)
2026-10-05T17:43:34.519+08:00 DEBUG 11360 --- [fang123-backend] [nio-8090-exec-3] c.f.mapper.LoupanMapper.selectList       : <==      Total: 2
2026-10-05T17:43:36.913+08:00 DEBUG 11360 --- [fang123-backend] [nio-8090-exec-5] o.s.security.web.FilterChainProxy        : Securing GET /api/public/loupan-spotlight/counts
2026-10-05T17:43:36.915+08:00 DEBUG 11360 --- [fang123-backend] [nio-8090-exec-7] o.s.security.web.FilterChainProxy        : Securing GET /api/public/loupans?page=1&size=12&salesStatus=1
2026-10-05T17:43:36.913+08:00 DEBUG 11360 --- [fang123-backend] [nio-8090-exec-9] o.s.security.web.FilterChainProxy        : Securing GET /api/public/loupan-filters
2026-10-05T17:43:36.921+08:00 DEBUG 11360 --- [fang123-backend] [nio-8090-exec-5] o.s.s.w.a.AnonymousAuthenticationFilter  : Set SecurityContextHolder to anonymous SecurityContext
2026-10-05T17:43:36.921+08:00 DEBUG 11360 --- [fang123-backend] [nio-8090-exec-7] o.s.s.w.a.AnonymousAuthenticationFilter  : Set SecurityContextHolder to anonymous SecurityContext
2026-10-05T17:43:36.921+08:00 DEBUG 11360 --- [fang123-backend] [nio-8090-exec-5] o.s.security.web.FilterChainProxy        : Secured GET /api/public/loupan-spotlight/counts
2026-10-05T17:43:36.921+08:00 DEBUG 11360 --- [fang123-backend] [nio-8090-exec-7] o.s.security.web.FilterChainProxy        : Secured GET /api/public/loupans?page=1&size=12&salesStatus=1
2026-10-05T17:43:36.922+08:00 DEBUG 11360 --- [fang123-backend] [nio-8090-exec-9] o.s.s.w.a.AnonymousAuthenticationFilter  : Set SecurityContextHolder to anonymous SecurityContext
2026-10-05T17:43:36.922+08:00 DEBUG 11360 --- [fang123-backend] [nio-8090-exec-9] o.s.security.web.FilterChainProxy        : Secured GET /api/public/loupan-filters
2026-10-05T17:43:36.927+08:00 DEBUG 11360 --- [fang123-backend] [nio-8090-exec-9] c.f.mapper.LoupanMapper.selectList       : ==>  Preparing: SELECT id,land_id,land_no,cover_image,project_name,short_name,district,plate,avg_unit_price,avg_unit_price_yangfang,avg_unit_price_dieshu,avg_unit_price_paiwu,min_total_price,max_total_price,price_tag,sales_address,sales_status,sales_tel,project_address,show_house_desc,opening_date,delivery_date,floor_height_min,floor_height_max,building_total,floor_min,floor_max,area_min,area_max,decorate_type,property_right_year,house_type,community_facility,people_car_separate,property_fee_high,property_fee_villa,property_company,park_total,park_sell_num,park_ratio,facade_material,self_hold_rate,build_area,land_area,house_total,plot_ratio,green_rate,project_company,brand_list,land_price,land_unit_price,land_buy_date,edu_support,traffic_support,medical_support,business_support,view_support,longitude,latitude,sort,deleted,create_time,update_time FROM loupan WHERE deleted=0
2026-10-05T17:43:36.927+08:00 DEBUG 11360 --- [fang123-backend] [nio-8090-exec-5] c.f.m.L.selectList                       : ==>  Preparing: SELECT id,loupan_id,project_name,publicity_date,issue_date,develop_company,location,sale_address,sale_phone,online_sale_area,permit_no,permit_no_str,deleted,create_time,update_time FROM loupan_presale_permit WHERE deleted=0 AND (loupan_id IS NOT NULL AND publicity_date IS NOT NULL AND publicity_date <= ? AND issue_date IS NOT NULL AND issue_date > ? AND publicity_date < issue_date) ORDER BY publicity_date DESC,id DESC
2026-10-05T17:43:36.928+08:00 DEBUG 11360 --- [fang123-backend] [nio-8090-exec-9] c.f.mapper.LoupanMapper.selectList       : ==> Parameters: 
2026-10-05T17:43:36.928+08:00 DEBUG 11360 --- [fang123-backend] [nio-8090-exec-5] c.f.m.L.selectList                       : ==> Parameters: 2026-10-05(LocalDate), 2026-10-05(LocalDate)
2026-10-05T17:43:36.931+08:00 DEBUG 11360 --- [fang123-backend] [nio-8090-exec-5] c.f.m.L.selectList                       : <==      Total: 0
2026-10-05T17:43:36.933+08:00 DEBUG 11360 --- [fang123-backend] [nio-8090-exec-5] c.f.m.L.selectList                       : ==>  Preparing: SELECT id,loupan_id,project_name,publicity_date,issue_date,develop_company,location,sale_address,sale_phone,online_sale_area,permit_no,permit_no_str,deleted,create_time,update_time FROM loupan_presale_permit WHERE deleted=0 AND (loupan_id IS NOT NULL AND issue_date IS NOT NULL AND issue_date >= ? AND issue_date <= ?) ORDER BY issue_date DESC,id DESC
2026-10-05T17:43:36.934+08:00 DEBUG 11360 --- [fang123-backend] [nio-8090-exec-5] c.f.m.L.selectList                       : ==> Parameters: 2026-09-28(LocalDate), 2026-10-05(LocalDate)
2026-10-05T17:43:36.936+08:00 DEBUG 11360 --- [fang123-backend] [nio-8090-exec-9] c.f.mapper.LoupanMapper.selectList       : <==      Total: 2
2026-10-05T17:43:36.936+08:00 DEBUG 11360 --- [fang123-backend] [nio-8090-exec-5] c.f.m.L.selectList                       : <==      Total: 0
2026-10-05T17:43:36.936+08:00 DEBUG 11360 --- [fang123-backend] [nio-8090-exec-5] c.f.c.LoupanSpotlightController          : [spotlight] counts today=2026-10-05 presale=0 opening=0
2026-10-05T17:43:36.938+08:00 DEBUG 11360 --- [fang123-backend] [nio-8090-exec-7] c.f.m.LoupanMapper.selectList_mpCount    : ==>  Preparing: SELECT COUNT(*) AS total FROM loupan WHERE deleted = 0 AND (sales_status IN (?))
2026-10-05T17:43:36.938+08:00 DEBUG 11360 --- [fang123-backend] [nio-8090-exec-7] c.f.m.LoupanMapper.selectList_mpCount    : ==> Parameters: 1(Integer)
2026-10-05T17:43:36.940+08:00 DEBUG 11360 --- [fang123-backend] [nio-8090-exec-7] c.f.m.LoupanMapper.selectList_mpCount    : <==      Total: 1
2026-10-05T17:43:36.941+08:00 DEBUG 11360 --- [fang123-backend] [nio-8090-exec-7] c.f.mapper.LoupanMapper.selectList       : ==>  Preparing: SELECT id,land_id,land_no,cover_image,project_name,short_name,district,plate,avg_unit_price,avg_unit_price_yangfang,avg_unit_price_dieshu,avg_unit_price_paiwu,min_total_price,max_total_price,price_tag,sales_address,sales_status,sales_tel,project_address,show_house_desc,opening_date,delivery_date,floor_height_min,floor_height_max,building_total,floor_min,floor_max,area_min,area_max,decorate_type,property_right_year,house_type,community_facility,people_car_separate,property_fee_high,property_fee_villa,property_company,park_total,park_sell_num,park_ratio,facade_material,self_hold_rate,build_area,land_area,house_total,plot_ratio,green_rate,project_company,brand_list,land_price,land_unit_price,land_buy_date,edu_support,traffic_support,medical_support,business_support,view_support,longitude,latitude,sort,deleted,create_time,update_time FROM loupan WHERE deleted=0 AND (sales_status IN (?)) ORDER BY sort DESC,create_time DESC LIMIT ?
2026-10-05T17:43:36.942+08:00 DEBUG 11360 --- [fang123-backend] [nio-8090-exec-7] c.f.mapper.LoupanMapper.selectList       : ==> Parameters: 1(Integer), 12(Long)
2026-10-05T17:43:36.955+08:00 DEBUG 11360 --- [fang123-backend] [nio-8090-exec-7] c.f.mapper.LoupanMapper.selectList       : <==      Total: 2
2026-10-05T17:43:41.636+08:00 DEBUG 11360 --- [fang123-backend] [nio-8090-exec-8] o.s.security.web.FilterChainProxy        : Securing GET /api/public/loupans?page=1&size=10&salesStatus=2,3
2026-10-05T17:43:41.636+08:00 DEBUG 11360 --- [fang123-backend] [nio-8090-exec-2] o.s.security.web.FilterChainProxy        : Securing GET /api/public/loupan-filters
2026-10-05T17:43:41.641+08:00 DEBUG 11360 --- [fang123-backend] [nio-8090-exec-2] o.s.s.w.a.AnonymousAuthenticationFilter  : Set SecurityContextHolder to anonymous SecurityContext
2026-10-05T17:43:41.641+08:00 DEBUG 11360 --- [fang123-backend] [nio-8090-exec-2] o.s.security.web.FilterChainProxy        : Secured GET /api/public/loupan-filters
2026-10-05T17:43:41.643+08:00 DEBUG 11360 --- [fang123-backend] [nio-8090-exec-8] o.s.s.w.a.AnonymousAuthenticationFilter  : Set SecurityContextHolder to anonymous SecurityContext
2026-10-05T17:43:41.644+08:00 DEBUG 11360 --- [fang123-backend] [nio-8090-exec-8] o.s.security.web.FilterChainProxy        : Secured GET /api/public/loupans?page=1&size=10&salesStatus=2,3
2026-10-05T17:43:41.646+08:00 DEBUG 11360 --- [fang123-backend] [nio-8090-exec-2] c.f.mapper.LoupanMapper.selectList       : ==>  Preparing: SELECT id,land_id,land_no,cover_image,project_name,short_name,district,plate,avg_unit_price,avg_unit_price_yangfang,avg_unit_price_dieshu,avg_unit_price_paiwu,min_total_price,max_total_price,price_tag,sales_address,sales_status,sales_tel,project_address,show_house_desc,opening_date,delivery_date,floor_height_min,floor_height_max,building_total,floor_min,floor_max,area_min,area_max,decorate_type,property_right_year,house_type,community_facility,people_car_separate,property_fee_high,property_fee_villa,property_company,park_total,park_sell_num,park_ratio,facade_material,self_hold_rate,build_area,land_area,house_total,plot_ratio,green_rate,project_company,brand_list,land_price,land_unit_price,land_buy_date,edu_support,traffic_support,medical_support,business_support,view_support,longitude,latitude,sort,deleted,create_time,update_time FROM loupan WHERE deleted=0
2026-10-05T17:43:41.647+08:00 DEBUG 11360 --- [fang123-backend] [nio-8090-exec-2] c.f.mapper.LoupanMapper.selectList       : ==> Parameters: 
2026-10-05T17:43:41.654+08:00 DEBUG 11360 --- [fang123-backend] [nio-8090-exec-8] c.f.m.LoupanMapper.selectList_mpCount    : ==>  Preparing: SELECT COUNT(*) AS total FROM loupan WHERE deleted = 0 AND (sales_status IN (?, ?))
2026-10-05T17:43:41.654+08:00 DEBUG 11360 --- [fang123-backend] [nio-8090-exec-8] c.f.m.LoupanMapper.selectList_mpCount    : ==> Parameters: 2(Integer), 3(Integer)
2026-10-05T17:43:41.656+08:00 DEBUG 11360 --- [fang123-backend] [nio-8090-exec-8] c.f.m.LoupanMapper.selectList_mpCount    : <==      Total: 1
2026-10-05T17:43:41.656+08:00 DEBUG 11360 --- [fang123-backend] [nio-8090-exec-2] c.f.mapper.LoupanMapper.selectList       : <==      Total: 2
2026-10-05T17:43:42.323+08:00 DEBUG 11360 --- [fang123-backend] [io-8090-exec-10] o.s.security.web.FilterChainProxy        : Securing GET /api/public/loupan-spotlight/counts
2026-10-05T17:43:42.323+08:00 DEBUG 11360 --- [fang123-backend] [nio-8090-exec-6] o.s.security.web.FilterChainProxy        : Securing GET /api/public/loupan-filters
2026-10-05T17:43:42.323+08:00 DEBUG 11360 --- [fang123-backend] [nio-8090-exec-4] o.s.security.web.FilterChainProxy        : Securing GET /api/public/loupans?page=1&size=12&salesStatus=1
2026-10-05T17:43:42.323+08:00 DEBUG 11360 --- [fang123-backend] [io-8090-exec-10] o.s.s.w.a.AnonymousAuthenticationFilter  : Set SecurityContextHolder to anonymous SecurityContext
2026-10-05T17:43:42.323+08:00 DEBUG 11360 --- [fang123-backend] [nio-8090-exec-4] o.s.s.w.a.AnonymousAuthenticationFilter  : Set SecurityContextHolder to anonymous SecurityContext
2026-10-05T17:43:42.323+08:00 DEBUG 11360 --- [fang123-backend] [io-8090-exec-10] o.s.security.web.FilterChainProxy        : Secured GET /api/public/loupan-spotlight/counts
2026-10-05T17:43:42.323+08:00 DEBUG 11360 --- [fang123-backend] [nio-8090-exec-6] o.s.s.w.a.AnonymousAuthenticationFilter  : Set SecurityContextHolder to anonymous SecurityContext
2026-10-05T17:43:42.324+08:00 DEBUG 11360 --- [fang123-backend] [nio-8090-exec-6] o.s.security.web.FilterChainProxy        : Secured GET /api/public/loupan-filters
2026-10-05T17:43:42.324+08:00 DEBUG 11360 --- [fang123-backend] [nio-8090-exec-4] o.s.security.web.FilterChainProxy        : Secured GET /api/public/loupans?page=1&size=12&salesStatus=1
2026-10-05T17:43:42.325+08:00 DEBUG 11360 --- [fang123-backend] [nio-8090-exec-6] c.f.mapper.LoupanMapper.selectList       : ==>  Preparing: SELECT id,land_id,land_no,cover_image,project_name,short_name,district,plate,avg_unit_price,avg_unit_price_yangfang,avg_unit_price_dieshu,avg_unit_price_paiwu,min_total_price,max_total_price,price_tag,sales_address,sales_status,sales_tel,project_address,show_house_desc,opening_date,delivery_date,floor_height_min,floor_height_max,building_total,floor_min,floor_max,area_min,area_max,decorate_type,property_right_year,house_type,community_facility,people_car_separate,property_fee_high,property_fee_villa,property_company,park_total,park_sell_num,park_ratio,facade_material,self_hold_rate,build_area,land_area,house_total,plot_ratio,green_rate,project_company,brand_list,land_price,land_unit_price,land_buy_date,edu_support,traffic_support,medical_support,business_support,view_support,longitude,latitude,sort,deleted,create_time,update_time FROM loupan WHERE deleted=0
2026-10-05T17:43:42.325+08:00 DEBUG 11360 --- [fang123-backend] [nio-8090-exec-6] c.f.mapper.LoupanMapper.selectList       : ==> Parameters: 
2026-10-05T17:43:42.326+08:00 DEBUG 11360 --- [fang123-backend] [io-8090-exec-10] c.f.m.L.selectList                       : ==>  Preparing: SELECT id,loupan_id,project_name,publicity_date,issue_date,develop_company,location,sale_address,sale_phone,online_sale_area,permit_no,permit_no_str,deleted,create_time,update_time FROM loupan_presale_permit WHERE deleted=0 AND (loupan_id IS NOT NULL AND publicity_date IS NOT NULL AND publicity_date <= ? AND issue_date IS NOT NULL AND issue_date > ? AND publicity_date < issue_date) ORDER BY publicity_date DESC,id DESC
2026-10-05T17:43:42.326+08:00 DEBUG 11360 --- [fang123-backend] [io-8090-exec-10] c.f.m.L.selectList                       : ==> Parameters: 2026-10-05(LocalDate), 2026-10-05(LocalDate)
2026-10-05T17:43:42.327+08:00 DEBUG 11360 --- [fang123-backend] [io-8090-exec-10] c.f.m.L.selectList                       : <==      Total: 0
2026-10-05T17:43:42.328+08:00 DEBUG 11360 --- [fang123-backend] [nio-8090-exec-6] c.f.mapper.LoupanMapper.selectList       : <==      Total: 2
2026-10-05T17:43:42.329+08:00 DEBUG 11360 --- [fang123-backend] [nio-8090-exec-4] c.f.m.LoupanMapper.selectList_mpCount    : ==>  Preparing: SELECT COUNT(*) AS total FROM loupan WHERE deleted = 0 AND (sales_status IN (?))
2026-10-05T17:43:42.329+08:00 DEBUG 11360 --- [fang123-backend] [nio-8090-exec-4] c.f.m.LoupanMapper.selectList_mpCount    : ==> Parameters: 1(Integer)
2026-10-05T17:43:42.330+08:00 DEBUG 11360 --- [fang123-backend] [io-8090-exec-10] c.f.m.L.selectList                       : ==>  Preparing: SELECT id,loupan_id,project_name,publicity_date,issue_date,develop_company,location,sale_address,sale_phone,online_sale_area,permit_no,permit_no_str,deleted,create_time,update_time FROM loupan_presale_permit WHERE deleted=0 AND (loupan_id IS NOT NULL AND issue_date IS NOT NULL AND issue_date >= ? AND issue_date <= ?) ORDER BY issue_date DESC,id DESC
2026-10-05T17:43:42.330+08:00 DEBUG 11360 --- [fang123-backend] [io-8090-exec-10] c.f.m.L.selectList                       : ==> Parameters: 2026-09-28(LocalDate), 2026-10-05(LocalDate)
2026-10-05T17:43:42.335+08:00 DEBUG 11360 --- [fang123-backend] [io-8090-exec-10] c.f.m.L.selectList                       : <==      Total: 0
2026-10-05T17:43:42.335+08:00 DEBUG 11360 --- [fang123-backend] [nio-8090-exec-4] c.f.m.LoupanMapper.selectList_mpCount    : <==      Total: 1
2026-10-05T17:43:42.335+08:00 DEBUG 11360 --- [fang123-backend] [io-8090-exec-10] c.f.c.LoupanSpotlightController          : [spotlight] counts today=2026-10-05 presale=0 opening=0
2026-10-05T17:43:42.336+08:00 DEBUG 11360 --- [fang123-backend] [nio-8090-exec-4] c.f.mapper.LoupanMapper.selectList       : ==>  Preparing: SELECT id,land_id,land_no,cover_image,project_name,short_name,district,plate,avg_unit_price,avg_unit_price_yangfang,avg_unit_price_dieshu,avg_unit_price_paiwu,min_total_price,max_total_price,price_tag,sales_address,sales_status,sales_tel,project_address,show_house_desc,opening_date,delivery_date,floor_height_min,floor_height_max,building_total,floor_min,floor_max,area_min,area_max,decorate_type,property_right_year,house_type,community_facility,people_car_separate,property_fee_high,property_fee_villa,property_company,park_total,park_sell_num,park_ratio,facade_material,self_hold_rate,build_area,land_area,house_total,plot_ratio,green_rate,project_company,brand_list,land_price,land_unit_price,land_buy_date,edu_support,traffic_support,medical_support,business_support,view_support,longitude,latitude,sort,deleted,create_time,update_time FROM loupan WHERE deleted=0 AND (sales_status IN (?)) ORDER BY sort DESC,create_time DESC LIMIT ?
2026-10-05T17:43:42.336+08:00 DEBUG 11360 --- [fang123-backend] [nio-8090-exec-4] c.f.mapper.LoupanMapper.selectList       : ==> Parameters: 1(Integer), 12(Long)
2026-10-05T17:43:42.340+08:00 DEBUG 11360 --- [fang123-backend] [nio-8090-exec-4] c.f.mapper.LoupanMapper.selectList       : <==      Total: 2
2026-10-05T17:43:44.309+08:00 DEBUG 11360 --- [fang123-backend] [nio-8090-exec-1] o.s.security.web.FilterChainProxy        : Securing GET /api/public/loupans?page=1&size=12&salesStatus=1
2026-10-05T17:43:44.310+08:00 DEBUG 11360 --- [fang123-backend] [nio-8090-exec-9] o.s.security.web.FilterChainProxy        : Securing GET /api/public/loupan-spotlight/counts
2026-10-05T17:43:44.310+08:00 DEBUG 11360 --- [fang123-backend] [nio-8090-exec-3] o.s.security.web.FilterChainProxy        : Securing GET /api/public/loupan-filters
2026-10-05T17:43:44.312+08:00 DEBUG 11360 --- [fang123-backend] [nio-8090-exec-1] o.s.s.w.a.AnonymousAuthenticationFilter  : Set SecurityContextHolder to anonymous SecurityContext
2026-10-05T17:43:44.312+08:00 DEBUG 11360 --- [fang123-backend] [nio-8090-exec-3] o.s.s.w.a.AnonymousAuthenticationFilter  : Set SecurityContextHolder to anonymous SecurityContext
2026-10-05T17:43:44.312+08:00 DEBUG 11360 --- [fang123-backend] [nio-8090-exec-9] o.s.s.w.a.AnonymousAuthenticationFilter  : Set SecurityContextHolder to anonymous SecurityContext
2026-10-05T17:43:44.312+08:00 DEBUG 11360 --- [fang123-backend] [nio-8090-exec-9] o.s.security.web.FilterChainProxy        : Secured GET /api/public/loupan-spotlight/counts
2026-10-05T17:43:44.312+08:00 DEBUG 11360 --- [fang123-backend] [nio-8090-exec-1] o.s.security.web.FilterChainProxy        : Secured GET /api/public/loupans?page=1&size=12&salesStatus=1
2026-10-05T17:43:44.312+08:00 DEBUG 11360 --- [fang123-backend] [nio-8090-exec-3] o.s.security.web.FilterChainProxy        : Secured GET /api/public/loupan-filters
2026-10-05T17:43:44.317+08:00 DEBUG 11360 --- [fang123-backend] [nio-8090-exec-9] c.f.m.L.selectList                       : ==>  Preparing: SELECT id,loupan_id,project_name,publicity_date,issue_date,develop_company,location,sale_address,sale_phone,online_sale_area,permit_no,permit_no_str,deleted,create_time,update_time FROM loupan_presale_permit WHERE deleted=0 AND (loupan_id IS NOT NULL AND publicity_date IS NOT NULL AND publicity_date <= ? AND issue_date IS NOT NULL AND issue_date > ? AND publicity_date < issue_date) ORDER BY publicity_date DESC,id DESC
2026-10-05T17:43:44.317+08:00 DEBUG 11360 --- [fang123-backend] [nio-8090-exec-9] c.f.m.L.selectList                       : ==> Parameters: 2026-10-05(LocalDate), 2026-10-05(LocalDate)
2026-10-05T17:43:44.319+08:00 DEBUG 11360 --- [fang123-backend] [nio-8090-exec-9] c.f.m.L.selectList                       : <==      Total: 0
2026-10-05T17:43:44.319+08:00 DEBUG 11360 --- [fang123-backend] [nio-8090-exec-3] c.f.mapper.LoupanMapper.selectList       : ==>  Preparing: SELECT id,land_id,land_no,cover_image,project_name,short_name,district,plate,avg_unit_price,avg_unit_price_yangfang,avg_unit_price_dieshu,avg_unit_price_paiwu,min_total_price,max_total_price,price_tag,sales_address,sales_status,sales_tel,project_address,show_house_desc,opening_date,delivery_date,floor_height_min,floor_height_max,building_total,floor_min,floor_max,area_min,area_max,decorate_type,property_right_year,house_type,community_facility,people_car_separate,property_fee_high,property_fee_villa,property_company,park_total,park_sell_num,park_ratio,facade_material,self_hold_rate,build_area,land_area,house_total,plot_ratio,green_rate,project_company,brand_list,land_price,land_unit_price,land_buy_date,edu_support,traffic_support,medical_support,business_support,view_support,longitude,latitude,sort,deleted,create_time,update_time FROM loupan WHERE deleted=0
2026-10-05T17:43:44.319+08:00 DEBUG 11360 --- [fang123-backend] [nio-8090-exec-3] c.f.mapper.LoupanMapper.selectList       : ==> Parameters: 
2026-10-05T17:43:44.319+08:00 DEBUG 11360 --- [fang123-backend] [nio-8090-exec-9] c.f.m.L.selectList                       : ==>  Preparing: SELECT id,loupan_id,project_name,publicity_date,issue_date,develop_company,location,sale_address,sale_phone,online_sale_area,permit_no,permit_no_str,deleted,create_time,update_time FROM loupan_presale_permit WHERE deleted=0 AND (loupan_id IS NOT NULL AND issue_date IS NOT NULL AND issue_date >= ? AND issue_date <= ?) ORDER BY issue_date DESC,id DESC
2026-10-05T17:43:44.319+08:00 DEBUG 11360 --- [fang123-backend] [nio-8090-exec-9] c.f.m.L.selectList                       : ==> Parameters: 2026-09-28(LocalDate), 2026-10-05(LocalDate)
2026-10-05T17:43:44.320+08:00 DEBUG 11360 --- [fang123-backend] [nio-8090-exec-9] c.f.m.L.selectList                       : <==      Total: 0
2026-10-05T17:43:44.320+08:00 DEBUG 11360 --- [fang123-backend] [nio-8090-exec-9] c.f.c.LoupanSpotlightController          : [spotlight] counts today=2026-10-05 presale=0 opening=0
2026-10-05T17:43:44.322+08:00 DEBUG 11360 --- [fang123-backend] [nio-8090-exec-3] c.f.mapper.LoupanMapper.selectList       : <==      Total: 2
2026-10-05T17:43:44.323+08:00 DEBUG 11360 --- [fang123-backend] [nio-8090-exec-1] c.f.m.LoupanMapper.selectList_mpCount    : ==>  Preparing: SELECT COUNT(*) AS total FROM loupan WHERE deleted = 0 AND (sales_status IN (?))
2026-10-05T17:43:44.323+08:00 DEBUG 11360 --- [fang123-backend] [nio-8090-exec-1] c.f.m.LoupanMapper.selectList_mpCount    : ==> Parameters: 1(Integer)
2026-10-05T17:43:44.324+08:00 DEBUG 11360 --- [fang123-backend] [nio-8090-exec-1] c.f.m.LoupanMapper.selectList_mpCount    : <==      Total: 1
2026-10-05T17:43:44.324+08:00 DEBUG 11360 --- [fang123-backend] [nio-8090-exec-1] c.f.mapper.LoupanMapper.selectList       : ==>  Preparing: SELECT id,land_id,land_no,cover_image,project_name,short_name,district,plate,avg_unit_price,avg_unit_price_yangfang,avg_unit_price_dieshu,avg_unit_price_paiwu,min_total_price,max_total_price,price_tag,sales_address,sales_status,sales_tel,project_address,show_house_desc,opening_date,delivery_date,floor_height_min,floor_height_max,building_total,floor_min,floor_max,area_min,area_max,decorate_type,property_right_year,house_type,community_facility,people_car_separate,property_fee_high,property_fee_villa,property_company,park_total,park_sell_num,park_ratio,facade_material,self_hold_rate,build_area,land_area,house_total,plot_ratio,green_rate,project_company,brand_list,land_price,land_unit_price,land_buy_date,edu_support,traffic_support,medical_support,business_support,view_support,longitude,latitude,sort,deleted,create_time,update_time FROM loupan WHERE deleted=0 AND (sales_status IN (?)) ORDER BY sort DESC,create_time DESC LIMIT ?
2026-10-05T17:43:44.324+08:00 DEBUG 11360 --- [fang123-backend] [nio-8090-exec-1] c.f.mapper.LoupanMapper.selectList       : ==> Parameters: 1(Integer), 12(Long)
2026-10-05T17:43:44.328+08:00 DEBUG 11360 --- [fang123-backend] [nio-8090-exec-1] c.f.mapper.LoupanMapper.selectList       : <==      Total: 2
2026-10-05T17:43:54.200+08:00 DEBUG 11360 --- [fang123-backend] [nio-8090-exec-7] o.s.security.web.FilterChainProxy        : Securing GET /api/public/loupan-filters
2026-10-05T17:43:54.200+08:00 DEBUG 11360 --- [fang123-backend] [nio-8090-exec-5] o.s.security.web.FilterChainProxy        : Securing GET /api/public/loupans?page=1&size=10&salesStatus=2,3
2026-10-05T17:43:54.201+08:00 DEBUG 11360 --- [fang123-backend] [nio-8090-exec-7] o.s.s.w.a.AnonymousAuthenticationFilter  : Set SecurityContextHolder to anonymous SecurityContext
2026-10-05T17:43:54.201+08:00 DEBUG 11360 --- [fang123-backend] [nio-8090-exec-5] o.s.s.w.a.AnonymousAuthenticationFilter  : Set SecurityContextHolder to anonymous SecurityContext
2026-10-05T17:43:54.201+08:00 DEBUG 11360 --- [fang123-backend] [nio-8090-exec-7] o.s.security.web.FilterChainProxy        : Secured GET /api/public/loupan-filters
2026-10-05T17:43:54.201+08:00 DEBUG 11360 --- [fang123-backend] [nio-8090-exec-5] o.s.security.web.FilterChainProxy        : Secured GET /api/public/loupans?page=1&size=10&salesStatus=2,3
2026-10-05T17:43:54.205+08:00 DEBUG 11360 --- [fang123-backend] [nio-8090-exec-7] c.f.mapper.LoupanMapper.selectList       : ==>  Preparing: SELECT id,land_id,land_no,cover_image,project_name,short_name,district,plate,avg_unit_price,avg_unit_price_yangfang,avg_unit_price_dieshu,avg_unit_price_paiwu,min_total_price,max_total_price,price_tag,sales_address,sales_status,sales_tel,project_address,show_house_desc,opening_date,delivery_date,floor_height_min,floor_height_max,building_total,floor_min,floor_max,area_min,area_max,decorate_type,property_right_year,house_type,community_facility,people_car_separate,property_fee_high,property_fee_villa,property_company,park_total,park_sell_num,park_ratio,facade_material,self_hold_rate,build_area,land_area,house_total,plot_ratio,green_rate,project_company,brand_list,land_price,land_unit_price,land_buy_date,edu_support,traffic_support,medical_support,business_support,view_support,longitude,latitude,sort,deleted,create_time,update_time FROM loupan WHERE deleted=0
2026-10-05T17:43:54.207+08:00 DEBUG 11360 --- [fang123-backend] [nio-8090-exec-7] c.f.mapper.LoupanMapper.selectList       : ==> Parameters: 
2026-10-05T17:43:54.210+08:00 DEBUG 11360 --- [fang123-backend] [nio-8090-exec-5] c.f.m.LoupanMapper.selectList_mpCount    : ==>  Preparing: SELECT COUNT(*) AS total FROM loupan WHERE deleted = 0 AND (sales_status IN (?, ?))
2026-10-05T17:43:54.211+08:00 DEBUG 11360 --- [fang123-backend] [nio-8090-exec-7] c.f.mapper.LoupanMapper.selectList       : <==      Total: 2
2026-10-05T17:43:54.211+08:00 DEBUG 11360 --- [fang123-backend] [nio-8090-exec-5] c.f.m.LoupanMapper.selectList_mpCount    : ==> Parameters: 2(Integer), 3(Integer)
2026-10-05T17:43:54.212+08:00 DEBUG 11360 --- [fang123-backend] [nio-8090-exec-5] c.f.m.LoupanMapper.selectList_mpCount    : <==      Total: 1
2026-10-05T17:45:08.714+08:00 DEBUG 11360 --- [fang123-backend] [nio-8090-exec-8] o.s.security.web.FilterChainProxy        : Securing GET /api/public/loupans?page=1&size=12&salesStatus=1
2026-10-05T17:45:08.714+08:00 DEBUG 11360 --- [fang123-backend] [nio-8090-exec-2] o.s.security.web.FilterChainProxy        : Securing GET /api/public/loupan-filters
2026-10-05T17:45:08.714+08:00 DEBUG 11360 --- [fang123-backend] [nio-8090-exec-6] o.s.security.web.FilterChainProxy        : Securing GET /api/public/loupan-spotlight/counts
2026-10-05T17:45:08.723+08:00 DEBUG 11360 --- [fang123-backend] [nio-8090-exec-6] o.s.s.w.a.AnonymousAuthenticationFilter  : Set SecurityContextHolder to anonymous SecurityContext
2026-10-05T17:45:08.723+08:00 DEBUG 11360 --- [fang123-backend] [nio-8090-exec-2] o.s.s.w.a.AnonymousAuthenticationFilter  : Set SecurityContextHolder to anonymous SecurityContext
2026-10-05T17:45:08.724+08:00 DEBUG 11360 --- [fang123-backend] [nio-8090-exec-8] o.s.s.w.a.AnonymousAuthenticationFilter  : Set SecurityContextHolder to anonymous SecurityContext
2026-10-05T17:45:08.724+08:00 DEBUG 11360 --- [fang123-backend] [nio-8090-exec-2] o.s.security.web.FilterChainProxy        : Secured GET /api/public/loupan-filters
2026-10-05T17:45:08.724+08:00 DEBUG 11360 --- [fang123-backend] [nio-8090-exec-8] o.s.security.web.FilterChainProxy        : Secured GET /api/public/loupans?page=1&size=12&salesStatus=1
2026-10-05T17:45:08.724+08:00 DEBUG 11360 --- [fang123-backend] [nio-8090-exec-6] o.s.security.web.FilterChainProxy        : Secured GET /api/public/loupan-spotlight/counts
2026-10-05T17:45:08.741+08:00 DEBUG 11360 --- [fang123-backend] [nio-8090-exec-8] c.f.m.LoupanMapper.selectList_mpCount    : ==>  Preparing: SELECT COUNT(*) AS total FROM loupan WHERE deleted = 0 AND (sales_status IN (?))
2026-10-05T17:45:08.741+08:00 DEBUG 11360 --- [fang123-backend] [nio-8090-exec-2] c.f.mapper.LoupanMapper.selectList       : ==>  Preparing: SELECT id,land_id,land_no,cover_image,project_name,short_name,district,plate,avg_unit_price,avg_unit_price_yangfang,avg_unit_price_dieshu,avg_unit_price_paiwu,min_total_price,max_total_price,price_tag,sales_address,sales_status,sales_tel,project_address,show_house_desc,opening_date,delivery_date,floor_height_min,floor_height_max,building_total,floor_min,floor_max,area_min,area_max,decorate_type,property_right_year,house_type,community_facility,people_car_separate,property_fee_high,property_fee_villa,property_company,park_total,park_sell_num,park_ratio,facade_material,self_hold_rate,build_area,land_area,house_total,plot_ratio,green_rate,project_company,brand_list,land_price,land_unit_price,land_buy_date,edu_support,traffic_support,medical_support,business_support,view_support,longitude,latitude,sort,deleted,create_time,update_time FROM loupan WHERE deleted=0
2026-10-05T17:45:08.741+08:00 DEBUG 11360 --- [fang123-backend] [nio-8090-exec-6] c.f.m.L.selectList                       : ==>  Preparing: SELECT id,loupan_id,project_name,publicity_date,issue_date,develop_company,location,sale_address,sale_phone,online_sale_area,permit_no,permit_no_str,deleted,create_time,update_time FROM loupan_presale_permit WHERE deleted=0 AND (loupan_id IS NOT NULL AND publicity_date IS NOT NULL AND publicity_date <= ? AND issue_date IS NOT NULL AND issue_date > ? AND publicity_date < issue_date) ORDER BY publicity_date DESC,id DESC
2026-10-05T17:45:08.743+08:00 DEBUG 11360 --- [fang123-backend] [nio-8090-exec-2] c.f.mapper.LoupanMapper.selectList       : ==> Parameters: 
2026-10-05T17:45:08.743+08:00 DEBUG 11360 --- [fang123-backend] [nio-8090-exec-8] c.f.m.LoupanMapper.selectList_mpCount    : ==> Parameters: 1(Integer)
2026-10-05T17:45:08.743+08:00 DEBUG 11360 --- [fang123-backend] [nio-8090-exec-6] c.f.m.L.selectList                       : ==> Parameters: 2026-10-05(LocalDate), 2026-10-05(LocalDate)
2026-10-05T17:45:08.777+08:00 DEBUG 11360 --- [fang123-backend] [nio-8090-exec-6] c.f.m.L.selectList                       : <==      Total: 0
2026-10-05T17:45:08.778+08:00 DEBUG 11360 --- [fang123-backend] [nio-8090-exec-8] c.f.m.LoupanMapper.selectList_mpCount    : <==      Total: 1
2026-10-05T17:45:08.779+08:00 DEBUG 11360 --- [fang123-backend] [nio-8090-exec-8] c.f.mapper.LoupanMapper.selectList       : ==>  Preparing: SELECT id,land_id,land_no,cover_image,project_name,short_name,district,plate,avg_unit_price,avg_unit_price_yangfang,avg_unit_price_dieshu,avg_unit_price_paiwu,min_total_price,max_total_price,price_tag,sales_address,sales_status,sales_tel,project_address,show_house_desc,opening_date,delivery_date,floor_height_min,floor_height_max,building_total,floor_min,floor_max,area_min,area_max,decorate_type,property_right_year,house_type,community_facility,people_car_separate,property_fee_high,property_fee_villa,property_company,park_total,park_sell_num,park_ratio,facade_material,self_hold_rate,build_area,land_area,house_total,plot_ratio,green_rate,project_company,brand_list,land_price,land_unit_price,land_buy_date,edu_support,traffic_support,medical_support,business_support,view_support,longitude,latitude,sort,deleted,create_time,update_time FROM loupan WHERE deleted=0 AND (sales_status IN (?)) ORDER BY sort DESC,create_time DESC LIMIT ?
2026-10-05T17:45:08.780+08:00 DEBUG 11360 --- [fang123-backend] [nio-8090-exec-8] c.f.mapper.LoupanMapper.selectList       : ==> Parameters: 1(Integer), 12(Long)
2026-10-05T17:45:08.780+08:00 DEBUG 11360 --- [fang123-backend] [nio-8090-exec-6] c.f.m.L.selectList                       : ==>  Preparing: SELECT id,loupan_id,project_name,publicity_date,issue_date,develop_company,location,sale_address,sale_phone,online_sale_area,permit_no,permit_no_str,deleted,create_time,update_time FROM loupan_presale_permit WHERE deleted=0 AND (loupan_id IS NOT NULL AND issue_date IS NOT NULL AND issue_date >= ? AND issue_date <= ?) ORDER BY issue_date DESC,id DESC
2026-10-05T17:45:08.780+08:00 DEBUG 11360 --- [fang123-backend] [nio-8090-exec-6] c.f.m.L.selectList                       : ==> Parameters: 2026-09-28(LocalDate), 2026-10-05(LocalDate)
2026-10-05T17:45:08.781+08:00 DEBUG 11360 --- [fang123-backend] [nio-8090-exec-2] c.f.mapper.LoupanMapper.selectList       : <==      Total: 2
2026-10-05T17:45:08.782+08:00 DEBUG 11360 --- [fang123-backend] [nio-8090-exec-6] c.f.m.L.selectList                       : <==      Total: 0
2026-10-05T17:45:08.782+08:00 DEBUG 11360 --- [fang123-backend] [nio-8090-exec-6] c.f.c.LoupanSpotlightController          : [spotlight] counts today=2026-10-05 presale=0 opening=0
2026-10-05T17:45:08.783+08:00 DEBUG 11360 --- [fang123-backend] [nio-8090-exec-8] c.f.mapper.LoupanMapper.selectList       : <==      Total: 2
2026-10-05T17:46:12.808+08:00 DEBUG 11360 --- [fang123-backend] [nio-8090-exec-9] o.s.security.web.FilterChainProxy        : Securing GET /api/public/loupan-filters
2026-10-05T17:46:12.808+08:00 DEBUG 11360 --- [fang123-backend] [nio-8090-exec-4] o.s.security.web.FilterChainProxy        : Securing GET /api/public/loupan-spotlight/counts
2026-10-05T17:46:12.808+08:00 DEBUG 11360 --- [fang123-backend] [io-8090-exec-10] o.s.security.web.FilterChainProxy        : Securing GET /api/public/loupans?page=1&size=12&salesStatus=1
2026-10-05T17:46:12.811+08:00 DEBUG 11360 --- [fang123-backend] [nio-8090-exec-9] o.s.s.w.a.AnonymousAuthenticationFilter  : Set SecurityContextHolder to anonymous SecurityContext
2026-10-05T17:46:12.811+08:00 DEBUG 11360 --- [fang123-backend] [io-8090-exec-10] o.s.s.w.a.AnonymousAuthenticationFilter  : Set SecurityContextHolder to anonymous SecurityContext
2026-10-05T17:46:12.811+08:00 DEBUG 11360 --- [fang123-backend] [nio-8090-exec-4] o.s.s.w.a.AnonymousAuthenticationFilter  : Set SecurityContextHolder to anonymous SecurityContext
2026-10-05T17:46:12.812+08:00 DEBUG 11360 --- [fang123-backend] [io-8090-exec-10] o.s.security.web.FilterChainProxy        : Secured GET /api/public/loupans?page=1&size=12&salesStatus=1
2026-10-05T17:46:12.812+08:00 DEBUG 11360 --- [fang123-backend] [nio-8090-exec-4] o.s.security.web.FilterChainProxy        : Secured GET /api/public/loupan-spotlight/counts
2026-10-05T17:46:12.812+08:00 DEBUG 11360 --- [fang123-backend] [nio-8090-exec-9] o.s.security.web.FilterChainProxy        : Secured GET /api/public/loupan-filters
2026-10-05T17:46:12.825+08:00 DEBUG 11360 --- [fang123-backend] [nio-8090-exec-9] c.f.mapper.LoupanMapper.selectList       : ==>  Preparing: SELECT id,land_id,land_no,cover_image,project_name,short_name,district,plate,avg_unit_price,avg_unit_price_yangfang,avg_unit_price_dieshu,avg_unit_price_paiwu,min_total_price,max_total_price,price_tag,sales_address,sales_status,sales_tel,project_address,show_house_desc,opening_date,delivery_date,floor_height_min,floor_height_max,building_total,floor_min,floor_max,area_min,area_max,decorate_type,property_right_year,house_type,community_facility,people_car_separate,property_fee_high,property_fee_villa,property_company,park_total,park_sell_num,park_ratio,facade_material,self_hold_rate,build_area,land_area,house_total,plot_ratio,green_rate,project_company,brand_list,land_price,land_unit_price,land_buy_date,edu_support,traffic_support,medical_support,business_support,view_support,longitude,latitude,sort,deleted,create_time,update_time FROM loupan WHERE deleted=0
2026-10-05T17:46:12.826+08:00 DEBUG 11360 --- [fang123-backend] [io-8090-exec-10] c.f.m.LoupanMapper.selectList_mpCount    : ==>  Preparing: SELECT COUNT(*) AS total FROM loupan WHERE deleted = 0 AND (sales_status IN (?))
2026-10-05T17:46:12.825+08:00 DEBUG 11360 --- [fang123-backend] [nio-8090-exec-4] c.f.m.L.selectList                       : ==>  Preparing: SELECT id,loupan_id,project_name,publicity_date,issue_date,develop_company,location,sale_address,sale_phone,online_sale_area,permit_no,permit_no_str,deleted,create_time,update_time FROM loupan_presale_permit WHERE deleted=0 AND (loupan_id IS NOT NULL AND publicity_date IS NOT NULL AND publicity_date <= ? AND issue_date IS NOT NULL AND issue_date > ? AND publicity_date < issue_date) ORDER BY publicity_date DESC,id DESC
2026-10-05T17:46:12.826+08:00 DEBUG 11360 --- [fang123-backend] [nio-8090-exec-9] c.f.mapper.LoupanMapper.selectList       : ==> Parameters: 
2026-10-05T17:46:12.826+08:00 DEBUG 11360 --- [fang123-backend] [nio-8090-exec-4] c.f.m.L.selectList                       : ==> Parameters: 2026-10-05(LocalDate), 2026-10-05(LocalDate)
2026-10-05T17:46:12.826+08:00 DEBUG 11360 --- [fang123-backend] [io-8090-exec-10] c.f.m.LoupanMapper.selectList_mpCount    : ==> Parameters: 1(Integer)
2026-10-05T17:46:12.874+08:00 DEBUG 11360 --- [fang123-backend] [nio-8090-exec-4] c.f.m.L.selectList                       : <==      Total: 0
2026-10-05T17:46:12.874+08:00 DEBUG 11360 --- [fang123-backend] [io-8090-exec-10] c.f.m.LoupanMapper.selectList_mpCount    : <==      Total: 1
2026-10-05T17:46:12.875+08:00 DEBUG 11360 --- [fang123-backend] [io-8090-exec-10] c.f.mapper.LoupanMapper.selectList       : ==>  Preparing: SELECT id,land_id,land_no,cover_image,project_name,short_name,district,plate,avg_unit_price,avg_unit_price_yangfang,avg_unit_price_dieshu,avg_unit_price_paiwu,min_total_price,max_total_price,price_tag,sales_address,sales_status,sales_tel,project_address,show_house_desc,opening_date,delivery_date,floor_height_min,floor_height_max,building_total,floor_min,floor_max,area_min,area_max,decorate_type,property_right_year,house_type,community_facility,people_car_separate,property_fee_high,property_fee_villa,property_company,park_total,park_sell_num,park_ratio,facade_material,self_hold_rate,build_area,land_area,house_total,plot_ratio,green_rate,project_company,brand_list,land_price,land_unit_price,land_buy_date,edu_support,traffic_support,medical_support,business_support,view_support,longitude,latitude,sort,deleted,create_time,update_time FROM loupan WHERE deleted=0 AND (sales_status IN (?)) ORDER BY sort DESC,create_time DESC LIMIT ?
2026-10-05T17:46:12.876+08:00 DEBUG 11360 --- [fang123-backend] [nio-8090-exec-9] c.f.mapper.LoupanMapper.selectList       : <==      Total: 2
2026-10-05T17:46:12.877+08:00 DEBUG 11360 --- [fang123-backend] [nio-8090-exec-4] c.f.m.L.selectList                       : ==>  Preparing: SELECT id,loupan_id,project_name,publicity_date,issue_date,develop_company,location,sale_address,sale_phone,online_sale_area,permit_no,permit_no_str,deleted,create_time,update_time FROM loupan_presale_permit WHERE deleted=0 AND (loupan_id IS NOT NULL AND issue_date IS NOT NULL AND issue_date >= ? AND issue_date <= ?) ORDER BY issue_date DESC,id DESC
2026-10-05T17:46:12.878+08:00 DEBUG 11360 --- [fang123-backend] [nio-8090-exec-4] c.f.m.L.selectList                       : ==> Parameters: 2026-09-28(LocalDate), 2026-10-05(LocalDate)
2026-10-05T17:46:12.878+08:00 DEBUG 11360 --- [fang123-backend] [io-8090-exec-10] c.f.mapper.LoupanMapper.selectList       : ==> Parameters: 1(Integer), 12(Long)
2026-10-05T17:46:12.879+08:00 DEBUG 11360 --- [fang123-backend] [nio-8090-exec-4] c.f.m.L.selectList                       : <==      Total: 0
2026-10-05T17:46:12.879+08:00 DEBUG 11360 --- [fang123-backend] [nio-8090-exec-4] c.f.c.LoupanSpotlightController          : [spotlight] counts today=2026-10-05 presale=0 opening=0
2026-10-05T17:46:12.881+08:00 DEBUG 11360 --- [fang123-backend] [io-8090-exec-10] c.f.mapper.LoupanMapper.selectList       : <==      Total: 2
2026-10-05T17:46:40.597+08:00 DEBUG 11360 --- [fang123-backend] [nio-8090-exec-3] o.s.security.web.FilterChainProxy        : Securing GET /api/public/loupans?page=1&size=12&salesStatus=1
2026-10-05T17:46:40.597+08:00 DEBUG 11360 --- [fang123-backend] [nio-8090-exec-5] o.s.security.web.FilterChainProxy        : Securing GET /api/public/loupan-spotlight/counts
2026-10-05T17:46:40.597+08:00 DEBUG 11360 --- [fang123-backend] [nio-8090-exec-1] o.s.security.web.FilterChainProxy        : Securing GET /api/public/loupan-filters
2026-10-05T17:46:40.603+08:00 DEBUG 11360 --- [fang123-backend] [nio-8090-exec-3] o.s.s.w.a.AnonymousAuthenticationFilter  : Set SecurityContextHolder to anonymous SecurityContext
2026-10-05T17:46:40.603+08:00 DEBUG 11360 --- [fang123-backend] [nio-8090-exec-5] o.s.s.w.a.AnonymousAuthenticationFilter  : Set SecurityContextHolder to anonymous SecurityContext
2026-10-05T17:46:40.603+08:00 DEBUG 11360 --- [fang123-backend] [nio-8090-exec-1] o.s.s.w.a.AnonymousAuthenticationFilter  : Set SecurityContextHolder to anonymous SecurityContext
2026-10-05T17:46:40.604+08:00 DEBUG 11360 --- [fang123-backend] [nio-8090-exec-3] o.s.security.web.FilterChainProxy        : Secured GET /api/public/loupans?page=1&size=12&salesStatus=1
2026-10-05T17:46:40.604+08:00 DEBUG 11360 --- [fang123-backend] [nio-8090-exec-1] o.s.security.web.FilterChainProxy        : Secured GET /api/public/loupan-filters
2026-10-05T17:46:40.604+08:00 DEBUG 11360 --- [fang123-backend] [nio-8090-exec-5] o.s.security.web.FilterChainProxy        : Secured GET /api/public/loupan-spotlight/counts
2026-10-05T17:46:40.625+08:00 DEBUG 11360 --- [fang123-backend] [nio-8090-exec-1] c.f.mapper.LoupanMapper.selectList       : ==>  Preparing: SELECT id,land_id,land_no,cover_image,project_name,short_name,district,plate,avg_unit_price,avg_unit_price_yangfang,avg_unit_price_dieshu,avg_unit_price_paiwu,min_total_price,max_total_price,price_tag,sales_address,sales_status,sales_tel,project_address,show_house_desc,opening_date,delivery_date,floor_height_min,floor_height_max,building_total,floor_min,floor_max,area_min,area_max,decorate_type,property_right_year,house_type,community_facility,people_car_separate,property_fee_high,property_fee_villa,property_company,park_total,park_sell_num,park_ratio,facade_material,self_hold_rate,build_area,land_area,house_total,plot_ratio,green_rate,project_company,brand_list,land_price,land_unit_price,land_buy_date,edu_support,traffic_support,medical_support,business_support,view_support,longitude,latitude,sort,deleted,create_time,update_time FROM loupan WHERE deleted=0
2026-10-05T17:46:40.625+08:00 DEBUG 11360 --- [fang123-backend] [nio-8090-exec-5] c.f.m.L.selectList                       : ==>  Preparing: SELECT id,loupan_id,project_name,publicity_date,issue_date,develop_company,location,sale_address,sale_phone,online_sale_area,permit_no,permit_no_str,deleted,create_time,update_time FROM loupan_presale_permit WHERE deleted=0 AND (loupan_id IS NOT NULL AND publicity_date IS NOT NULL AND publicity_date <= ? AND issue_date IS NOT NULL AND issue_date > ? AND publicity_date < issue_date) ORDER BY publicity_date DESC,id DESC
2026-10-05T17:46:40.626+08:00 DEBUG 11360 --- [fang123-backend] [nio-8090-exec-1] c.f.mapper.LoupanMapper.selectList       : ==> Parameters: 
2026-10-05T17:46:40.626+08:00 DEBUG 11360 --- [fang123-backend] [nio-8090-exec-5] c.f.m.L.selectList                       : ==> Parameters: 2026-10-05(LocalDate), 2026-10-05(LocalDate)
2026-10-05T17:46:40.631+08:00 DEBUG 11360 --- [fang123-backend] [nio-8090-exec-3] c.f.m.LoupanMapper.selectList_mpCount    : ==>  Preparing: SELECT COUNT(*) AS total FROM loupan WHERE deleted = 0 AND (sales_status IN (?))
2026-10-05T17:46:40.632+08:00 DEBUG 11360 --- [fang123-backend] [nio-8090-exec-3] c.f.m.LoupanMapper.selectList_mpCount    : ==> Parameters: 1(Integer)
2026-10-05T17:46:40.632+08:00 DEBUG 11360 --- [fang123-backend] [nio-8090-exec-5] c.f.m.L.selectList                       : <==      Total: 0
2026-10-05T17:46:40.634+08:00 DEBUG 11360 --- [fang123-backend] [nio-8090-exec-3] c.f.m.LoupanMapper.selectList_mpCount    : <==      Total: 1
2026-10-05T17:46:40.634+08:00 DEBUG 11360 --- [fang123-backend] [nio-8090-exec-5] c.f.m.L.selectList                       : ==>  Preparing: SELECT id,loupan_id,project_name,publicity_date,issue_date,develop_company,location,sale_address,sale_phone,online_sale_area,permit_no,permit_no_str,deleted,create_time,update_time FROM loupan_presale_permit WHERE deleted=0 AND (loupan_id IS NOT NULL AND issue_date IS NOT NULL AND issue_date >= ? AND issue_date <= ?) ORDER BY issue_date DESC,id DESC
2026-10-05T17:46:40.634+08:00 DEBUG 11360 --- [fang123-backend] [nio-8090-exec-3] c.f.mapper.LoupanMapper.selectList       : ==>  Preparing: SELECT id,land_id,land_no,cover_image,project_name,short_name,district,plate,avg_unit_price,avg_unit_price_yangfang,avg_unit_price_dieshu,avg_unit_price_paiwu,min_total_price,max_total_price,price_tag,sales_address,sales_status,sales_tel,project_address,show_house_desc,opening_date,delivery_date,floor_height_min,floor_height_max,building_total,floor_min,floor_max,area_min,area_max,decorate_type,property_right_year,house_type,community_facility,people_car_separate,property_fee_high,property_fee_villa,property_company,park_total,park_sell_num,park_ratio,facade_material,self_hold_rate,build_area,land_area,house_total,plot_ratio,green_rate,project_company,brand_list,land_price,land_unit_price,land_buy_date,edu_support,traffic_support,medical_support,business_support,view_support,longitude,latitude,sort,deleted,create_time,update_time FROM loupan WHERE deleted=0 AND (sales_status IN (?)) ORDER BY sort DESC,create_time DESC LIMIT ?
2026-10-05T17:46:40.634+08:00 DEBUG 11360 --- [fang123-backend] [nio-8090-exec-5] c.f.m.L.selectList                       : ==> Parameters: 2026-09-28(LocalDate), 2026-10-05(LocalDate)
2026-10-05T17:46:40.634+08:00 DEBUG 11360 --- [fang123-backend] [nio-8090-exec-3] c.f.mapper.LoupanMapper.selectList       : ==> Parameters: 1(Integer), 12(Long)
2026-10-05T17:46:40.635+08:00 DEBUG 11360 --- [fang123-backend] [nio-8090-exec-5] c.f.m.L.selectList                       : <==      Total: 0
2026-10-05T17:46:40.635+08:00 DEBUG 11360 --- [fang123-backend] [nio-8090-exec-5] c.f.c.LoupanSpotlightController          : [spotlight] counts today=2026-10-05 presale=0 opening=0
2026-10-05T17:46:40.660+08:00 DEBUG 11360 --- [fang123-backend] [nio-8090-exec-1] c.f.mapper.LoupanMapper.selectList       : <==      Total: 2
2026-10-05T17:46:40.661+08:00 DEBUG 11360 --- [fang123-backend] [nio-8090-exec-3] c.f.mapper.LoupanMapper.selectList       : <==      Total: 2
2026-10-05T17:46:42.373+08:00 DEBUG 11360 --- [fang123-backend] [nio-8090-exec-2] o.s.security.web.FilterChainProxy        : Securing GET /api/public/loupan-spotlight/counts
2026-10-05T17:46:42.376+08:00 DEBUG 11360 --- [fang123-backend] [nio-8090-exec-6] o.s.security.web.FilterChainProxy        : Securing GET /api/public/loupan-filters
2026-10-05T17:46:42.383+08:00 DEBUG 11360 --- [fang123-backend] [nio-8090-exec-2] o.s.s.w.a.AnonymousAuthenticationFilter  : Set SecurityContextHolder to anonymous SecurityContext
2026-10-05T17:46:42.383+08:00 DEBUG 11360 --- [fang123-backend] [nio-8090-exec-6] o.s.s.w.a.AnonymousAuthenticationFilter  : Set SecurityContextHolder to anonymous SecurityContext
2026-10-05T17:46:42.383+08:00 DEBUG 11360 --- [fang123-backend] [nio-8090-exec-6] o.s.security.web.FilterChainProxy        : Secured GET /api/public/loupan-filters
2026-10-05T17:46:42.383+08:00 DEBUG 11360 --- [fang123-backend] [nio-8090-exec-2] o.s.security.web.FilterChainProxy        : Secured GET /api/public/loupan-spotlight/counts
2026-10-05T17:46:42.384+08:00 DEBUG 11360 --- [fang123-backend] [nio-8090-exec-6] c.f.mapper.LoupanMapper.selectList       : ==>  Preparing: SELECT id,land_id,land_no,cover_image,project_name,short_name,district,plate,avg_unit_price,avg_unit_price_yangfang,avg_unit_price_dieshu,avg_unit_price_paiwu,min_total_price,max_total_price,price_tag,sales_address,sales_status,sales_tel,project_address,show_house_desc,opening_date,delivery_date,floor_height_min,floor_height_max,building_total,floor_min,floor_max,area_min,area_max,decorate_type,property_right_year,house_type,community_facility,people_car_separate,property_fee_high,property_fee_villa,property_company,park_total,park_sell_num,park_ratio,facade_material,self_hold_rate,build_area,land_area,house_total,plot_ratio,green_rate,project_company,brand_list,land_price,land_unit_price,land_buy_date,edu_support,traffic_support,medical_support,business_support,view_support,longitude,latitude,sort,deleted,create_time,update_time FROM loupan WHERE deleted=0
2026-10-05T17:46:42.384+08:00 DEBUG 11360 --- [fang123-backend] [nio-8090-exec-6] c.f.mapper.LoupanMapper.selectList       : ==> Parameters: 
2026-10-05T17:46:42.384+08:00 DEBUG 11360 --- [fang123-backend] [nio-8090-exec-2] c.f.m.L.selectList                       : ==>  Preparing: SELECT id,loupan_id,project_name,publicity_date,issue_date,develop_company,location,sale_address,sale_phone,online_sale_area,permit_no,permit_no_str,deleted,create_time,update_time FROM loupan_presale_permit WHERE deleted=0 AND (loupan_id IS NOT NULL AND publicity_date IS NOT NULL AND publicity_date <= ? AND issue_date IS NOT NULL AND issue_date > ? AND publicity_date < issue_date) ORDER BY publicity_date DESC,id DESC
2026-10-05T17:46:42.384+08:00 DEBUG 11360 --- [fang123-backend] [nio-8090-exec-2] c.f.m.L.selectList                       : ==> Parameters: 2026-10-05(LocalDate), 2026-10-05(LocalDate)
2026-10-05T17:46:42.385+08:00 DEBUG 11360 --- [fang123-backend] [nio-8090-exec-2] c.f.m.L.selectList                       : <==      Total: 0
2026-10-05T17:46:42.387+08:00 DEBUG 11360 --- [fang123-backend] [nio-8090-exec-2] c.f.m.L.selectList                       : ==>  Preparing: SELECT id,loupan_id,project_name,publicity_date,issue_date,develop_company,location,sale_address,sale_phone,online_sale_area,permit_no,permit_no_str,deleted,create_time,update_time FROM loupan_presale_permit WHERE deleted=0 AND (loupan_id IS NOT NULL AND issue_date IS NOT NULL AND issue_date >= ? AND issue_date <= ?) ORDER BY issue_date DESC,id DESC
2026-10-05T17:46:42.387+08:00 DEBUG 11360 --- [fang123-backend] [nio-8090-exec-2] c.f.m.L.selectList                       : ==> Parameters: 2026-09-28(LocalDate), 2026-10-05(LocalDate)
2026-10-05T17:46:42.387+08:00 DEBUG 11360 --- [fang123-backend] [nio-8090-exec-7] o.s.security.web.FilterChainProxy        : Securing GET /api/public/loupans?page=1&size=12&salesStatus=1
2026-10-05T17:46:42.387+08:00 DEBUG 11360 --- [fang123-backend] [nio-8090-exec-2] c.f.m.L.selectList                       : <==      Total: 0
2026-10-05T17:46:42.387+08:00 DEBUG 11360 --- [fang123-backend] [nio-8090-exec-2] c.f.c.LoupanSpotlightController          : [spotlight] counts today=2026-10-05 presale=0 opening=0
2026-10-05T17:46:42.388+08:00 DEBUG 11360 --- [fang123-backend] [nio-8090-exec-6] c.f.mapper.LoupanMapper.selectList       : <==      Total: 2
2026-10-05T17:46:42.388+08:00 DEBUG 11360 --- [fang123-backend] [nio-8090-exec-7] o.s.s.w.a.AnonymousAuthenticationFilter  : Set SecurityContextHolder to anonymous SecurityContext
2026-10-05T17:46:42.388+08:00 DEBUG 11360 --- [fang123-backend] [nio-8090-exec-7] o.s.security.web.FilterChainProxy        : Secured GET /api/public/loupans?page=1&size=12&salesStatus=1
2026-10-05T17:46:42.394+08:00 DEBUG 11360 --- [fang123-backend] [nio-8090-exec-7] c.f.m.LoupanMapper.selectList_mpCount    : ==>  Preparing: SELECT COUNT(*) AS total FROM loupan WHERE deleted = 0 AND (sales_status IN (?))
2026-10-05T17:46:42.394+08:00 DEBUG 11360 --- [fang123-backend] [nio-8090-exec-7] c.f.m.LoupanMapper.selectList_mpCount    : ==> Parameters: 1(Integer)
2026-10-05T17:46:42.395+08:00 DEBUG 11360 --- [fang123-backend] [nio-8090-exec-7] c.f.m.LoupanMapper.selectList_mpCount    : <==      Total: 1
2026-10-05T17:46:42.396+08:00 DEBUG 11360 --- [fang123-backend] [nio-8090-exec-7] c.f.mapper.LoupanMapper.selectList       : ==>  Preparing: SELECT id,land_id,land_no,cover_image,project_name,short_name,district,plate,avg_unit_price,avg_unit_price_yangfang,avg_unit_price_dieshu,avg_unit_price_paiwu,min_total_price,max_total_price,price_tag,sales_address,sales_status,sales_tel,project_address,show_house_desc,opening_date,delivery_date,floor_height_min,floor_height_max,building_total,floor_min,floor_max,area_min,area_max,decorate_type,property_right_year,house_type,community_facility,people_car_separate,property_fee_high,property_fee_villa,property_company,park_total,park_sell_num,park_ratio,facade_material,self_hold_rate,build_area,land_area,house_total,plot_ratio,green_rate,project_company,brand_list,land_price,land_unit_price,land_buy_date,edu_support,traffic_support,medical_support,business_support,view_support,longitude,latitude,sort,deleted,create_time,update_time FROM loupan WHERE deleted=0 AND (sales_status IN (?)) ORDER BY sort DESC,create_time DESC LIMIT ?
2026-10-05T17:46:42.396+08:00 DEBUG 11360 --- [fang123-backend] [nio-8090-exec-7] c.f.mapper.LoupanMapper.selectList       : ==> Parameters: 1(Integer), 12(Long)
2026-10-05T17:46:42.400+08:00 DEBUG 11360 --- [fang123-backend] [nio-8090-exec-7] c.f.mapper.LoupanMapper.selectList       : <==      Total: 2
2026-10-05T17:47:08.619+08:00 DEBUG 11360 --- [fang123-backend] [nio-8090-exec-4] o.s.security.web.FilterChainProxy        : Securing GET /api/public/loupan-spotlight/counts
2026-10-05T17:47:08.619+08:00 DEBUG 11360 --- [fang123-backend] [nio-8090-exec-9] o.s.security.web.FilterChainProxy        : Securing GET /api/public/loupans?page=1&size=12&salesStatus=1
2026-10-05T17:47:08.619+08:00 DEBUG 11360 --- [fang123-backend] [nio-8090-exec-8] o.s.security.web.FilterChainProxy        : Securing GET /api/public/loupan-filters
2026-10-05T17:47:08.623+08:00 DEBUG 11360 --- [fang123-backend] [nio-8090-exec-9] o.s.s.w.a.AnonymousAuthenticationFilter  : Set SecurityContextHolder to anonymous SecurityContext
2026-10-05T17:47:08.623+08:00 DEBUG 11360 --- [fang123-backend] [nio-8090-exec-8] o.s.s.w.a.AnonymousAuthenticationFilter  : Set SecurityContextHolder to anonymous SecurityContext
2026-10-05T17:47:08.623+08:00 DEBUG 11360 --- [fang123-backend] [nio-8090-exec-8] o.s.security.web.FilterChainProxy        : Secured GET /api/public/loupan-filters
2026-10-05T17:47:08.623+08:00 DEBUG 11360 --- [fang123-backend] [nio-8090-exec-9] o.s.security.web.FilterChainProxy        : Secured GET /api/public/loupans?page=1&size=12&salesStatus=1
2026-10-05T17:47:08.623+08:00 DEBUG 11360 --- [fang123-backend] [nio-8090-exec-4] o.s.s.w.a.AnonymousAuthenticationFilter  : Set SecurityContextHolder to anonymous SecurityContext
2026-10-05T17:47:08.623+08:00 DEBUG 11360 --- [fang123-backend] [nio-8090-exec-4] o.s.security.web.FilterChainProxy        : Secured GET /api/public/loupan-spotlight/counts
2026-10-05T17:47:08.626+08:00 DEBUG 11360 --- [fang123-backend] [nio-8090-exec-4] c.f.m.L.selectList                       : ==>  Preparing: SELECT id,loupan_id,project_name,publicity_date,issue_date,develop_company,location,sale_address,sale_phone,online_sale_area,permit_no,permit_no_str,deleted,create_time,update_time FROM loupan_presale_permit WHERE deleted=0 AND (loupan_id IS NOT NULL AND publicity_date IS NOT NULL AND publicity_date <= ? AND issue_date IS NOT NULL AND issue_date > ? AND publicity_date < issue_date) ORDER BY publicity_date DESC,id DESC
2026-10-05T17:47:08.626+08:00 DEBUG 11360 --- [fang123-backend] [nio-8090-exec-8] c.f.mapper.LoupanMapper.selectList       : ==>  Preparing: SELECT id,land_id,land_no,cover_image,project_name,short_name,district,plate,avg_unit_price,avg_unit_price_yangfang,avg_unit_price_dieshu,avg_unit_price_paiwu,min_total_price,max_total_price,price_tag,sales_address,sales_status,sales_tel,project_address,show_house_desc,opening_date,delivery_date,floor_height_min,floor_height_max,building_total,floor_min,floor_max,area_min,area_max,decorate_type,property_right_year,house_type,community_facility,people_car_separate,property_fee_high,property_fee_villa,property_company,park_total,park_sell_num,park_ratio,facade_material,self_hold_rate,build_area,land_area,house_total,plot_ratio,green_rate,project_company,brand_list,land_price,land_unit_price,land_buy_date,edu_support,traffic_support,medical_support,business_support,view_support,longitude,latitude,sort,deleted,create_time,update_time FROM loupan WHERE deleted=0
2026-10-05T17:47:08.627+08:00 DEBUG 11360 --- [fang123-backend] [nio-8090-exec-4] c.f.m.L.selectList                       : ==> Parameters: 2026-10-05(LocalDate), 2026-10-05(LocalDate)
2026-10-05T17:47:08.627+08:00 DEBUG 11360 --- [fang123-backend] [nio-8090-exec-8] c.f.mapper.LoupanMapper.selectList       : ==> Parameters: 
2026-10-05T17:47:08.631+08:00 DEBUG 11360 --- [fang123-backend] [nio-8090-exec-9] c.f.m.LoupanMapper.selectList_mpCount    : ==>  Preparing: SELECT COUNT(*) AS total FROM loupan WHERE deleted = 0 AND (sales_status IN (?))
2026-10-05T17:47:08.631+08:00 DEBUG 11360 --- [fang123-backend] [nio-8090-exec-9] c.f.m.LoupanMapper.selectList_mpCount    : ==> Parameters: 1(Integer)
2026-10-05T17:47:08.633+08:00 DEBUG 11360 --- [fang123-backend] [nio-8090-exec-9] c.f.m.LoupanMapper.selectList_mpCount    : <==      Total: 1
2026-10-05T17:47:08.633+08:00 DEBUG 11360 --- [fang123-backend] [nio-8090-exec-4] c.f.m.L.selectList                       : <==      Total: 0
2026-10-05T17:47:08.634+08:00 DEBUG 11360 --- [fang123-backend] [nio-8090-exec-4] c.f.m.L.selectList                       : ==>  Preparing: SELECT id,loupan_id,project_name,publicity_date,issue_date,develop_company,location,sale_address,sale_phone,online_sale_area,permit_no,permit_no_str,deleted,create_time,update_time FROM loupan_presale_permit WHERE deleted=0 AND (loupan_id IS NOT NULL AND issue_date IS NOT NULL AND issue_date >= ? AND issue_date <= ?) ORDER BY issue_date DESC,id DESC
2026-10-05T17:47:08.634+08:00 DEBUG 11360 --- [fang123-backend] [nio-8090-exec-9] c.f.mapper.LoupanMapper.selectList       : ==>  Preparing: SELECT id,land_id,land_no,cover_image,project_name,short_name,district,plate,avg_unit_price,avg_unit_price_yangfang,avg_unit_price_dieshu,avg_unit_price_paiwu,min_total_price,max_total_price,price_tag,sales_address,sales_status,sales_tel,project_address,show_house_desc,opening_date,delivery_date,floor_height_min,floor_height_max,building_total,floor_min,floor_max,area_min,area_max,decorate_type,property_right_year,house_type,community_facility,people_car_separate,property_fee_high,property_fee_villa,property_company,park_total,park_sell_num,park_ratio,facade_material,self_hold_rate,build_area,land_area,house_total,plot_ratio,green_rate,project_company,brand_list,land_price,land_unit_price,land_buy_date,edu_support,traffic_support,medical_support,business_support,view_support,longitude,latitude,sort,deleted,create_time,update_time FROM loupan WHERE deleted=0 AND (sales_status IN (?)) ORDER BY sort DESC,create_time DESC LIMIT ?
2026-10-05T17:47:08.634+08:00 DEBUG 11360 --- [fang123-backend] [nio-8090-exec-4] c.f.m.L.selectList                       : ==> Parameters: 2026-09-28(LocalDate), 2026-10-05(LocalDate)
2026-10-05T17:47:08.635+08:00 DEBUG 11360 --- [fang123-backend] [nio-8090-exec-4] c.f.m.L.selectList                       : <==      Total: 0
2026-10-05T17:47:08.635+08:00 DEBUG 11360 --- [fang123-backend] [nio-8090-exec-8] c.f.mapper.LoupanMapper.selectList       : <==      Total: 2
2026-10-05T17:47:08.635+08:00 DEBUG 11360 --- [fang123-backend] [nio-8090-exec-4] c.f.c.LoupanSpotlightController          : [spotlight] counts today=2026-10-05 presale=0 opening=0
2026-10-05T17:47:08.636+08:00 DEBUG 11360 --- [fang123-backend] [nio-8090-exec-9] c.f.mapper.LoupanMapper.selectList       : ==> Parameters: 1(Integer), 12(Long)
2026-10-05T17:47:08.640+08:00 DEBUG 11360 --- [fang123-backend] [nio-8090-exec-9] c.f.mapper.LoupanMapper.selectList       : <==      Total: 2
